"Registration Number","Registration Date","First Name","Middle Name","Last Name","Gender","Birth Date","Address.City/Village","Address.Pin Code","Address.District","Address.State"
"PERF93591012","2019-08-05","Mangalya","Malik","Pilla","M","1945-12-13","New Delhi","326350","New Delhi","Jharkhand"
"PERF15781013","2018-05-12","Priyala","Trivedi","Acharya","M","1980-03-11","Hyderabad","464656","Hyderabad","Andhra Pradesh"
"PERF11131014","2020-01-22","Dhananjay","Varman","Nair","M","2011-07-11","Visakhapatnam","322103","Visakhapatnam","Nagaland"
"PERF43021015","2023-03-13","Sushil","Varman","Johar","F","2022-10-10","Kolkata","252423","Kolkata","Kerala"
"PERF71881016","2016-03-25","Charvi","Desai","Ahluwalia","F","1982-06-01","New Delhi","987397","New Delhi","Jammu and Kashmir"
"PERF84511017","2021-02-06","Dipankar","Tagore","Somayaji","M","1967-06-04","Hyderabad","664205","Hyderabad","Tripura"
"PERF22631018","2021-07-25","Soma","Guha","Khan","M","2020-03-27","Hyderabad","548795","Hyderabad","Bihar"
"PERF16831019","2015-08-08","Adinath","Deshpande","Gowda","F","1984-12-09","Kolkata","110759","Kolkata","Gujarat"
"PERF78031020","2022-09-07","Shakuntala","Butt","Malik","F","1992-08-20","Hyderabad","857827","Hyderabad","Andaman and Nicobar Islands"
"PERF28821021","2021-12-26","Hiranmaya","Nehru","Nambeesan","F","1964-01-13","Hyderabad","506978","Hyderabad","Himachal Pradesh"
"PERF50211022","2017-01-10","Bakula","Adiga","Patil","F","1978-11-21","Chennai","727284","Chennai","Daman and Diu"
"PERF86061023","2024-03-26","Kamlesh","Bhattathiri","Mukhopadhyay","F","1947-07-12","New Delhi","152540","New Delhi","Assam"
"PERF3601024","2023-12-26","Chandravati","Bhattathiri","Johar","M","1966-03-11","Chennai","413635","Chennai","Delhi"
"PERF46971025","2019-03-05","Vaishno","Menon","Adiga","F","1954-05-20","Mumbai","224022","Mumbai","Bihar"
"PERF17831026","2018-07-21","Minakshi","Shah","Shukla","F","2009-06-18","Mumbai","607407","Mumbai","Orissa"
"PERF54081027","2019-09-23","Chaanakya","Sethi","Gupta","F","1935-11-02","Thiruvananthapuram","915288","Thiruvananthapuram","Madya Pradesh"
"PERF80321028","2021-05-05","Sucheta","Varma","Deshpande","F","1961-06-21","New Delhi","898206","New Delhi","Jharkhand"
"PERF8771029","2017-08-08","Suryakantam","Nehru","Patel","F","1999-09-08","New Delhi","285390","New Delhi","Assam"
"PERF72361030","2018-02-25","Chakor","Johar","Dhawan","F","1992-01-30","Mumbai","491654","Mumbai","Meghalaya"
"PERF26721031","2022-05-25","Sujata","Khatri","Varma","M","1995-02-10","New Delhi","746989","New Delhi","Jammu and Kashmir"
"PERF49391032","2023-07-26","Abhaidev","Namboothiri","Varrier","F","2002-01-23","Chennai","296446","Chennai","Karnataka"
"PERF74281033","2017-11-01","Ajit","Gowda","Pandey","M","1973-12-27","Kolkata","601310","Kolkata","Goa"
"PERF68041034","2024-07-07","Lila","Panicker","Naik","F","1956-07-12","Kolkata","654322","Kolkata","Lakshadweep"
"PERF71571035","2018-02-16","Gorakhanatha","Mishra","Kocchar","M","1933-04-14","New Delhi","543749","New Delhi","Meghalaya"
"PERF24821036","2016-12-09","Vaijayanti","Iyengar","Varman","F","1965-07-02","Thiruvananthapuram","495215","Thiruvananthapuram","Dadar and Nagar Haveli"
"PERF85331037","2018-02-26","Kamla","Patil","Dhawan","F","1994-02-01","Chennai","225353","Chennai","Gujarat"
"PERF12911038","2016-12-26","Atmananda","Bhattathiri","Varma","F","1999-02-21","Kolkata","414899","Kolkata","Arunachal Pradesh"
"PERF79751039","2022-01-21","Digambara","Sethi","Devar","M","2006-02-18","Visakhapatnam","311516","Visakhapatnam","Lakshadweep"
"PERF97461040","2019-05-14","Kanishka","Pilla","Nambeesan","M","2006-06-18","Bengaluru","341988","Bengaluru","Uttar Pradesh"
"PERF20121041","2015-07-30","Abhisyanta","Mukhopadhyay","Kaul","M","1971-10-20","Visakhapatnam","718785","Visakhapatnam","Madya Pradesh"
"PERF29081042","2020-02-25","Dipali","Malik","Sinha","F","1951-09-30","New Delhi","997832","New Delhi","Delhi"
"PERF42901043","2020-12-24","Suma","Malik","Banerjee","F","2018-04-05","Bengaluru","252639","Bengaluru","Karnataka"
"PERF99921044","2017-04-03","Parvati","Bhattathiri","Adiga","M","2018-11-25","Mumbai","893778","Mumbai","Lakshadweep"
"PERF31871045","2015-09-11","Hiranya","Khan","Arora","M","1974-09-06","Hyderabad","618855","Hyderabad","Sikkim"
"PERF14231046","2018-02-21","Bahula","Mehra","Tandon","F","2010-11-23","Thiruvananthapuram","941615","Thiruvananthapuram","Himachal Pradesh"
"PERF70431047","2023-06-13","Jitendra","Malik","Patil","F","2000-01-23","Visakhapatnam","947455","Visakhapatnam","Lakshadweep"
"PERF81791048","2018-07-22","Indira","Gupta","Pandey","M","2009-07-21","Visakhapatnam","357711","Visakhapatnam","Jharkhand"
"PERF46031049","2022-05-12","Sujata","Adiga","Johar","F","1982-11-24","Bengaluru","869283","Bengaluru","Karnataka"
"PERF48931050","2019-05-11","Brijesh","Namboothiri","Mahajan","M","1956-01-06","Kolkata","892018","Kolkata","Dadar and Nagar Haveli"
"PERF37531051","2020-01-19","Gobinda","Tagore","Pothuvaal","F","1996-06-13","Kolkata","666980","Kolkata","Daman and Diu"
"PERF2781052","2016-08-18","Subodh","Jha","Mukhopadhyay","M","2006-12-15","Bengaluru","610173","Bengaluru","Chandigarh"
"PERF62731053","2014-07-31","Dinesh","Nair","Gill","F","2022-03-10","Visakhapatnam","133631","Visakhapatnam","Uttaranchal"
"PERF10231054","2021-03-26","Sarla","Malik","Jha","F","1930-07-30","Thiruvananthapuram","292893","Thiruvananthapuram","Uttar Pradesh"
"PERF88371055","2021-07-26","Ameyatma","Varman","Talwar","M","1959-09-20","Kolkata","659494","Kolkata","Tamil Nadu"
"PERF86441056","2020-01-26","Giriraaj","Chaturvedi","Patel","F","1950-04-18","Visakhapatnam","454555","Visakhapatnam","Mizoram"
"PERF79941057","2015-03-23","Acaryatanaya","Dwivedi","Pilla","M","1936-01-04","Kolkata","702291","Kolkata","Karnataka"
"PERF70911058","2023-10-09","Amritambu","Nair","Rana","F","2023-06-15","Mumbai","590161","Mumbai","West Bengal"
"PERF46361059","2020-08-12","Aditeya","Bhattathiri","Johar","M","1930-12-11","Hyderabad","705250","Hyderabad","Daman and Diu"
"PERF40501060","2024-05-25","Agnivesh","Kocchar","Chaturvedi","F","1979-05-05","Visakhapatnam","318401","Visakhapatnam","Madya Pradesh"
"PERF64081061","2019-11-01","Digambara","Verma","Dhawan","F","2009-06-02","Bengaluru","635311","Bengaluru","Sikkim"
"PERF76231062","2014-06-28","Enakshi","Dwivedi","Achari","F","1967-09-10","Kolkata","017177","Kolkata","Meghalaya"
"PERF48491063","2017-09-09","Devadatt","Sharma","Nehru","F","1959-01-21","Chennai","650667","Chennai","Gujarat"
"PERF51771064","2022-04-16","Avadhesh","Saini","Varman","F","1959-02-07","Thiruvananthapuram","006093","Thiruvananthapuram","Tripura"
"PERF94911065","2019-03-15","Chidaatma","Mehrotra","Rana","M","1973-04-10","Bengaluru","108166","Bengaluru","Madya Pradesh"
"PERF30041066","2014-07-24","Bhaasvan","Trivedi","Guha","F","2015-10-26","Kolkata","869239","Kolkata","Andhra Pradesh"
"PERF86521067","2017-11-18","Anang","Nair","Deshpande","M","1949-11-29","Chennai","704261","Chennai","Karnataka"
"PERF3221068","2021-10-16","Meena","Iyer","Talwar","F","1994-08-31","Hyderabad","867046","Hyderabad","Mizoram"
"PERF47221069","2020-04-08","Chandrabhaga","Desai","Bhattacharya","M","1930-07-14","New Delhi","087286","New Delhi","Punjab"
"PERF1491070","2019-07-06","Bharadwaj","Varman","Bhattathiri","M","1954-11-30","Mumbai","476144","Mumbai","Andaman and Nicobar Islands"
"PERF93021071","2019-06-06","Karunanidhi","Malik","Pillai","F","1959-07-28","Visakhapatnam","662053","Visakhapatnam","Assam"
"PERF71771072","2019-09-26","Dhruv","Gandhi","Shah","M","2018-10-30","Kolkata","861734","Kolkata","Kerala"
"PERF67671073","2020-01-01","Chandraprabha","Sharma","Rana","F","2000-05-07","Hyderabad","663181","Hyderabad","Delhi"
"PERF94941074","2015-05-15","Kali","Trivedi","Tandon","F","1985-01-22","Visakhapatnam","172944","Visakhapatnam","West Bengal"
"PERF14191075","2024-02-26","Naveen","Mehrotra","Marar","M","1997-03-05","Visakhapatnam","913728","Visakhapatnam","Orissa"
"PERF31481076","2014-07-29","Sushil","Achari","Dwivedi","M","1997-12-09","Chennai","252653","Chennai","Assam"
"PERF15751077","2018-06-27","Aayushman","Nair","Patel","M","1935-07-02","Visakhapatnam","016462","Visakhapatnam","Tripura"
"PERF22151078","2024-01-23","Chakravarti","Iyer","Kocchar","M","1959-03-08","Kolkata","011663","Kolkata","Mizoram"
"PERF16871079","2014-03-02","Anjushree","Naik","Somayaji","F","2008-03-24","New Delhi","933419","New Delhi","Pondicherry"
"PERF5051080","2015-10-26","Kama","Varrier","Embranthiri","M","1979-07-04","New Delhi","475150","New Delhi","Meghalaya"
"PERF21041081","2015-05-05","Inder","Guneta","Pandey","M","1950-08-07","Visakhapatnam","380639","Visakhapatnam","Chhattisgarh"
"PERF70551082","2019-06-11","Harinakshi","Dhawan","Mukhopadhyay","F","1958-02-07","Hyderabad","414925","Hyderabad","Chandigarh"
"PERF79461083","2015-10-01","Manjusha","Malik","Sethi","M","1962-07-04","Bengaluru","354861","Bengaluru","Tripura"
"PERF4841084","2022-06-24","Bhagvan","Nair","Malik","M","1994-04-14","Visakhapatnam","370971","Visakhapatnam","Sikkim"
"PERF80831085","2020-12-30","Aagney","Mishra","Menon","F","1992-07-02","New Delhi","909377","New Delhi","Jharkhand"
"PERF50981086","2023-10-17","Vasudha","Achari","Bhat","F","1962-05-07","Chennai","633909","Chennai","Jammu and Kashmir"
"PERF22291087","2016-06-28","Dron","Varma","Adiga","M","2022-03-22","Thiruvananthapuram","013455","Thiruvananthapuram","Uttaranchal"
"PERF70551088","2016-04-10","Sher","Chaturvedi","Dhawan","F","1995-06-09","Thiruvananthapuram","840622","Thiruvananthapuram","Uttar Pradesh"
"PERF43121089","2024-04-05","Jahnu","Dubashi","Ganaka","F","1997-12-23","Visakhapatnam","824409","Visakhapatnam","Tripura"
"PERF22911090","2022-09-26","Agniprava","Ahluwalia","Somayaji","M","2020-07-05","Kolkata","481255","Kolkata","Himachal Pradesh"
"PERF96111091","2017-09-07","Vaijayanti","Somayaji","Mahajan","M","2017-06-30","Bengaluru","695200","Bengaluru","Punjab"
"PERF18081092","2016-12-06","Aryan","Jha","Trivedi","F","2011-12-10","Visakhapatnam","962023","Visakhapatnam","Delhi"
"PERF97571093","2019-03-14","Chakravartee","Singh","Bhattacharya","M","1934-10-08","Bengaluru","614575","Bengaluru","Meghalaya"
"PERF53231094","2020-04-18","Shankar","Khatri","Tagore","F","1966-06-16","Bengaluru","293551","Bengaluru","Punjab"
"PERF87051095","2016-09-23","Rameshwar","Marar","Iyer","F","1955-04-04","Visakhapatnam","142986","Visakhapatnam","Himachal Pradesh"
"PERF95831096","2015-08-07","Yogesh","Pandey","Tandon","F","1978-11-11","Kolkata","755820","Kolkata","Maharashtra"
"PERF87921097","2016-03-31","Mangalya","Nair","Mehra","M","1950-08-31","Mumbai","265335","Mumbai","Lakshadweep"
"PERF93451098","2019-11-18","Ganaka","Joshi","Desai","F","1997-07-30","Visakhapatnam","705180","Visakhapatnam","Jammu and Kashmir"
"PERF97431099","2020-10-15","Prasanna","Chaturvedi","Gill","M","1956-12-25","Kolkata","711460","Kolkata","Sikkim"
"PERF63101100","2014-04-09","Akshayakeerti","Joshi","Mehra","M","1965-10-03","Mumbai","724532","Mumbai","Bihar"
"PERF19841101","2020-03-15","Bhramar","Talwar","Achari","M","1942-07-10","Chennai","765813","Chennai","Haryana"
"PERF85361102","2016-01-23","Bandhul","Acharya","Jain","F","1978-03-10","Chennai","316038","Chennai","Kerala"
"PERF88141103","2019-06-14","Mahesh","Bandopadhyay","Naik","F","1944-03-20","Mumbai","225054","Mumbai","Lakshadweep"
"PERF80161104","2017-10-17","Ranjit","Kaul","Pilla","F","2020-11-16","New Delhi","110131","New Delhi","Bihar"
"PERF53601105","2017-06-15","Dharani","Khatri","Varrier","M","1984-03-24","Hyderabad","320784","Hyderabad","Jharkhand"
"PERF38781106","2024-01-06","Adityanandan","Butt","Nair","F","2022-12-29","Thiruvananthapuram","013362","Thiruvananthapuram","Goa"
"PERF13841107","2015-08-11","Chandra","Varma","Guha","F","1954-04-17","Mumbai","921890","Mumbai","Delhi"
"PERF92911108","2014-02-20","Minakshi","Tagore","Acharya","M","1951-10-18","Chennai","425431","Chennai","Tamil Nadu"
"PERF48371109","2024-07-16","Anaadi","Mehrotra","Khanna","F","1955-12-16","Bengaluru","174151","Bengaluru","Uttar Pradesh"
"PERF64151110","2017-11-16","Anasuya","Adiga","Dwivedi","M","2000-12-16","Kolkata","857528","Kolkata","Arunachal Pradesh"
"PERF17081111","2018-08-04","Devesh","Ganaka","Guneta","M","2023-11-04","Thiruvananthapuram","887688","Thiruvananthapuram","Uttaranchal"
"PERF96231112","2015-07-12","Rajinder","Mahajan","Kapoor","M","1938-04-05","Visakhapatnam","585144","Visakhapatnam","Delhi"
"PERF92601113","2024-03-31","Ganaka","Agarwal","Saini","M","1939-09-16","Thiruvananthapuram","755585","Thiruvananthapuram","Jharkhand"
"PERF26381114","2021-11-01","Arun","Dubashi","Joshi","F","1979-02-08","Mumbai","307734","Mumbai","Chhattisgarh"
"PERF72401115","2019-07-17","Daevika","Dwivedi","Mehra","F","1987-05-07","Bengaluru","624740","Bengaluru","Meghalaya"
"PERF47571116","2019-05-23","Devdan","Gowda","Kaur","F","1934-07-11","Hyderabad","448791","Hyderabad","Uttar Pradesh"
"PERF22781117","2017-03-03","Meghnath","Kapoor","Somayaji","F","1954-02-20","Hyderabad","431302","Hyderabad","Madya Pradesh"
"PERF66051118","2014-12-27","Bhardwaj","Pillai","Kaniyar","M","2009-08-24","Visakhapatnam","048317","Visakhapatnam","Madya Pradesh"
"PERF32291119","2019-01-30","Vidhur","Jain","Khan","F","1973-10-13","Kolkata","563162","Kolkata","Jharkhand"
"PERF80091120","2022-12-02","Chitraksh","Somayaji","Khan","F","2020-05-05","Hyderabad","628812","Hyderabad","Gujarat"
"PERF52841121","2014-10-06","Swapnil","Mahajan","Sethi","F","1969-11-11","Chennai","240692","Chennai","West Bengal"
"PERF13531122","2018-07-17","Avantika","Ahluwalia","Malik","M","2008-02-10","Hyderabad","477215","Hyderabad","Goa"
"PERF60151123","2022-08-18","Bhoj","Acharya","Bharadwaj","F","1967-01-17","Hyderabad","384172","Hyderabad","Rajasthan"
"PERF56731124","2019-04-09","Dhaanyalakshmi","Trivedi","Adiga","M","1997-05-17","Kolkata","428844","Kolkata","Goa"
"PERF76601125","2018-01-07","Devvrat","Devar","Pandey","M","1973-04-07","Mumbai","300838","Mumbai","Rajasthan"
"PERF68321126","2022-06-05","Vaishnavi","Agarwal","Nayar","F","2005-04-30","Visakhapatnam","441679","Visakhapatnam","Chandigarh"
"PERF47381127","2020-03-31","Achyut","Bhat","Kapoor","F","1977-05-29","Thiruvananthapuram","287000","Thiruvananthapuram","Tripura"
"PERF36441128","2019-12-31","Bhardwaj","Achari","Varman","F","1940-10-21","Mumbai","875672","Mumbai","Tamil Nadu"
"PERF95701129","2024-06-21","Gorakhnath","Achari","Kakkar","F","1978-10-30","New Delhi","343956","New Delhi","Goa"
"PERF38911130","2018-03-16","Devasree","Reddy","Khanna","F","1945-03-07","Kolkata","570209","Kolkata","Daman and Diu"
"PERF45271131","2020-08-14","Bharadwaj","Bhat","Sinha","M","1989-09-13","Visakhapatnam","291084","Visakhapatnam","Meghalaya"
"PERF71001132","2014-04-30","Dayaanidhi","Nambeesan","Nambeesan","M","1956-12-28","Kolkata","595543","Kolkata","Pondicherry"
"PERF26561133","2015-06-23","Damodara","Nayar","Guha","M","2019-08-25","Kolkata","650176","Kolkata","Delhi"
"PERF95891134","2023-06-08","Laal","Patil","Jain","M","1995-11-02","Visakhapatnam","171444","Visakhapatnam","Delhi"
"PERF52941135","2021-12-13","Chandra","Nambeesan","Tagore","F","1956-07-16","Chennai","802960","Chennai","Meghalaya"
"PERF53981136","2018-05-20","Gajabahu","Jha","Embranthiri","M","2013-09-10","Chennai","057004","Chennai","Assam"
"PERF96161137","2021-09-05","Datta","Chaturvedi","Mishra","F","1999-11-09","Mumbai","555241","Mumbai","Chandigarh"
"PERF1061138","2019-04-29","Manik","Banerjee","Desai","F","2015-01-16","Bengaluru","715366","Bengaluru","Meghalaya"
"PERF24261139","2015-11-16","Bhagwanti","Shah","Pilla","F","2022-01-06","New Delhi","325177","New Delhi","Pondicherry"
"PERF17331140","2018-04-13","Dhyaneshwar","Shah","Saini","F","1998-05-16","Thiruvananthapuram","989931","Thiruvananthapuram","West Bengal"
"PERF5251141","2017-07-21","Mohana","Dwivedi","Guneta","F","1937-04-21","Kolkata","221165","Kolkata","Pondicherry"
"PERF67291142","2016-11-07","Preity","Pothuvaal","Nehru","M","2014-12-11","Chennai","106444","Chennai","Jammu and Kashmir"
"PERF73931143","2014-04-21","Dron","Kakkar","Namboothiri","F","1965-09-11","Bengaluru","178603","Bengaluru","Andhra Pradesh"
"PERF27791144","2022-04-01","Lila","Bhattathiri","Adiga","F","1962-11-03","Visakhapatnam","352014","Visakhapatnam","Madya Pradesh"
"PERF73821145","2016-05-30","Puneet","Gandhi","Gandhi","F","1992-07-09","Kolkata","215937","Kolkata","Pondicherry"
"PERF51151146","2023-04-06","Dron","Kaniyar","Achari","M","1989-07-09","Bengaluru","643865","Bengaluru","Punjab"
"PERF87211147","2016-06-22","Swami","Dwivedi","Mehra","F","2020-04-13","Mumbai","445316","Mumbai","Bihar"
"PERF31131148","2024-01-25","Chiranjeev","Achari","Abbott","F","1981-11-16","Visakhapatnam","230964","Visakhapatnam","Maharashtra"
"PERF61711149","2023-02-04","Charumati","Dhawan","Bhattathiri","M","1956-05-11","Bengaluru","525898","Bengaluru","Karnataka"
"PERF13711150","2021-04-20","Charumati","Varrier","Adiga","M","1963-07-23","Hyderabad","768065","Hyderabad","Andaman and Nicobar Islands"
"PERF4291151","2014-12-16","Ojaswini","Dutta","Shah","M","1975-02-10","Bengaluru","524057","Bengaluru","Dadar and Nagar Haveli"
"PERF32661152","2019-10-23","Anamika","Chopra","Agarwal","M","1939-09-14","Mumbai","426534","Mumbai","Mizoram"
"PERF22071153","2023-01-07","Dharmaketu","Gandhi","Banerjee","M","2009-02-25","Visakhapatnam","186837","Visakhapatnam","Daman and Diu"
"PERF58441154","2018-04-29","Malati","Arora","Varma","F","1990-11-19","New Delhi","961573","New Delhi","Orissa"
"PERF36221155","2018-08-29","Baladitya","Talwar","Guha","M","2005-07-20","Visakhapatnam","498714","Visakhapatnam","Lakshadweep"
"PERF71811156","2017-05-13","Mina","Banerjee","Bhattathiri","M","2018-03-26","Visakhapatnam","977689","Visakhapatnam","Himachal Pradesh"
"PERF58771157","2022-07-02","Chandrakala","Somayaji","Jha","F","1953-02-17","Hyderabad","644844","Hyderabad","Nagaland"
"PERF89501158","2015-03-29","Vasudeva","Chopra","Gupta","F","2016-11-09","Thiruvananthapuram","992403","Thiruvananthapuram","Jharkhand"
"PERF83711159","2018-10-30","Abhaya","Patel","Adiga","F","2022-10-20","Visakhapatnam","684355","Visakhapatnam","Chandigarh"
"PERF51681160","2021-11-12","Kanak","Butt","Achari","M","1986-06-10","Visakhapatnam","487497","Visakhapatnam","Lakshadweep"
"PERF93961161","2019-10-25","Gajabahu","Reddy","Gowda","M","1960-04-08","Kolkata","174240","Kolkata","Maharashtra"
"PERF56501162","2023-02-17","Deeptiman","Bharadwaj","Rana","F","1984-06-20","Kolkata","757964","Kolkata","Maharashtra"
"PERF56421163","2019-04-23","Ganaka","Bharadwaj","Bandopadhyay","F","1988-09-15","Thiruvananthapuram","908732","Thiruvananthapuram","Goa"
"PERF88861164","2019-06-30","Vishnu","Nayar","Desai","F","2009-02-05","Visakhapatnam","034830","Visakhapatnam","Karnataka"
"PERF90911165","2014-08-15","Susheel","Bandopadhyay","Kakkar","M","1982-10-13","Visakhapatnam","997787","Visakhapatnam","Manipur"
"PERF86821166","2022-09-05","Chitramala","Nehru","Shah","F","2000-08-17","Visakhapatnam","539046","Visakhapatnam","Tripura"
"PERF14141167","2023-09-13","Ganapati","Malik","Nayar","M","1966-12-08","Chennai","760559","Chennai","Madya Pradesh"
"PERF75141168","2020-02-01","Amodini","Pothuvaal","Nambeesan","M","1974-03-19","Kolkata","492839","Kolkata","Assam"
"PERF38541169","2015-07-04","Rajinder","Nayar","Ahuja","M","2004-08-05","Visakhapatnam","657474","Visakhapatnam","Maharashtra"
"PERF81951170","2015-06-30","Mahendra","Nehru","Abbott","M","1986-06-17","Chennai","135143","Chennai","Goa"
"PERF37601171","2017-01-27","Lavanya","Agarwal","Saini","M","1978-01-02","Hyderabad","291575","Hyderabad","Mizoram"
"PERF10511172","2021-07-09","Devasree","Varma","Guha","F","1984-04-30","Kolkata","735777","Kolkata","Himachal Pradesh"
"PERF61591173","2023-02-01","Mukesh","Mukhopadhyay","Chaturvedi","M","1942-08-20","Chennai","548420","Chennai","Orissa"
"PERF71881174","2022-01-09","Vedanga","Mehrotra","Tandon","F","1975-01-19","Thiruvananthapuram","003752","Thiruvananthapuram","Nagaland"
"PERF89821175","2020-11-20","Kannen","Khan","Talwar","M","2014-03-20","Chennai","634824","Chennai","West Bengal"
"PERF23271176","2015-02-27","Anuja","Patil","Tandon","F","2007-03-28","Thiruvananthapuram","103973","Thiruvananthapuram","Chandigarh"
"PERF19901177","2022-06-12","Param","Shukla","Guneta","F","1978-03-26","New Delhi","648107","New Delhi","Dadar and Nagar Haveli"
"PERF61651178","2021-06-13","Akshainie","Khanna","Ganaka","F","1936-02-13","Chennai","317125","Chennai","Jharkhand"
"PERF55911179","2021-04-24","Tapan","Butt","Kocchar","M","1946-09-13","Kolkata","069461","Kolkata","Uttar Pradesh"
"PERF32161180","2017-04-06","Ghanaanand","Pothuvaal","Bhattacharya","F","1945-01-09","Hyderabad","732328","Hyderabad","Pondicherry"
"PERF41951181","2018-07-22","Karthik","Varman","Ahuja","M","1964-05-30","Bengaluru","630617","Bengaluru","Bihar"
"PERF91371182","2014-04-14","Chandira","Dubashi","Varman","F","2012-07-25","Thiruvananthapuram","198609","Thiruvananthapuram","Chhattisgarh"
"PERF91891183","2021-11-13","Ambar","Bhattacharya","Adiga","F","1972-12-01","Hyderabad","437080","Hyderabad","Tripura"
"PERF86831184","2021-05-21","Tej","Nehru","Prajapat","M","1945-06-28","Kolkata","845632","Kolkata","Orissa"
"PERF67281185","2023-02-14","Budhil","Kaur","Sharma","M","1931-07-18","Hyderabad","048174","Hyderabad","Punjab"
"PERF67561186","2017-02-08","Rajan","Shah","Iyengar","M","2003-06-22","Mumbai","403982","Mumbai","Punjab"
"PERF96821187","2022-03-26","Deepan","Sharma","Kakkar","M","1939-08-04","Bengaluru","237598","Bengaluru","Jammu and Kashmir"
"PERF93721188","2023-10-21","Anusuya","Khatri","Mahajan","M","1933-08-20","Mumbai","142998","Mumbai","Chandigarh"
"PERF51601189","2018-11-29","Sher","Naik","Verma","F","1949-12-30","Visakhapatnam","921536","Visakhapatnam","Maharashtra"
"PERF94381190","2022-12-12","Maheswar","Gill","Dhawan","F","1990-02-09","Hyderabad","841717","Hyderabad","Himachal Pradesh"
"PERF21961191","2019-10-07","Manisha","Guha","Verma","M","2020-08-09","Mumbai","521538","Mumbai","Madya Pradesh"
"PERF11631192","2018-05-18","Sher","Deshpande","Butt","M","2013-01-12","Kolkata","561161","Kolkata","Daman and Diu"
"PERF13551193","2015-02-25","Prayag","Devar","Kaniyar","M","1978-08-11","Kolkata","483080","Kolkata","Arunachal Pradesh"
"PERF50071194","2018-10-30","Swara","Sharma","Desai","F","1987-08-01","Chennai","619765","Chennai","Chandigarh"
"PERF98421195","2016-06-08","Dayaananda","Banerjee","Kocchar","F","1983-09-15","Chennai","421706","Chennai","Pondicherry"
"PERF58751196","2014-12-02","Hiranya","Trivedi","Bharadwaj","F","1944-04-13","Visakhapatnam","780654","Visakhapatnam","Pondicherry"
"PERF64081197","2019-08-23","Chidaatma","Mishra","Acharya","F","1984-05-18","Thiruvananthapuram","780304","Thiruvananthapuram","Uttaranchal"
"PERF99931198","2024-03-26","Chidananda","Mehra","Guha","F","1993-08-10","Bengaluru","719672","Bengaluru","Orissa"
"PERF45181199","2019-03-06","Prasad","Varrier","Khatri","M","2017-07-07","Thiruvananthapuram","383361","Thiruvananthapuram","Nagaland"
"PERF41741200","2023-03-16","Devadatt","Marar","Gandhi","F","1963-09-22","New Delhi","998592","New Delhi","Orissa"
"PERF56251201","2019-05-25","Amarnath","Panicker","Jain","M","1958-10-20","Bengaluru","473704","Bengaluru","Pondicherry"
"PERF60021202","2023-04-09","Aaryan","Saini","Shukla","M","2012-08-30","Hyderabad","228521","Hyderabad","Madya Pradesh"
"PERF71131203","2023-05-05","Anuja","Verma","Kaul","M","1983-09-29","Hyderabad","584875","Hyderabad","Himachal Pradesh"
"PERF13551204","2014-08-26","Brajesh","Kakkar","Namboothiri","M","1986-03-14","New Delhi","947533","New Delhi","Arunachal Pradesh"
"PERF24121205","2021-11-12","Chandani","Nayar","Ahuja","M","1998-04-07","Hyderabad","143332","Hyderabad","Meghalaya"
"PERF56161206","2022-06-28","Chandan","Khanna","Ahluwalia","F","2006-02-12","Hyderabad","786273","Hyderabad","West Bengal"
"PERF78831207","2023-02-20","Rageswari","Ganaka","Panicker","F","1960-09-18","Hyderabad","998358","Hyderabad","Karnataka"
"PERF44101208","2020-11-26","Devvrat","Arora","Shah","F","1942-09-09","Mumbai","878243","Mumbai","Jharkhand"
"PERF85731209","2014-10-06","Govinda","Varrier","Saini","F","1941-07-26","Bengaluru","786008","Bengaluru","Chandigarh"
"PERF25081210","2019-07-29","Gopaal","Nambeesan","Acharya","M","1989-12-05","Chennai","802840","Chennai","Uttar Pradesh"
"PERF81851211","2021-10-21","Suresh","Gowda","Bharadwaj","F","1949-09-26","Chennai","358339","Chennai","Tripura"
"PERF79631212","2016-08-04","Ahilya","Joshi","Adiga","M","1984-11-11","Hyderabad","809983","Hyderabad","Kerala"
"PERF42211213","2022-06-27","Lal","Sethi","Adiga","F","1962-09-09","Kolkata","289695","Kolkata","Andhra Pradesh"
"PERF1761214","2021-10-29","Sanjay","Panicker","Jha","M","2006-06-23","Bengaluru","388653","Bengaluru","Jharkhand"
"PERF88211215","2016-12-18","Deeksha","Guha","Jha","F","1976-10-19","Visakhapatnam","675340","Visakhapatnam","Jharkhand"
"PERF96181216","2024-05-19","Leela","Embranthiri","Varrier","M","2005-05-12","Mumbai","380330","Mumbai","Sikkim"
"PERF87981217","2016-01-19","Chakradhar","Butt","Mahajan","M","1976-02-19","Kolkata","692553","Kolkata","Maharashtra"
"PERF90011218","2024-02-13","Amarnath","Deshpande","Khanna","M","1933-01-24","Hyderabad","256666","Hyderabad","Dadar and Nagar Haveli"
"PERF30741219","2018-11-13","Dandapaani","Swarup","Acharya","M","1959-06-06","Mumbai","042453","Mumbai","Bihar"
"PERF75741220","2015-07-23","Bela","Patil","Bhattacharya","F","1942-09-05","Mumbai","216973","Mumbai","Sikkim"
"PERF62451221","2017-09-03","Aayushmaan","Deshpande","Banerjee","M","1944-03-24","Chennai","104034","Chennai","Nagaland"
"PERF31741222","2022-08-25","Akshaj","Arora","Kapoor","F","1986-07-02","Kolkata","783737","Kolkata","Arunachal Pradesh"
"PERF8851223","2023-12-24","Gouranga","Asan","Panicker","F","1935-08-25","Bengaluru","779643","Bengaluru","Sikkim"
"PERF11661224","2016-08-02","Achalesvara","Pilla","Marar","M","2004-08-10","Mumbai","690582","Mumbai","Gujarat"
"PERF24401225","2024-05-03","Chiranjeev","Guha","Pilla","F","1936-06-16","Chennai","411538","Chennai","Jharkhand"
"PERF50641226","2019-08-30","Vidhya","Nayar","Abbott","M","1979-04-29","Hyderabad","692259","Hyderabad","Daman and Diu"
"PERF54141227","2014-04-07","Bandhu","Menon","Jha","F","1949-12-19","Kolkata","430826","Kolkata","Tripura"
"PERF6271228","2020-02-06","Adripathi","Ganaka","Varrier","M","1938-10-06","Mumbai","818738","Mumbai","Jharkhand"
"PERF25111229","2016-02-07","Agneya","Namboothiri","Chopra","F","1995-04-27","Thiruvananthapuram","265303","Thiruvananthapuram","Arunachal Pradesh"
"PERF85611230","2019-06-30","Dwaipayan","Gowda","Sharma","M","2006-07-27","Kolkata","280549","Kolkata","Pondicherry"
"PERF75021231","2023-05-05","Devak","Kapoor","Jain","F","1994-04-02","Bengaluru","528367","Bengaluru","Assam"
"PERF32021232","2015-09-09","Rageshwari","Iyengar","Khanna","M","1974-02-27","Bengaluru","928309","Bengaluru","Arunachal Pradesh"
"PERF54751233","2018-07-06","Yoginder","Khanna","Bhat","M","1964-06-05","Mumbai","510564","Mumbai","Karnataka"
"PERF9341234","2016-05-07","Balgopal","Kaur","Dubashi","F","2001-04-08","Kolkata","343074","Kolkata","Jharkhand"
"PERF91751235","2018-12-03","Dhyaneshwar","Bhat","Sinha","M","2015-09-13","Thiruvananthapuram","093079","Thiruvananthapuram","Gujarat"
"PERF46471236","2020-07-02","Kannan","Shah","Verma","F","2009-02-18","Visakhapatnam","894767","Visakhapatnam","Mizoram"
"PERF54421237","2017-09-08","Shreya","Kapoor","Shah","F","1946-07-07","Mumbai","595911","Mumbai","Tripura"
"PERF43011238","2016-06-27","Rajinder","Banerjee","Khan","F","1940-03-12","Bengaluru","248471","Bengaluru","Pondicherry"
"PERF62241239","2014-12-04","Deveshwar","Dutta","Namboothiri","F","1989-06-19","Hyderabad","153235","Hyderabad","Karnataka"
"PERF77471240","2020-11-19","Chinmayanand","Nehru","Menon","M","1980-11-12","Bengaluru","684156","Bengaluru","Andaman and Nicobar Islands"
"PERF18331241","2021-02-02","Trilochana","Patel","Joshi","F","2002-09-18","Mumbai","810961","Mumbai","Rajasthan"
"PERF71681242","2024-03-14","Tanushree","Kaur","Reddy","F","2023-07-20","Mumbai","051848","Mumbai","Tamil Nadu"
"PERF14471243","2023-05-19","Sachin","Patil","Joshi","F","1946-12-18","New Delhi","233810","New Delhi","Karnataka"
"PERF3281244","2019-02-17","Chaten","Kaur","Kakkar","F","1954-03-29","New Delhi","635390","New Delhi","Tripura"
"PERF39771245","2022-08-20","Sushil","Bhattathiri","Joshi","M","1977-03-31","New Delhi","029054","New Delhi","West Bengal"
"PERF9201246","2022-04-10","Arnesh","Embranthiri","Desai","M","2024-05-10","Kolkata","045147","Kolkata","Chhattisgarh"
"PERF25731247","2018-09-24","Amritambu","Gill","Mishra","M","1978-08-03","Chennai","304123","Chennai","Haryana"
"PERF38651248","2024-03-20","Bala","Iyengar","Nayar","F","1955-01-28","Mumbai","399097","Mumbai","Manipur"
"PERF93151249","2014-09-05","Aaryan","Embranthiri","Jain","M","1956-03-29","Chennai","316261","Chennai","Himachal Pradesh"
"PERF4681250","2018-08-02","Chakravartee","Khatri","Singh","M","1996-04-12","Chennai","357427","Chennai","Pondicherry"
"PERF68061251","2017-11-19","Karunanidhi","Mahajan","Gandhi","M","1972-10-23","Hyderabad","160425","Hyderabad","West Bengal"
"PERF47471252","2017-08-15","Jyotsana","Sethi","Bhattacharya","F","1942-01-07","New Delhi","186023","New Delhi","Gujarat"
"PERF49411253","2016-05-03","Acharyasuta","Chaturvedi","Rana","M","1974-01-07","Bengaluru","148334","Bengaluru","Meghalaya"
"PERF64001254","2020-03-07","Rohana","Bhat","Dhawan","F","1978-06-25","Mumbai","275370","Mumbai","Mizoram"
"PERF79591255","2017-07-12","Baalaaditya","Kapoor","Kaur","F","1942-04-04","Kolkata","467230","Kolkata","Jharkhand"
"PERF49991256","2015-03-26","Tara","Varma","Saini","F","2017-11-26","Chennai","807638","Chennai","Jharkhand"
"PERF83801257","2017-01-17","Akshata","Mehra","Bharadwaj","F","2020-02-18","Visakhapatnam","347193","Visakhapatnam","Rajasthan"
"PERF48471258","2015-05-26","Gajbaahu","Trivedi","Kapoor","M","1961-12-27","Thiruvananthapuram","835441","Thiruvananthapuram","Nagaland"
"PERF41661259","2016-06-26","Malti","Kapoor","Varma","F","2020-09-17","Thiruvananthapuram","031225","Thiruvananthapuram","Andaman and Nicobar Islands"
"PERF7101260","2021-03-12","Ajit","Mukhopadhyay","Reddy","F","1953-05-11","Hyderabad","321219","Hyderabad","Jammu and Kashmir"
"PERF72561261","2016-03-17","Amritambu","Trivedi","Chopra","M","2013-02-16","Chennai","321337","Chennai","Delhi"
"PERF67861262","2023-07-23","Swara","Verma","Kaniyar","F","1930-09-15","Bengaluru","689475","Bengaluru","Sikkim"
"PERF14221263","2019-04-19","Garuda","Kakkar","Chattopadhyay","F","2007-01-06","New Delhi","680149","New Delhi","Arunachal Pradesh"
"PERF32841264","2023-01-17","Prema","Tandon","Bhattacharya","F","1980-06-29","Hyderabad","729339","Hyderabad","Chandigarh"
"PERF67951265","2023-04-24","Adhrit","Tandon","Sethi","M","1933-05-19","New Delhi","272684","New Delhi","Jharkhand"
"PERF99991266","2022-10-15","Anang","Nair","Varrier","F","1930-08-26","Bengaluru","114168","Bengaluru","Haryana"
"PERF30651267","2016-07-12","Smita","Pothuvaal","Mukhopadhyay","F","1981-07-15","Visakhapatnam","288285","Visakhapatnam","Orissa"
"PERF52621268","2016-07-13","Vidya","Agarwal","Deshpande","F","1995-07-06","Kolkata","769568","Kolkata","Bihar"
"PERF28501269","2024-03-19","Rajinder","Butt","Rana","F","1966-06-23","New Delhi","167189","New Delhi","Sikkim"
"PERF42831270","2020-09-29","Shreya","Iyengar","Mehra","M","1940-11-21","New Delhi","586147","New Delhi","Goa"
"PERF25971271","2020-10-22","Ekaksh","Varrier","Pothuvaal","M","1951-04-07","Mumbai","965098","Mumbai","Chhattisgarh"
"PERF32041272","2021-12-06","Dharani","Panicker","Ahuja","M","2023-10-21","Mumbai","880833","Mumbai","Delhi"
"PERF78681273","2022-01-19","Mohinder","Dubashi","Shukla","M","1949-10-17","Chennai","317370","Chennai","Maharashtra"
"PERF90731274","2018-09-19","Baladitya","Deshpande","Patil","M","2010-05-04","Mumbai","482037","Mumbai","Dadar and Nagar Haveli"
"PERF95371275","2017-11-24","Dhyanesh","Mehra","Rana","M","1991-03-22","Bengaluru","108475","Bengaluru","Kerala"
"PERF731276","2017-12-09","Vaishvi","Jha","Ganaka","M","1970-12-23","Bengaluru","957449","Bengaluru","Assam"
"PERF47271277","2021-05-07","Vaishvi","Pillai","Chopra","F","1960-01-19","Hyderabad","117863","Hyderabad","Rajasthan"
"PERF68581278","2023-03-15","Gita","Trivedi","Jain","M","2002-10-27","Mumbai","692086","Mumbai","Chandigarh"
"PERF83971279","2016-07-10","Aditya","Varman","Dubashi","F","1971-12-04","Thiruvananthapuram","847267","Thiruvananthapuram","Andaman and Nicobar Islands"
"PERF17111280","2019-12-06","Bhadran","Nair","Agarwal","F","2018-07-26","Hyderabad","033677","Hyderabad","Nagaland"
"PERF34141281","2022-04-12","Balamani","Arora","Menon","F","1948-02-02","Mumbai","664936","Mumbai","Bihar"
"PERF65791282","2018-09-20","Amodini","Dwivedi","Adiga","F","2013-05-03","Visakhapatnam","284334","Visakhapatnam","Maharashtra"
"PERF22381283","2024-02-09","Dhyaneshwar","Bharadwaj","Kaniyar","F","1983-02-08","Thiruvananthapuram","674510","Thiruvananthapuram","Chhattisgarh"
"PERF4441284","2019-03-03","Tushar","Rana","Dwivedi","F","1965-06-02","Bengaluru","610618","Bengaluru","Tripura"
"PERF79991285","2019-09-02","Kumar","Kocchar","Embranthiri","F","2000-06-16","Visakhapatnam","057895","Visakhapatnam","Orissa"
"PERF10511286","2023-10-07","Deenabandhu","Gupta","Johar","F","1949-03-09","Bengaluru","839728","Bengaluru","Assam"
"PERF69841287","2016-07-27","Elakshi","Gill","Jain","F","2018-10-07","Kolkata","618010","Kolkata","Pondicherry"
"PERF42801288","2023-12-02","Deepesh","Arora","Ganaka","F","2021-09-09","Chennai","502002","Chennai","Andaman and Nicobar Islands"
"PERF74931289","2023-07-30","Lavanya","Rana","Ganaka","F","2015-06-24","Mumbai","588886","Mumbai","Haryana"
"PERF32821290","2021-02-25","Brajesh","Mishra","Somayaji","M","2009-05-17","Thiruvananthapuram","353158","Thiruvananthapuram","Dadar and Nagar Haveli"
"PERF70261291","2023-09-09","Anurag","Mukhopadhyay","Kaur","M","2022-04-09","Hyderabad","770049","Hyderabad","Himachal Pradesh"
"PERF81561292","2015-03-27","Birjesh","Kakkar","Naik","M","1965-12-28","Bengaluru","522703","Bengaluru","Andaman and Nicobar Islands"
"PERF96991293","2015-06-10","Rahul","Deshpande","Gowda","F","2012-01-11","Bengaluru","200774","Bengaluru","Andaman and Nicobar Islands"
"PERF92601294","2023-03-19","Bhargava","Jain","Sharma","F","1975-04-26","Visakhapatnam","796786","Visakhapatnam","Karnataka"
"PERF36071295","2020-06-22","Govinda","Rana","Adiga","F","1991-06-23","Bengaluru","693833","Bengaluru","Tripura"
"PERF58451296","2022-07-28","Deven","Ganaka","Pilla","F","1984-09-08","New Delhi","632574","New Delhi","Chhattisgarh"
"PERF10571297","2015-05-26","Gopal","Guneta","Agarwal","F","1962-11-10","Visakhapatnam","032525","Visakhapatnam","Uttar Pradesh"
"PERF15811298","2018-03-25","Nalini","Ahuja","Chattopadhyay","F","1971-06-20","Kolkata","358017","Kolkata","Arunachal Pradesh"
"PERF89601299","2020-01-19","Chandrabhaga","Banerjee","Deshpande","M","1972-07-23","Hyderabad","664582","Hyderabad","Pondicherry"
"PERF33441300","2020-02-06","Dhara","Reddy","Tagore","F","1978-12-17","Chennai","617266","Chennai","Meghalaya"
"PERF59491301","2015-12-08","Aishani","Mahajan","Nair","F","1972-04-17","Kolkata","866246","Kolkata","Uttaranchal"
"PERF87951302","2023-04-11","Geeta","Mehra","Ganaka","M","2021-04-24","Visakhapatnam","062770","Visakhapatnam","West Bengal"
"PERF34351303","2023-12-06","Asha","Talwar","Varrier","M","1947-01-16","Visakhapatnam","651147","Visakhapatnam","Manipur"
"PERF7491304","2017-08-24","Aanandinii","Khatri","Embranthiri","F","1944-08-23","New Delhi","195750","New Delhi","Nagaland"
"PERF71241305","2018-09-15","Chakor","Iyengar","Talwar","M","2018-05-17","Visakhapatnam","016441","Visakhapatnam","Dadar and Nagar Haveli"
"PERF70871306","2024-01-24","Kashyapi","Sharma","Shukla","M","1993-04-01","Chennai","056723","Chennai","Tripura"
"PERF60711307","2015-10-06","Chinmayananda","Varma","Sethi","F","1971-07-23","Hyderabad","961598","Hyderabad","Jammu and Kashmir"
"PERF40611308","2024-02-24","Sujata","Gupta","Johar","M","1995-01-03","Chennai","467286","Chennai","Assam"
"PERF31591309","2016-07-05","Aayushman","Devar","Mehrotra","F","1954-05-19","Visakhapatnam","871253","Visakhapatnam","Tripura"
"PERF1171310","2022-12-17","Ganesh","Saini","Varman","F","1954-04-14","Mumbai","678770","Mumbai","Arunachal Pradesh"
"PERF98141311","2021-01-10","Somu","Kapoor","Dwivedi","F","1958-04-25","Bengaluru","983798","Bengaluru","Andaman and Nicobar Islands"
"PERF32671312","2022-09-05","Javas","Kocchar","Tandon","M","1972-10-27","Bengaluru","367502","Bengaluru","Gujarat"
"PERF95281313","2021-09-23","Anjaneya","Kapoor","Namboothiri","F","2019-05-29","Kolkata","608470","Kolkata","Andhra Pradesh"
"PERF2321314","2018-03-02","Bhadrak","Sethi","Naik","M","1932-02-19","Hyderabad","204881","Hyderabad","Bihar"
"PERF32741315","2019-03-17","Mangala","Butt","Bhat","M","1971-06-12","New Delhi","709469","New Delhi","Delhi"
"PERF87911316","2019-02-26","Mahendra","Guha","Butt","F","1986-05-27","Bengaluru","575880","Bengaluru","Jharkhand"
"PERF9701317","2018-08-04","Laxman","Patil","Agarwal","M","1957-07-18","Visakhapatnam","965519","Visakhapatnam","Nagaland"
"PERF17671318","2020-03-16","Oormila","Trivedi","Bandopadhyay","F","1977-09-08","Bengaluru","182181","Bengaluru","Rajasthan"
"PERF93531319","2019-10-08","Aadi","Bhat","Chaturvedi","M","1930-08-04","Thiruvananthapuram","005067","Thiruvananthapuram","Tripura"
"PERF56471320","2015-01-19","Ambar","Dwivedi","Varman","M","2023-12-18","Visakhapatnam","810384","Visakhapatnam","Sikkim"
"PERF19411321","2014-11-21","Budhil","Khanna","Dutta","F","1990-09-05","Kolkata","676973","Kolkata","Haryana"
"PERF88191322","2019-07-12","Anusuya","Panicker","Gandhi","M","1968-10-06","Mumbai","657768","Mumbai","Rajasthan"
"PERF69071323","2016-02-22","Umang","Mukhopadhyay","Kakkar","F","1987-12-20","Chennai","381024","Chennai","Madya Pradesh"
"PERF79421324","2016-09-02","Dhyanesh","Bharadwaj","Joshi","F","1960-04-24","New Delhi","793416","New Delhi","Lakshadweep"
"PERF63841325","2018-12-17","Bhooshan","Guha","Singh","M","1971-02-05","New Delhi","300110","New Delhi","Jharkhand"
"PERF83831326","2021-11-25","Gaurang","Arora","Tagore","F","1965-07-20","Visakhapatnam","964732","Visakhapatnam","Jammu and Kashmir"
"PERF3271327","2021-06-20","Dev","Somayaji","Iyengar","F","2005-06-03","Hyderabad","792483","Hyderabad","Jammu and Kashmir"
"PERF70141328","2019-09-30","Vidhya","Nair","Embranthiri","M","2011-05-07","New Delhi","913752","New Delhi","Madya Pradesh"
"PERF12541329","2018-06-09","Kalyani","Ahuja","Sharma","F","2012-08-29","Mumbai","191696","Mumbai","Madya Pradesh"
"PERF8321330","2015-06-23","Gopaal","Deshpande","Varrier","F","1932-09-02","Bengaluru","108634","Bengaluru","Chhattisgarh"
"PERF10341331","2024-04-19","Aashritha","Verma","Devar","F","1982-07-15","Chennai","174777","Chennai","Delhi"
"PERF47651332","2021-11-04","Mandakini","Prajapat","Kaur","M","1968-07-20","Thiruvananthapuram","476853","Thiruvananthapuram","Daman and Diu"
"PERF11861333","2019-01-09","Gangesh","Prajapat","Nambeesan","M","1982-12-01","Mumbai","562749","Mumbai","Rajasthan"
"PERF38351334","2017-11-20","Jagdish","Mahajan","Jain","M","1996-11-21","Chennai","683271","Chennai","Lakshadweep"
"PERF5761335","2022-07-28","Chitrangada","Arora","Chattopadhyay","M","1979-05-06","Hyderabad","366431","Hyderabad","Nagaland"
"PERF27321336","2016-12-01","Vidur","Gandhi","Kaul","F","1940-06-22","Bengaluru","754961","Bengaluru","Dadar and Nagar Haveli"
"PERF82751337","2019-05-10","Gurdev","Joshi","Dubashi","M","1992-02-25","Mumbai","810313","Mumbai","Kerala"
"PERF31951338","2016-07-30","Ranjit","Sharma","Embranthiri","F","1954-09-22","Thiruvananthapuram","598383","Thiruvananthapuram","Daman and Diu"
"PERF14971339","2022-04-18","Shivakari","Kaul","Deshpande","M","1966-09-25","Chennai","592585","Chennai","Mizoram"
"PERF74911340","2021-02-17","Ojaswini","Verma","Guha","F","2023-05-10","Visakhapatnam","237033","Visakhapatnam","Manipur"
"PERF40571341","2014-05-27","Chandni","Bhattacharya","Patel","M","1978-08-07","Hyderabad","728661","Hyderabad","Sikkim"
"PERF86481342","2019-10-11","Mangala","Achari","Khatri","M","1936-10-06","Mumbai","934743","Mumbai","Goa"
"PERF30941343","2017-03-20","Swami","Guneta","Adiga","F","1947-04-22","Bengaluru","936920","Bengaluru","Goa"
"PERF22481344","2023-04-06","Ganapati","Gowda","Pillai","F","1943-02-18","Chennai","654348","Chennai","Madya Pradesh"
"PERF81511345","2021-02-08","Aalok","Iyengar","Jha","F","1990-09-06","Kolkata","201999","Kolkata","Chhattisgarh"
"PERF54731346","2022-04-26","Bhasvan","Dwivedi","Prajapat","M","1934-10-03","New Delhi","242679","New Delhi","Sikkim"
"PERF42991347","2018-07-28","Anal","Jain","Bhattathiri","M","1972-06-23","Thiruvananthapuram","513928","Thiruvananthapuram","Assam"
"PERF84621348","2019-12-14","Amrit","Singh","Patel","F","1941-12-29","Chennai","662271","Chennai","Rajasthan"
"PERF22561349","2016-12-13","Sitara","Verma","Agarwal","M","1975-08-26","Thiruvananthapuram","857988","Thiruvananthapuram","Sikkim"
"PERF74601350","2021-09-25","Aslesha","Mishra","Singh","F","1989-02-09","Kolkata","119291","Kolkata","Lakshadweep"
"PERF27151351","2022-04-14","Agrata","Tandon","Abbott","F","1987-12-21","Chennai","826691","Chennai","Jammu and Kashmir"
"PERF4461352","2024-02-14","Parvati","Chattopadhyay","Bhattathiri","F","1958-08-07","Kolkata","834422","Kolkata","Haryana"
"PERF61071353","2024-04-15","Suman","Somayaji","Chattopadhyay","F","2008-08-23","Kolkata","794219","Kolkata","Andaman and Nicobar Islands"
"PERF88811354","2017-01-18","Gatik","Chopra","Gowda","F","1989-12-04","Thiruvananthapuram","041518","Thiruvananthapuram","Sikkim"
"PERF97751355","2020-12-03","Birjesh","Tagore","Bandopadhyay","F","1987-11-24","Bengaluru","344312","Bengaluru","Tamil Nadu"
"PERF37301356","2015-01-07","Shridevi","Ahuja","Khan","M","1930-08-01","Hyderabad","531634","Hyderabad","West Bengal"
"PERF4151357","2015-02-08","Devadatt","Kaur","Chopra","M","1956-03-02","Bengaluru","630008","Bengaluru","Chhattisgarh"
"PERF18361358","2022-08-12","Aaryan","Talwar","Butt","M","2000-02-02","Kolkata","174723","Kolkata","Chhattisgarh"
"PERF57921359","2019-12-24","Adhiraj","Bhat","Dutta","F","1971-01-20","New Delhi","624177","New Delhi","Rajasthan"
"PERF3731360","2023-10-25","Girija","Dubashi","Sinha","M","1983-02-23","New Delhi","543925","New Delhi","Tamil Nadu"
"PERF35441361","2020-10-14","Bela","Rana","Tagore","F","2024-07-20","Bengaluru","468960","Bengaluru","Mizoram"
"PERF24561362","2019-10-19","Mandaakin","Johar","Dubashi","F","1940-04-02","Thiruvananthapuram","896811","Thiruvananthapuram","Goa"
"PERF35601363","2023-10-25","Narinder","Patil","Ganaka","F","1934-03-01","Kolkata","733816","Kolkata","Himachal Pradesh"
"PERF81811364","2018-11-17","Deeptanshu","Varman","Kaur","F","1933-10-01","Visakhapatnam","047774","Visakhapatnam","Manipur"
"PERF51851365","2016-06-08","Chandan","Desai","Patel","M","1945-09-10","New Delhi","744200","New Delhi","Maharashtra"
"PERF61411366","2016-11-04","Himadri","Guneta","Naik","M","1949-09-09","Kolkata","178761","Kolkata","Chhattisgarh"
"PERF98781367","2020-01-13","Manikya","Kaniyar","Reddy","F","1950-08-22","Mumbai","486383","Mumbai","Madya Pradesh"
"PERF61941368","2016-07-29","Deenabandhu","Guneta","Tandon","F","1962-06-24","Hyderabad","535462","Hyderabad","Nagaland"
"PERF12401369","2022-05-20","Sucheta","Tagore","Acharya","F","1963-11-10","Mumbai","356752","Mumbai","Delhi"
"PERF20031370","2022-11-06","Arjun","Naik","Tagore","M","1993-04-13","Chennai","281207","Chennai","Maharashtra"
"PERF59761371","2018-08-26","Harinakshi","Tandon","Iyer","M","1936-12-11","Chennai","353693","Chennai","Maharashtra"
"PERF87491372","2015-03-02","Dhana","Pothuvaal","Devar","M","1959-10-11","Mumbai","656688","Mumbai","Bihar"
"PERF59021373","2021-06-29","Gopaal","Mehrotra","Kaniyar","M","1936-02-19","New Delhi","871341","New Delhi","Karnataka"
"PERF46931374","2017-04-13","Baala","Asan","Banerjee","F","1987-09-15","Bengaluru","156000","Bengaluru","Delhi"
"PERF17111375","2022-04-03","Elakshi","Pothuvaal","Chopra","F","1999-07-16","Visakhapatnam","605457","Visakhapatnam","Haryana"
"PERF87631376","2024-03-19","Chandra","Khan","Patel","M","1954-12-26","Mumbai","571103","Mumbai","Madya Pradesh"
"PERF71881377","2019-02-04","Bela","Nehru","Devar","F","2005-11-25","Bengaluru","743637","Bengaluru","Bihar"
"PERF83201378","2024-04-10","Deeptimayee","Desai","Sinha","M","1987-08-22","Chennai","723099","Chennai","Chandigarh"
"PERF34871379","2018-11-14","Gopal","Dhawan","Agarwal","M","2012-11-04","Mumbai","167271","Mumbai","Gujarat"
"PERF15361380","2016-05-08","Udai","Sinha","Asan","F","1941-11-23","Chennai","929225","Chennai","Lakshadweep"
"PERF8961381","2024-07-02","Meena","Pilla","Ahluwalia","F","1996-07-27","Visakhapatnam","803620","Visakhapatnam","Arunachal Pradesh"
"PERF37941382","2022-07-19","Nawal","Nair","Guha","M","1962-05-30","Mumbai","552624","Mumbai","Manipur"
"PERF59811383","2018-12-11","Bhagvan","Varrier","Nair","F","1980-10-07","Bengaluru","070894","Bengaluru","Kerala"
"PERF34281384","2015-02-17","Sujata","Mishra","Talwar","M","2021-03-27","Visakhapatnam","512753","Visakhapatnam","Lakshadweep"
"PERF77831385","2021-04-14","Niro","Khan","Chaturvedi","M","2006-10-18","Bengaluru","195065","Bengaluru","Delhi"
"PERF3641386","2014-02-25","Puneet","Gowda","Ganaka","M","1980-12-12","Hyderabad","706512","Hyderabad","Madya Pradesh"
"PERF93441387","2018-10-25","Archan","Nair","Kaniyar","M","1989-10-21","Mumbai","883437","Mumbai","Kerala"
"PERF661388","2018-11-19","Chandan","Iyengar","Sethi","M","1984-12-12","Chennai","425748","Chennai","Assam"
"PERF69771389","2022-04-24","Dhana","Pillai","Tandon","F","1979-03-13","New Delhi","257090","New Delhi","Arunachal Pradesh"
"PERF46091390","2023-09-17","Uma","Desai","Johar","F","1976-07-06","Chennai","423686","Chennai","Andhra Pradesh"
"PERF93451391","2023-04-01","Sujata","Gupta","Deshpande","F","2019-05-04","Hyderabad","132470","Hyderabad","Delhi"
"PERF7561392","2021-12-11","Baalaaditya","Sethi","Adiga","M","1960-05-10","Bengaluru","837583","Bengaluru","Punjab"
"PERF98161393","2021-09-24","Mani","Panicker","Gandhi","F","1951-06-12","Bengaluru","684847","Bengaluru","Delhi"
"PERF6291394","2016-12-28","Bhoopati","Reddy","Ahuja","M","1948-05-05","Bengaluru","389202","Bengaluru","Uttaranchal"
"PERF60271395","2022-10-07","Meena","Iyengar","Deshpande","M","2002-12-05","New Delhi","762640","New Delhi","West Bengal"
"PERF40731396","2016-02-14","Gemini","Sethi","Tandon","M","2009-04-17","Visakhapatnam","983190","Visakhapatnam","Uttar Pradesh"
"PERF70501397","2020-04-07","Deenabandhu","Desai","Ganaka","F","2011-05-04","New Delhi","363647","New Delhi","Pondicherry"
"PERF93601398","2021-02-02","Brajendra","Patil","Patel","F","1990-08-29","New Delhi","616032","New Delhi","West Bengal"
"PERF88441399","2021-10-05","Bhadran","Panicker","Ahluwalia","F","2013-05-01","New Delhi","246040","New Delhi","Karnataka"
"PERF35041400","2023-03-28","Nawal","Butt","Kaul","M","2019-12-15","Chennai","279622","Chennai","Pondicherry"
"PERF38271401","2019-05-24","Bhargavi","Gowda","Arora","M","1955-09-05","Hyderabad","084074","Hyderabad","Bihar"
"PERF75131402","2020-03-31","Adhiraj","Johar","Arora","M","1956-10-14","Visakhapatnam","660068","Visakhapatnam","Andhra Pradesh"
"PERF95221403","2014-08-01","Prema","Somayaji","Ahluwalia","M","1953-07-22","Thiruvananthapuram","694050","Thiruvananthapuram","Madya Pradesh"
"PERF88111404","2019-08-10","Gurdev","Reddy","Embranthiri","M","2008-12-23","New Delhi","699042","New Delhi","Gujarat"
"PERF53641405","2014-05-10","Deeptanshu","Bharadwaj","Acharya","F","1934-04-01","Kolkata","002300","Kolkata","Punjab"
"PERF40271406","2016-11-21","Rahul","Pothuvaal","Adiga","M","1941-07-11","Kolkata","751735","Kolkata","Orissa"
"PERF72321407","2022-07-19","Jyotsana","Kaul","Khan","M","2019-09-22","Kolkata","573876","Kolkata","Uttaranchal"
"PERF66851408","2019-01-08","Bilwa","Pilla","Gill","M","1945-02-06","New Delhi","202510","New Delhi","Himachal Pradesh"
"PERF90241409","2015-06-07","Sujata","Nehru","Asan","M","1981-04-21","New Delhi","363426","New Delhi","Tamil Nadu"
"PERF13161410","2021-08-22","Lakshman","Kapoor","Bhattacharya","F","2023-04-05","Bengaluru","304832","Bengaluru","Sikkim"
"PERF70321411","2019-10-17","Shridevi","Nehru","Kakkar","M","1959-07-26","Hyderabad","160830","Hyderabad","Andhra Pradesh"
"PERF34051412","2018-04-08","Jyotsana","Shah","Nambeesan","M","2017-05-12","Thiruvananthapuram","093555","Thiruvananthapuram","Jharkhand"
"PERF16261413","2023-04-06","Trilokesh","Khanna","Bhat","F","1941-04-22","Hyderabad","470405","Hyderabad","Uttaranchal"
"PERF38731414","2019-11-20","Bela","Iyer","Nehru","M","2001-08-05","New Delhi","854391","New Delhi","Meghalaya"
"PERF51191415","2018-03-06","Kanishka","Bhat","Agarwal","F","1982-01-26","New Delhi","572474","New Delhi","Haryana"
"PERF23691416","2014-08-29","Bankim","Bhattathiri","Kapoor","F","2006-08-08","Chennai","899273","Chennai","Gujarat"
"PERF2651417","2015-09-17","Subhash","Tandon","Nehru","M","1991-08-06","Visakhapatnam","013512","Visakhapatnam","Chhattisgarh"
"PERF9161418","2021-05-13","Vedanga","Prajapat","Verma","F","1958-07-27","Visakhapatnam","055755","Visakhapatnam","Karnataka"
"PERF63161419","2018-09-13","Amaranaath","Bharadwaj","Guha","M","2009-06-06","Chennai","024172","Chennai","Uttar Pradesh"
"PERF26441420","2018-10-09","Mohini","Menon","Ganaka","F","2018-02-02","Mumbai","787597","Mumbai","Tamil Nadu"
"PERF78761421","2021-05-25","Ojaswini","Mahajan","Mahajan","M","1946-12-28","Bengaluru","260784","Bengaluru","Sikkim"
"PERF92481422","2023-12-07","Sitara","Kaul","Sinha","F","2011-09-17","New Delhi","731313","New Delhi","Sikkim"
"PERF99301423","2021-05-21","Tapan","Iyer","Varrier","F","1958-02-04","New Delhi","401896","New Delhi","Andhra Pradesh"
"PERF88181424","2016-07-22","Aayushmaan","Dhawan","Guha","M","1932-02-15","Hyderabad","703003","Hyderabad","Rajasthan"
"PERF83271425","2016-01-27","Bhagwati","Jha","Banerjee","M","1988-09-22","Thiruvananthapuram","855601","Thiruvananthapuram","Tamil Nadu"
"PERF80721426","2021-11-14","Bodhan","Pothuvaal","Jain","F","1955-12-11","Mumbai","218780","Mumbai","Punjab"
"PERF74101427","2023-02-03","Subhasini","Gowda","Sethi","M","1990-06-10","Hyderabad","497678","Hyderabad","Kerala"
"PERF72711428","2014-10-06","Bala","Singh","Tandon","M","2017-03-26","Thiruvananthapuram","666707","Thiruvananthapuram","Punjab"
"PERF6371429","2021-02-16","Divakar","Bhattathiri","Kaniyar","F","1942-03-05","Chennai","337417","Chennai","Tripura"
"PERF64201430","2020-10-16","Dhanu","Chopra","Sinha","F","1959-10-03","Kolkata","902711","Kolkata","Uttaranchal"
"PERF24661431","2020-10-15","Brahma","Desai","Bandopadhyay","F","2001-07-30","Visakhapatnam","697260","Visakhapatnam","Orissa"
"PERF18921432","2021-07-09","Chidaatma","Iyer","Ganaka","M","2018-06-19","Hyderabad","919593","Hyderabad","Tripura"
"PERF1001433","2015-09-01","Brahmaanand","Bhattathiri","Gupta","M","1989-04-12","Chennai","184915","Chennai","Manipur"
"PERF9241434","2015-06-27","Keerti","Dwivedi","Panicker","M","1960-02-22","Kolkata","199756","Kolkata","Bihar"
"PERF76571435","2015-03-26","Kanaka","Verma","Iyengar","M","1997-02-28","Thiruvananthapuram","198016","Thiruvananthapuram","West Bengal"
"PERF88591436","2014-07-21","Durga","Tandon","Sethi","M","1996-12-20","Kolkata","109449","Kolkata","Uttaranchal"
"PERF28451437","2021-02-14","Chakravarti","Trivedi","Malik","F","2024-06-15","Thiruvananthapuram","338002","Thiruvananthapuram","Uttar Pradesh"
"PERF16581438","2019-07-22","Brahma","Achari","Shah","F","1998-03-03","Mumbai","392068","Mumbai","Bihar"
"PERF37051439","2020-12-19","Abani","Chaturvedi","Bandopadhyay","M","1951-06-06","Hyderabad","875616","Hyderabad","Bihar"
"PERF19181440","2022-11-26","Diptendu","Tagore","Desai","F","1993-04-28","Hyderabad","359499","Hyderabad","Maharashtra"
"PERF2661441","2021-02-05","Aslesha","Adiga","Bhattathiri","F","1986-12-08","New Delhi","158975","New Delhi","Karnataka"
"PERF80611442","2016-10-14","Adripathi","Marar","Bhattathiri","M","1992-04-20","New Delhi","321351","New Delhi","Arunachal Pradesh"
"PERF15721443","2021-10-22","Chandrabhan","Nehru","Mehrotra","M","1979-12-05","Hyderabad","871743","Hyderabad","Andaman and Nicobar Islands"
"PERF89971444","2022-01-15","Atmaja","Chaturvedi","Varma","F","1933-11-30","Chennai","199113","Chennai","Lakshadweep"
"PERF53101445","2015-10-20","Dipesh","Joshi","Ahluwalia","F","2023-11-26","Hyderabad","390626","Hyderabad","Andaman and Nicobar Islands"
"PERF6581446","2016-05-12","Vrinda","Gowda","Shukla","F","1995-10-27","New Delhi","782306","New Delhi","Andaman and Nicobar Islands"
"PERF80971447","2023-01-14","Chandraketu","Chopra","Iyengar","F","2002-10-06","Visakhapatnam","774190","Visakhapatnam","Assam"
"PERF41331448","2017-10-31","Bhooshan","Somayaji","Jha","M","1966-06-09","Visakhapatnam","739092","Visakhapatnam","Andaman and Nicobar Islands"
"PERF80651449","2016-07-04","Mahendra","Adiga","Singh","F","1955-03-10","Chennai","373551","Chennai","West Bengal"
"PERF3141450","2023-01-15","Sarala","Iyengar","Shukla","M","1947-02-27","Chennai","206457","Chennai","Karnataka"
"PERF39571451","2018-07-16","Rakesh","Pothuvaal","Namboothiri","F","2019-12-05","Visakhapatnam","780493","Visakhapatnam","Maharashtra"
"PERF13861452","2017-03-24","Gopee","Guha","Marar","M","1937-11-10","Hyderabad","160875","Hyderabad","Assam"
"PERF98341453","2018-04-13","Ganapati","Kaniyar","Mukhopadhyay","F","1992-08-26","Thiruvananthapuram","344508","Thiruvananthapuram","Maharashtra"
"PERF14631454","2018-07-13","Sarisha","Guneta","Verma","F","1995-12-01","Visakhapatnam","349012","Visakhapatnam","Chhattisgarh"
"PERF51151455","2024-07-10","Harita","Pandey","Naik","F","2012-11-30","Kolkata","613136","Kolkata","Haryana"
"PERF3031456","2020-12-20","Adinath","Bhattacharya","Verma","F","2008-03-23","Visakhapatnam","178493","Visakhapatnam","Uttaranchal"
"PERF53801457","2019-03-11","Akshaj","Prajapat","Dhawan","M","1950-07-19","Bengaluru","646764","Bengaluru","Kerala"
"PERF33271458","2014-06-01","Acharyasuta","Tagore","Panicker","M","1953-01-16","Thiruvananthapuram","314643","Thiruvananthapuram","Rajasthan"
"PERF21721459","2014-03-07","Suryakanta","Bhattacharya","Tagore","M","1988-12-30","Hyderabad","469524","Hyderabad","Maharashtra"
"PERF95851460","2018-02-23","Lal","Chopra","Kaul","F","2022-03-04","Hyderabad","528969","Hyderabad","Gujarat"
"PERF42181461","2019-04-15","Dakshayani","Dutta","Johar","F","1973-03-16","Mumbai","197714","Mumbai","Himachal Pradesh"
"PERF11771462","2023-02-10","Siddarth","Malik","Kaul","M","1980-11-17","Hyderabad","712825","Hyderabad","Andaman and Nicobar Islands"
"PERF26801463","2018-07-31","Swarnalata","Joshi","Devar","F","2007-12-12","Hyderabad","554351","Hyderabad","Assam"
"PERF86241464","2019-05-04","Anang","Shukla","Varrier","F","2007-03-30","Thiruvananthapuram","539539","Thiruvananthapuram","Andaman and Nicobar Islands"
"PERF80271465","2014-02-16","Harinarayan","Guha","Devar","F","1963-01-07","Kolkata","292904","Kolkata","Andaman and Nicobar Islands"
"PERF27471466","2020-03-08","Chakravarti","Sinha","Iyer","M","1952-01-09","Thiruvananthapuram","456140","Thiruvananthapuram","Mizoram"
"PERF78361467","2016-01-31","Tushar","Shukla","Chattopadhyay","M","1938-08-02","Mumbai","176417","Mumbai","Uttar Pradesh"
"PERF15181468","2022-02-28","Dharani","Mehra","Dubashi","M","1982-12-06","Visakhapatnam","001227","Visakhapatnam","Chhattisgarh"
"PERF33841469","2019-05-13","Ashlesh","Agarwal","Namboothiri","F","1981-10-07","Chennai","000130","Chennai","Uttaranchal"
"PERF38431470","2017-12-14","Chandraswaroopa","Ahuja","Tandon","F","1983-01-15","Chennai","508181","Chennai","Haryana"
"PERF67301471","2017-06-13","Hiranya","Mehrotra","Agarwal","M","2004-02-07","Visakhapatnam","700660","Visakhapatnam","Tamil Nadu"
"PERF88791472","2023-09-16","Sanka","Adiga","Jain","M","1984-03-18","Hyderabad","936516","Hyderabad","Mizoram"
"PERF98251473","2019-03-28","Ojaswini","Menon","Sethi","M","1961-02-23","Hyderabad","242127","Hyderabad","Chandigarh"
"PERF77071474","2018-10-10","Girish","Pothuvaal","Somayaji","F","1949-08-21","Thiruvananthapuram","871437","Thiruvananthapuram","Chhattisgarh"
"PERF75411475","2021-11-24","Dron","Dutta","Chaturvedi","F","2010-08-02","New Delhi","133747","New Delhi","Delhi"
"PERF35601476","2016-08-03","Bheeshma","Banerjee","Jain","F","2008-07-13","Mumbai","896041","Mumbai","Tamil Nadu"
"PERF40611477","2018-02-06","Chinmayanand","Butt","Guha","M","2011-06-11","Kolkata","977763","Kolkata","Chandigarh"
"PERF40671478","2014-05-29","Archan","Dubashi","Abbott","F","2002-07-21","New Delhi","101434","New Delhi","Orissa"
"PERF24991479","2017-10-24","Chandradev","Achari","Chattopadhyay","F","1980-10-18","Chennai","877502","Chennai","Andhra Pradesh"
"PERF51691480","2015-01-25","Indra","Mahajan","Shah","F","1972-11-02","Bengaluru","236363","Bengaluru","Assam"
"PERF98871481","2015-09-04","Inder","Kaul","Marar","F","1967-04-07","Visakhapatnam","970872","Visakhapatnam","Daman and Diu"
"PERF81561482","2022-08-28","Bhaasvan","Namboothiri","Somayaji","F","1960-09-01","Bengaluru","198448","Bengaluru","Rajasthan"
"PERF74021483","2016-08-26","Deeptimoyee","Guneta","Jain","F","1940-11-05","Thiruvananthapuram","967392","Thiruvananthapuram","Manipur"
"PERF7711484","2018-06-24","Lavanya","Ganaka","Pillai","M","2000-08-07","Mumbai","685090","Mumbai","Chandigarh"
"PERF26101485","2021-05-01","Niro","Johar","Banerjee","F","1999-11-30","Thiruvananthapuram","011664","Thiruvananthapuram","Chandigarh"
"PERF49041486","2014-11-04","Vaidehi","Iyer","Kaul","M","2003-10-09","Thiruvananthapuram","446835","Thiruvananthapuram","Delhi"
"PERF37321487","2022-10-05","Shanti","Nair","Achari","M","1983-11-02","Chennai","125366","Chennai","Rajasthan"
"PERF14991488","2018-05-30","Charumati","Desai","Kakkar","M","1955-07-01","Chennai","905910","Chennai","Goa"
"PERF69751489","2019-09-11","Gandharv","Ahuja","Chattopadhyay","M","2022-05-23","Chennai","754978","Chennai","Delhi"
"PERF80121490","2024-05-17","Siddarth","Khan","Menon","F","2004-04-17","New Delhi","586696","New Delhi","Himachal Pradesh"
"PERF73071491","2018-02-21","Anjaneya","Desai","Abbott","F","1982-07-11","Bengaluru","079502","Bengaluru","Jharkhand"
"PERF23901492","2024-04-08","Atreyi","Iyengar","Talwar","M","1956-02-16","Chennai","925502","Chennai","Meghalaya"
"PERF26901493","2023-10-13","Gopal","Singh","Namboothiri","M","1954-12-20","Hyderabad","508386","Hyderabad","Uttar Pradesh"
"PERF54391494","2024-06-18","Chetan","Malik","Kakkar","M","2002-02-03","Chennai","445538","Chennai","Himachal Pradesh"
"PERF23821495","2016-12-19","Vidhur","Varman","Chattopadhyay","F","1947-02-03","Hyderabad","640583","Hyderabad","Chhattisgarh"
"PERF78911496","2019-10-16","Sujata","Panicker","Malik","M","2015-11-29","Mumbai","452351","Mumbai","Dadar and Nagar Haveli"
"PERF87291497","2021-03-21","Naval","Varrier","Somayaji","F","1994-10-21","Kolkata","815359","Kolkata","Delhi"
"PERF60881498","2020-08-23","Suma","Verma","Varrier","M","2014-11-19","Hyderabad","256711","Hyderabad","Goa"
"PERF5711499","2020-03-28","Ashok","Khanna","Prajapat","M","1943-05-07","Visakhapatnam","944887","Visakhapatnam","Lakshadweep"
"PERF84051500","2020-05-26","Raj","Deshpande","Gowda","F","1996-11-07","New Delhi","167155","New Delhi","Jammu and Kashmir"
"PERF67251501","2015-10-19","Buddhana","Devar","Achari","M","1961-05-25","Visakhapatnam","173074","Visakhapatnam","Himachal Pradesh"
"PERF37161502","2024-07-20","Ganak","Achari","Dubashi","F","1990-06-03","Kolkata","961681","Kolkata","Tamil Nadu"
"PERF6111503","2020-11-14","Sanka","Malik","Asan","M","2006-04-10","Mumbai","074652","Mumbai","Andaman and Nicobar Islands"
"PERF96471504","2014-03-08","Bhooshit","Guneta","Malik","F","1971-11-06","New Delhi","644741","New Delhi","Uttar Pradesh"
"PERF4871505","2024-07-17","Dinakar","Kaul","Talwar","F","2005-12-20","Bengaluru","898267","Bengaluru","Goa"
"PERF22541506","2014-07-02","Deepan","Pandey","Varrier","M","1965-04-13","Visakhapatnam","611700","Visakhapatnam","Assam"
"PERF24741507","2021-01-09","Niro","Varrier","Kocchar","M","1999-12-03","Chennai","706644","Chennai","Arunachal Pradesh"
"PERF7101508","2021-06-03","Adityanandana","Desai","Guneta","F","1948-06-27","Mumbai","813600","Mumbai","Manipur"
"PERF25491509","2022-10-18","Dhyaneshwar","Guha","Nayar","M","1935-02-17","Bengaluru","350376","Bengaluru","Assam"
"PERF42781510","2017-07-07","Kartik","Tagore","Varrier","F","1973-01-09","Mumbai","826867","Mumbai","Uttaranchal"
"PERF59411511","2021-01-07","Swapnil","Dutta","Patel","M","1946-11-25","Chennai","132016","Chennai","Tripura"
"PERF64711012","2017-03-18","Arya","Patil","Bharadwaj","F","2000-05-31","Visakhapatnam","182952","Visakhapatnam","Chandigarh"
"PERF70681013","2022-02-26","Shubha","Jain","Kaniyar","F","2018-12-10","Chennai","568910","Chennai","Tripura"
"PERF37651014","2015-07-18","Ahilya","Chaturvedi","Marar","F","1952-03-09","Mumbai","192607","Mumbai","Daman and Diu"
"PERF3671015","2014-04-13","Ghanshyam","Embranthiri","Guha","M","2005-01-05","New Delhi","654468","New Delhi","Himachal Pradesh"
"PERF58671016","2014-06-11","Baalaaditya","Jha","Pothuvaal","F","2013-03-04","Hyderabad","199910","Hyderabad","Chandigarh"
"PERF61011017","2018-04-16","Jai","Banerjee","Gandhi","M","1982-02-11","Chennai","207611","Chennai","Lakshadweep"
"PERF57061018","2018-01-19","Deeptanshu","Pandey","Trivedi","F","1980-10-30","Mumbai","477656","Mumbai","Rajasthan"
"PERF20451019","2018-06-18","Baidehi","Varrier","Patil","F","2018-09-25","Bengaluru","242218","Bengaluru","Meghalaya"
"PERF42781020","2021-09-30","Harinarayan","Ahuja","Khanna","F","1978-06-08","Visakhapatnam","594253","Visakhapatnam","Himachal Pradesh"
"PERF13481021","2023-08-26","Vaijayanti","Banerjee","Varma","M","1940-09-24","Thiruvananthapuram","402013","Thiruvananthapuram","Kerala"
"PERF86041022","2016-02-26","Prathamesh","Somayaji","Varma","M","1956-12-06","Thiruvananthapuram","956684","Thiruvananthapuram","Assam"
"PERF92811023","2015-11-30","Dhara","Patel","Mehrotra","M","1936-02-29","Hyderabad","274102","Hyderabad","Daman and Diu"
"PERF2501024","2016-05-03","Ramesh","Bandopadhyay","Varrier","M","1938-04-21","Chennai","901569","Chennai","Punjab"
"PERF19751025","2014-12-15","Tanushri","Butt","Guha","M","2016-08-13","Bengaluru","203331","Bengaluru","Dadar and Nagar Haveli"
"PERF70731026","2021-02-13","Ajeet","Acharya","Kaur","F","2017-04-05","Visakhapatnam","715642","Visakhapatnam","Rajasthan"
"PERF51371027","2021-02-17","Balachandra","Malik","Bhattathiri","F","1960-07-17","Thiruvananthapuram","019042","Thiruvananthapuram","Jammu and Kashmir"
"PERF40141028","2021-03-08","Krishnadas","Varman","Reddy","M","1942-02-12","Visakhapatnam","237335","Visakhapatnam","Delhi"
"PERF40951029","2017-01-15","Bala","Devar","Mishra","M","2007-05-13","Bengaluru","255586","Bengaluru","Mizoram"
"PERF64001030","2021-03-15","Garuda","Pillai","Kapoor","M","1942-12-30","Hyderabad","464241","Hyderabad","Sikkim"
"PERF51111031","2019-06-15","Somnath","Naik","Ganaka","M","1990-02-19","Chennai","057245","Chennai","Delhi"
"PERF37231032","2021-09-05","Birjesh","Abbott","Mukhopadhyay","M","2019-11-01","Chennai","584781","Chennai","Jammu and Kashmir"
"PERF34231033","2016-03-05","Divjot","Devar","Johar","M","1962-12-19","New Delhi","144178","New Delhi","Nagaland"
"PERF6901034","2016-01-09","Gorakhanatha","Sethi","Gandhi","M","1960-08-07","Bengaluru","115638","Bengaluru","Chhattisgarh"
"PERF2381035","2018-05-14","Apsara","Kocchar","Bandopadhyay","F","2005-08-03","Visakhapatnam","995171","Visakhapatnam","Uttaranchal"
"PERF53551036","2015-12-04","Agneya","Desai","Mahajan","M","2005-03-13","Kolkata","187346","Kolkata","Uttar Pradesh"
"PERF90191037","2016-05-24","Bodhan","Somayaji","Iyer","M","1989-01-28","New Delhi","807147","New Delhi","Bihar"
"PERF69311038","2018-07-16","Baidehi","Iyer","Iyengar","F","1985-05-19","Thiruvananthapuram","872984","Thiruvananthapuram","Himachal Pradesh"
"PERF22141039","2014-05-13","Susheel","Guneta","Pilla","F","1978-04-24","New Delhi","787288","New Delhi","Manipur"
"PERF26971040","2023-05-04","Atmananda","Malik","Iyengar","M","1945-10-24","New Delhi","499862","New Delhi","Rajasthan"
"PERF97071041","2023-05-06","Nikita","Johar","Mehrotra","M","1945-07-06","Mumbai","626959","Mumbai","Arunachal Pradesh"
"PERF81591042","2019-03-20","Triloki Nath","Acharya","Kaul","F","1937-09-19","New Delhi","449782","New Delhi","Chandigarh"
"PERF39961043","2018-07-19","Chandramani","Varma","Chaturvedi","F","1953-06-16","New Delhi","069412","New Delhi","Andhra Pradesh"
"PERF86121044","2020-06-04","Deevakar","Patel","Chattopadhyay","M","1932-12-18","Hyderabad","524244","Hyderabad","Uttar Pradesh"
"PERF19901045","2015-11-14","Niro","Pothuvaal","Panicker","M","2020-12-06","Chennai","740916","Chennai","Rajasthan"
"PERF57341046","2017-12-14","Vaijayanti","Patel","Jha","M","1974-10-13","New Delhi","777317","New Delhi","Himachal Pradesh"
"PERF17311047","2020-12-03","Poornima","Kaniyar","Varrier","F","2005-12-30","Mumbai","260751","Mumbai","Andaman and Nicobar Islands"
"PERF30041048","2021-11-29","Sheela","Kaniyar","Kakkar","M","1959-01-18","Bengaluru","057365","Bengaluru","Andaman and Nicobar Islands"
"PERF47911049","2021-09-16","Mani","Jha","Dutta","F","1971-10-11","Visakhapatnam","289869","Visakhapatnam","Arunachal Pradesh"
"PERF21371050","2014-04-08","Acharyasuta","Pilla","Namboothiri","M","1940-10-17","Mumbai","604384","Mumbai","Meghalaya"
"PERF80311051","2015-10-12","Gautama","Patil","Guha","F","1967-10-18","Chennai","316496","Chennai","Haryana"
"PERF8191052","2021-07-19","Lai","Tagore","Gandhi","F","1984-04-23","New Delhi","881516","New Delhi","Bihar"
"PERF93241053","2017-06-12","Rajinder","Gill","Embranthiri","F","1966-09-28","Hyderabad","608470","Hyderabad","Sikkim"
"PERF86181054","2015-12-13","Deb","Desai","Devar","M","1976-02-01","Mumbai","581566","Mumbai","Himachal Pradesh"
"PERF66611055","2014-08-26","Opaline","Abbott","Iyengar","M","1981-03-17","Visakhapatnam","701101","Visakhapatnam","Delhi"
"PERF72301056","2019-04-10","Devasree","Abbott","Acharya","M","1935-02-25","Chennai","265331","Chennai","Punjab"
"PERF47861057","2014-04-15","Kanchan","Verma","Somayaji","M","1945-11-18","New Delhi","826927","New Delhi","Delhi"
"PERF37291058","2020-05-16","Chidaatma","Dhawan","Patel","F","1994-10-04","Hyderabad","617822","Hyderabad","Mizoram"
"PERF8131059","2019-04-08","Divakar","Guha","Prajapat","F","1930-05-13","Chennai","893294","Chennai","Maharashtra"
"PERF62901060","2016-02-28","Baala","Bandopadhyay","Banerjee","F","2010-02-16","Chennai","017852","Chennai","Madya Pradesh"
"PERF95951061","2023-05-29","Bala","Asan","Reddy","F","1958-04-14","Mumbai","841668","Mumbai","Bihar"
"PERF47701062","2016-04-28","Elakshi","Tagore","Nehru","F","1979-02-25","Thiruvananthapuram","044357","Thiruvananthapuram","Chhattisgarh"
"PERF92491063","2016-05-14","Eshana","Bhat","Singh","F","2007-04-04","Kolkata","249023","Kolkata","Daman and Diu"
"PERF38491064","2015-11-02","Manoj","Dubashi","Shukla","F","1970-06-04","Thiruvananthapuram","518572","Thiruvananthapuram","Gujarat"
"PERF35461065","2022-08-19","Lakshmi","Mehra","Reddy","M","2004-12-07","Thiruvananthapuram","778652","Thiruvananthapuram","Manipur"
"PERF20251066","2019-04-11","Aadrika","Gupta","Sinha","M","1993-01-25","Chennai","413644","Chennai","Goa"
"PERF54521067","2023-09-15","Jagadisha","Jain","Mishra","M","1996-09-02","Bengaluru","126187","Bengaluru","Karnataka"
"PERF20911068","2023-03-13","Sarada","Tagore","Embranthiri","F","1950-05-29","Thiruvananthapuram","473716","Thiruvananthapuram","Tripura"
"PERF6901069","2020-12-22","Chitrali","Gowda","Pilla","F","2009-05-23","Mumbai","993318","Mumbai","Himachal Pradesh"
"PERF29591070","2023-10-23","Gajadhar","Bhattacharya","Khan","M","2012-10-29","New Delhi","199907","New Delhi","Gujarat"
"PERF38681071","2022-08-26","Sanya","Gandhi","Joshi","M","1970-07-25","Chennai","269780","Chennai","Mizoram"
"PERF83891072","2016-05-02","Chandini","Nambeesan","Dubashi","F","2023-09-11","Chennai","259648","Chennai","Meghalaya"
"PERF22341073","2021-07-06","Chandak","Pothuvaal","Pillai","M","2018-04-23","Kolkata","923722","Kolkata","Uttaranchal"
"PERF17151074","2024-04-01","Bhoj","Kaniyar","Dwivedi","F","1986-08-31","Thiruvananthapuram","744660","Thiruvananthapuram","Chhattisgarh"
"PERF58091075","2020-07-13","Anasooya","Nair","Menon","F","2017-01-28","Mumbai","203573","Mumbai","Sikkim"
"PERF23421076","2018-11-25","Anurag","Swarup","Dubashi","M","1962-02-16","Mumbai","748109","Mumbai","Orissa"
"PERF24281077","2015-02-28","Dayamayee","Gill","Dwivedi","F","1972-07-14","Mumbai","710050","Mumbai","Tamil Nadu"
"PERF70901078","2016-11-18","Trilok","Mishra","Malik","M","1987-11-04","New Delhi","771147","New Delhi","Gujarat"
"PERF43151079","2023-11-02","Deeptimayee","Kocchar","Jain","F","1993-11-19","New Delhi","061743","New Delhi","Nagaland"
"PERF62701080","2020-04-16","Samir","Sethi","Agarwal","M","1973-11-22","Hyderabad","892320","Hyderabad","Andaman and Nicobar Islands"
"PERF46101081","2022-08-20","Elakshi","Mukhopadhyay","Mishra","M","1968-03-04","Visakhapatnam","885306","Visakhapatnam","Maharashtra"
"PERF8631082","2015-09-05","Chiranjeeve","Gill","Dhawan","F","1944-07-23","Visakhapatnam","843739","Visakhapatnam","Meghalaya"
"PERF53121083","2020-08-09","Chatur","Singh","Chopra","F","2007-01-02","Mumbai","369295","Mumbai","Karnataka"
"PERF9101084","2018-12-16","Anjushree","Gowda","Khanna","F","1988-12-30","Bengaluru","680374","Bengaluru","Rajasthan"
"PERF66811085","2019-07-21","Hiranya","Patil","Dwivedi","F","1996-10-27","Mumbai","749883","Mumbai","Andaman and Nicobar Islands"
"PERF47331086","2020-03-10","Swapnil","Jha","Mehrotra","F","2003-10-31","Thiruvananthapuram","992122","Thiruvananthapuram","Gujarat"
"PERF51091087","2020-09-11","Kin","Agarwal","Naik","F","2016-04-09","Thiruvananthapuram","909113","Thiruvananthapuram","West Bengal"
"PERF47481088","2024-02-28","Swarnalata","Mahajan","Kaniyar","M","1952-07-17","Mumbai","643071","Mumbai","Punjab"
"PERF64631089","2019-12-19","Kali","Namboothiri","Pandey","F","2003-05-06","Hyderabad","836958","Hyderabad","Himachal Pradesh"
"PERF49761090","2014-11-18","Agneya","Gowda","Menon","F","1952-04-05","Bengaluru","006014","Bengaluru","Orissa"
"PERF6891091","2014-11-07","Kiran","Mishra","Nair","F","1993-09-16","Chennai","935607","Chennai","Meghalaya"
"PERF37561092","2017-06-25","Chitrangada","Deshpande","Patel","M","1961-10-20","New Delhi","024823","New Delhi","Uttar Pradesh"
"PERF68521093","2018-02-07","Padma","Reddy","Ahluwalia","M","1938-12-28","Mumbai","482974","Mumbai","Chandigarh"
"PERF20971094","2019-03-05","Charvi","Rana","Desai","F","2017-06-17","Kolkata","595899","Kolkata","Orissa"
"PERF37591095","2022-08-30","Dinkar","Achari","Nehru","M","2000-09-28","New Delhi","163334","New Delhi","Mizoram"
"PERF45041096","2022-05-24","Devesh","Bharadwaj","Nayar","M","2001-02-10","New Delhi","822468","New Delhi","Gujarat"
"PERF75011097","2018-10-05","Arjun","Nayar","Marar","M","2015-12-30","New Delhi","286313","New Delhi","Arunachal Pradesh"
"PERF89841098","2021-03-21","Gitanjali","Gill","Chattopadhyay","F","1968-05-11","Bengaluru","713527","Bengaluru","West Bengal"
"PERF4571099","2020-05-07","Baladitya","Malik","Pandey","M","2010-08-20","Kolkata","106364","Kolkata","Manipur"
"PERF84251100","2021-09-27","Triloki","Gupta","Khanna","F","1956-02-11","Visakhapatnam","437607","Visakhapatnam","Tripura"
"PERF33251101","2018-07-09","Dinkar","Gill","Shah","F","2007-09-14","Bengaluru","482145","Bengaluru","West Bengal"
"PERF63201102","2021-06-14","Ambar","Pothuvaal","Pilla","M","1953-01-05","Chennai","820789","Chennai","Sikkim"
"PERF83811103","2014-05-17","Harita","Dutta","Talwar","M","1949-12-24","Mumbai","894563","Mumbai","Uttar Pradesh"
"PERF29721104","2014-08-10","Purushottam","Singh","Patel","M","1992-05-29","New Delhi","050341","New Delhi","Delhi"
"PERF58351105","2014-04-12","Anwesha","Khanna","Kapoor","F","1990-12-07","New Delhi","076375","New Delhi","Daman and Diu"
"PERF45341106","2014-07-31","Chetan","Panicker","Dwivedi","F","1980-10-20","Visakhapatnam","700380","Visakhapatnam","Jammu and Kashmir"
"PERF87001107","2016-12-16","Jagdish","Chopra","Mishra","F","2011-06-17","Visakhapatnam","540201","Visakhapatnam","Tamil Nadu"
"PERF13271108","2019-09-20","Sweta","Asan","Mishra","M","2018-03-16","Mumbai","490767","Mumbai","Sikkim"
"PERF40961109","2018-02-10","Tara","Asan","Ahuja","M","2020-11-07","New Delhi","519044","New Delhi","Uttar Pradesh"
"PERF13071110","2016-03-11","Bodhan","Varman","Menon","M","1968-09-17","Kolkata","483790","Kolkata","Manipur"
"PERF231111","2022-08-09","Ganaka","Chopra","Varma","F","1939-06-06","Hyderabad","298342","Hyderabad","Tripura"
"PERF35071112","2017-07-13","Trilokanath","Kocchar","Dutta","F","1941-07-15","Chennai","019285","Chennai","Chandigarh"
"PERF6941113","2014-12-08","Chandravati","Nayar","Nehru","F","1955-01-17","Bengaluru","600985","Bengaluru","Meghalaya"
"PERF87661114","2021-04-08","Shiv","Bandopadhyay","Nair","M","2019-09-09","Bengaluru","811194","Bengaluru","Rajasthan"
"PERF20331115","2017-06-30","Chandramauli","Shukla","Varman","M","1936-07-31","Visakhapatnam","070628","Visakhapatnam","Daman and Diu"
"PERF19761116","2023-11-26","Sarisha","Dhawan","Guneta","M","1943-05-10","Chennai","665663","Chennai","Andaman and Nicobar Islands"
"PERF79471117","2015-07-18","Bhupati","Pothuvaal","Mahajan","F","1960-07-15","Thiruvananthapuram","378636","Thiruvananthapuram","Madya Pradesh"
"PERF7561118","2018-04-18","Charak","Chaturvedi","Guha","F","1957-11-05","New Delhi","877852","New Delhi","Rajasthan"
"PERF89601119","2022-10-07","Rageswari","Marar","Ganaka","M","1939-05-20","New Delhi","941499","New Delhi","Jharkhand"
"PERF78441120","2020-01-03","Akroor","Saini","Verma","M","1979-10-23","Hyderabad","615810","Hyderabad","Haryana"
"PERF15801121","2014-12-10","Abhirath","Abbott","Johar","M","2011-03-27","Bengaluru","599465","Bengaluru","Arunachal Pradesh"
"PERF8001122","2022-09-14","Dinkar","Verma","Gill","F","1996-11-18","New Delhi","762276","New Delhi","Nagaland"
"PERF3161123","2014-06-02","Swapnil","Bhattacharya","Mehra","M","1997-10-12","Bengaluru","850399","Bengaluru","Bihar"
"PERF57241124","2023-05-24","Adwitiya","Talwar","Mehra","F","2002-12-25","Bengaluru","594380","Bengaluru","Tripura"
"PERF94511125","2019-10-06","Preity","Bhattacharya","Varrier","F","2005-03-04","Bengaluru","017192","Bengaluru","Chandigarh"
"PERF99481126","2023-03-31","Rohan","Varrier","Pillai","F","1961-03-14","New Delhi","791421","New Delhi","Andaman and Nicobar Islands"
"PERF22711127","2020-04-18","Tushar","Nayar","Pillai","M","2009-10-15","New Delhi","441566","New Delhi","Kerala"
"PERF42661128","2019-02-22","Bishnu","Varman","Khanna","M","1976-02-02","Thiruvananthapuram","732638","Thiruvananthapuram","Uttaranchal"
"PERF5061129","2023-07-16","Devak","Varrier","Pandey","F","1974-04-21","Chennai","655908","Chennai","Meghalaya"
"PERF96151130","2023-12-18","Gudakesha","Talwar","Nambeesan","M","1990-11-06","Kolkata","105281","Kolkata","Lakshadweep"
"PERF99251131","2019-11-08","Anilabh","Ahuja","Acharya","F","1933-08-01","Hyderabad","187620","Hyderabad","Tripura"
"PERF96381132","2017-03-26","Eshita","Marar","Kaur","F","1988-03-06","Mumbai","297963","Mumbai","Kerala"
"PERF95661133","2024-03-29","Raj","Dubashi","Kaur","M","2010-06-01","Bengaluru","119499","Bengaluru","West Bengal"
"PERF64841134","2019-04-19","Tushar","Sinha","Achari","F","2008-10-04","Mumbai","694975","Mumbai","Daman and Diu"
"PERF47141135","2020-04-04","Chitramala","Namboothiri","Nair","M","1936-09-16","Hyderabad","339578","Hyderabad","Uttar Pradesh"
"PERF89741136","2014-05-28","Bankimchandra","Panicker","Dhawan","F","2009-06-21","Thiruvananthapuram","400153","Thiruvananthapuram","Goa"
"PERF46371137","2016-06-18","Ambar","Gill","Asan","M","1948-12-07","Hyderabad","458256","Hyderabad","Karnataka"
"PERF85381138","2018-03-22","Sarvin","Mukhopadhyay","Pillai","F","2008-01-31","New Delhi","177720","New Delhi","Manipur"
"PERF46551139","2024-05-26","Gautami","Varma","Desai","M","2012-02-01","Thiruvananthapuram","685708","Thiruvananthapuram","Andhra Pradesh"
"PERF3991140","2021-02-28","Dhanapati","Saini","Kaur","M","1966-11-20","Chennai","336417","Chennai","Lakshadweep"
"PERF56491141","2022-03-08","Aanandinii","Mahajan","Asan","M","1998-09-09","Chennai","362600","Chennai","Madya Pradesh"
"PERF67681142","2023-07-16","Jai","Varrier","Sinha","M","2023-10-30","Chennai","130350","Chennai","Uttar Pradesh"
"PERF40371143","2017-11-06","Lal","Khanna","Mehra","F","2020-08-02","Hyderabad","170058","Hyderabad","Uttaranchal"
"PERF74811144","2014-12-02","Rageshwari","Reddy","Patil","M","1984-01-01","Visakhapatnam","612712","Visakhapatnam","Daman and Diu"
"PERF22751145","2014-05-07","Anamika","Agarwal","Verma","M","2018-07-26","Hyderabad","367256","Hyderabad","Meghalaya"
"PERF64371146","2021-08-27","Chandrabhaga","Pillai","Kakkar","F","2013-05-10","New Delhi","391532","New Delhi","Punjab"
"PERF59681147","2014-05-29","Brijesh","Menon","Panicker","M","1978-05-27","Chennai","404803","Chennai","Arunachal Pradesh"
"PERF69281148","2015-12-09","Somu","Kaur","Trivedi","F","1973-07-17","Hyderabad","696538","Hyderabad","Dadar and Nagar Haveli"
"PERF99861149","2024-01-10","Dhyanesh","Mahajan","Sharma","F","1987-04-02","Kolkata","351331","Kolkata","Madya Pradesh"
"PERF12941150","2020-07-30","Aatreya","Rana","Trivedi","M","1963-05-27","Mumbai","404567","Mumbai","Uttar Pradesh"
"PERF24541151","2019-09-24","Baijayanti","Mehrotra","Mahajan","M","1992-01-31","Thiruvananthapuram","669237","Thiruvananthapuram","Rajasthan"
"PERF7741152","2020-04-16","Jay","Mahajan","Varrier","M","2003-02-27","New Delhi","132078","New Delhi","Uttar Pradesh"
"PERF40261153","2019-05-12","Abhisyanta","Singh","Dutta","M","1948-11-05","Visakhapatnam","211336","Visakhapatnam","Meghalaya"
"PERF17121154","2022-01-20","Anjushree","Gill","Mehrotra","F","1977-09-05","Visakhapatnam","432179","Visakhapatnam","Himachal Pradesh"
"PERF9911155","2022-02-09","Jay","Devar","Pandey","M","1955-09-11","Visakhapatnam","219292","Visakhapatnam","Orissa"
"PERF39861156","2022-02-10","Devak","Singh","Chaturvedi","M","2019-12-10","Mumbai","122658","Mumbai","Punjab"
"PERF7341157","2021-07-09","Anil","Talwar","Ahluwalia","F","1993-10-11","Hyderabad","821771","Hyderabad","Himachal Pradesh"
"PERF10421158","2022-08-24","Kalpana","Sinha","Reddy","F","1986-10-21","Hyderabad","807981","Hyderabad","Meghalaya"
"PERF74751159","2016-07-17","Siddhi","Ahluwalia","Bhattacharya","F","1992-10-12","Kolkata","448843","Kolkata","Himachal Pradesh"
"PERF51171160","2020-06-29","Tej","Joshi","Jain","M","1940-10-26","Mumbai","948159","Mumbai","Lakshadweep"
"PERF76951161","2024-02-01","Anaadi","Mukhopadhyay","Talwar","M","1961-04-14","Kolkata","883052","Kolkata","Uttaranchal"
"PERF91181162","2016-06-13","Omana","Deshpande","Pothuvaal","M","1997-07-12","Mumbai","054729","Mumbai","Gujarat"
"PERF56801163","2015-06-21","Rita","Joshi","Joshi","F","1977-08-21","Kolkata","478899","Kolkata","Uttaranchal"
"PERF76171164","2015-06-23","Ajeet","Varrier","Patil","M","2002-09-02","Bengaluru","877974","Bengaluru","Dadar and Nagar Haveli"
"PERF9151165","2019-04-03","Kashyap","Kakkar","Namboothiri","M","1986-10-24","Hyderabad","681784","Hyderabad","Nagaland"
"PERF97091166","2024-01-15","Mandaakin","Acharya","Pothuvaal","F","1976-09-08","Kolkata","289443","Kolkata","Chandigarh"
"PERF82251167","2016-05-29","Ananta","Bhat","Saini","M","1989-07-22","Chennai","072929","Chennai","West Bengal"
"PERF18331168","2014-03-08","Shiv","Gupta","Sinha","F","1938-02-22","Bengaluru","186378","Bengaluru","Manipur"
"PERF95041169","2015-08-31","Bhagwati","Mishra","Panicker","M","1934-03-21","Chennai","107103","Chennai","Goa"
"PERF74701170","2022-01-25","Marut","Nambeesan","Kakkar","M","2004-01-05","Kolkata","553821","Kolkata","Dadar and Nagar Haveli"
"PERF32881171","2018-08-08","Krishnadasa","Tandon","Varma","F","1988-02-24","Kolkata","845526","Kolkata","Uttar Pradesh"
"PERF49641172","2023-09-13","Vedang","Agarwal","Banerjee","M","2020-04-18","Hyderabad","840671","Hyderabad","Himachal Pradesh"
"PERF36311173","2022-08-09","Manoj","Ahuja","Kaniyar","F","1938-03-02","Mumbai","942217","Mumbai","Haryana"
"PERF14401174","2018-02-05","Suman","Iyengar","Butt","M","1959-07-13","Bengaluru","995149","Bengaluru","Himachal Pradesh"
"PERF41661175","2020-07-08","Rupinder","Prajapat","Jha","M","1937-06-06","Visakhapatnam","056501","Visakhapatnam","Haryana"
"PERF86901176","2016-01-23","Bhramar","Shukla","Desai","F","1932-08-06","New Delhi","959049","New Delhi","Madya Pradesh"
"PERF46981177","2023-09-09","Kanchan","Nayar","Kaniyar","F","1977-02-24","Kolkata","874754","Kolkata","Meghalaya"
"PERF18441178","2019-11-19","Chapal","Singh","Gill","F","1970-10-31","Visakhapatnam","860980","Visakhapatnam","Nagaland"
"PERF37111179","2024-07-22","Indra","Shah","Pillai","F","1992-06-13","Mumbai","074486","Mumbai","West Bengal"
"PERF49491180","2014-09-22","Durgeshwari","Ahluwalia","Mehrotra","F","1996-08-23","New Delhi","894180","New Delhi","Andhra Pradesh"
"PERF82541181","2018-04-19","Chinmayananda","Pillai","Sharma","F","1951-07-25","New Delhi","075857","New Delhi","Karnataka"
"PERF78051182","2020-02-14","Atmanand","Shah","Kapoor","M","1981-12-07","Mumbai","586559","Mumbai","Daman and Diu"
"PERF22791183","2016-04-07","Bhoopati","Malik","Bhattathiri","M","1976-03-13","New Delhi","247367","New Delhi","Arunachal Pradesh"
"PERF11861184","2014-05-20","Dayaamay","Desai","Verma","M","1936-02-01","Visakhapatnam","251812","Visakhapatnam","Uttaranchal"
"PERF85701185","2016-09-18","Triloki","Guha","Asan","F","2012-08-02","Thiruvananthapuram","254060","Thiruvananthapuram","Tripura"
"PERF36651186","2014-05-01","Shashikala","Menon","Gill","M","1944-12-19","New Delhi","602728","New Delhi","Lakshadweep"
"PERF84881187","2022-09-03","Rajinder","Panicker","Gandhi","F","2003-12-24","New Delhi","251944","New Delhi","Chhattisgarh"
"PERF94391188","2023-04-11","Chandrani","Patil","Achari","F","1939-12-16","Hyderabad","855277","Hyderabad","Rajasthan"
"PERF42061189","2021-01-04","Aadidev","Rana","Chaturvedi","F","1968-03-03","Thiruvananthapuram","294769","Thiruvananthapuram","Manipur"
"PERF47891190","2019-09-10","Opalina","Patil","Arora","M","1970-07-20","Mumbai","015411","Mumbai","Sikkim"
"PERF33381191","2016-04-10","Rudra","Kaniyar","Khan","F","1945-09-04","New Delhi","323741","New Delhi","Nagaland"
"PERF61151192","2014-12-21","Suryakanta","Kakkar","Pillai","M","1973-07-25","Chennai","836858","Chennai","Kerala"
"PERF97101193","2022-12-19","Bhardwaj","Rana","Guneta","M","1948-10-14","Visakhapatnam","246073","Visakhapatnam","Dadar and Nagar Haveli"
"PERF61331194","2014-02-23","Himani","Naik","Abbott","F","2011-06-05","New Delhi","193497","New Delhi","Tamil Nadu"
"PERF32261195","2016-12-06","Deven","Chopra","Bhat","F","2003-07-13","Visakhapatnam","561297","Visakhapatnam","Chandigarh"
"PERF96741196","2017-08-14","Chandi","Jha","Chaturvedi","M","1933-12-15","Kolkata","965418","Kolkata","Assam"
"PERF59341197","2019-07-09","Aagney","Dwivedi","Rana","F","1953-05-11","Bengaluru","787508","Bengaluru","Rajasthan"
"PERF5381198","2024-05-18","Abhaidev","Trivedi","Kapoor","M","2013-08-24","Mumbai","479040","Mumbai","Delhi"
"PERF5641199","2022-06-25","Buddhana","Mehrotra","Deshpande","F","1952-01-08","Chennai","854169","Chennai","Arunachal Pradesh"
"PERF39981200","2021-03-12","Kalinda","Nair","Kaniyar","F","2017-04-15","Chennai","079268","Chennai","Orissa"
"PERF95241201","2019-12-30","Lal","Sinha","Desai","F","1972-06-15","New Delhi","051471","New Delhi","Sikkim"
"PERF82111202","2020-12-26","Mandaakin","Dutta","Gill","F","1959-10-14","Thiruvananthapuram","209271","Thiruvananthapuram","Goa"
"PERF50971203","2019-09-10","Suman","Guha","Tagore","M","1941-12-03","Hyderabad","910563","Hyderabad","Orissa"
"PERF84951204","2019-08-21","Darshan","Devar","Johar","M","1975-03-13","New Delhi","401157","New Delhi","Uttaranchal"
"PERF65701205","2018-08-05","Damodara","Bandopadhyay","Chattopadhyay","F","1940-07-25","Visakhapatnam","566124","Visakhapatnam","Haryana"
"PERF57571206","2019-03-15","Bandhu","Verma","Gandhi","M","2024-02-16","Thiruvananthapuram","927947","Thiruvananthapuram","Haryana"
"PERF21711207","2024-04-16","Anjaneya","Mehra","Patel","M","2022-10-02","Chennai","596273","Chennai","Maharashtra"
"PERF17731208","2023-02-24","Rameshwar","Pothuvaal","Pillai","M","1941-08-27","New Delhi","828295","New Delhi","Meghalaya"
"PERF42331209","2023-03-12","Nikita","Varrier","Pothuvaal","F","1935-01-17","Bengaluru","852073","Bengaluru","Chandigarh"
"PERF92431210","2018-03-25","Bhavani","Gupta","Verma","F","1950-07-10","Mumbai","146596","Mumbai","Tamil Nadu"
"PERF90041211","2015-10-23","Lavanya","Menon","Mahajan","M","1935-05-14","Kolkata","936270","Kolkata","Orissa"
"PERF94171212","2016-08-22","Chidambaram","Ahluwalia","Menon","F","1965-04-06","Bengaluru","706944","Bengaluru","Bihar"
"PERF23351213","2023-12-20","Nawal","Kaul","Sharma","M","2021-04-25","Mumbai","069970","Mumbai","Jharkhand"
"PERF92001214","2018-04-27","Kailash","Mehrotra","Iyengar","M","1930-04-14","Kolkata","739510","Kolkata","Jharkhand"
"PERF65641215","2018-04-07","Girja","Reddy","Namboothiri","M","2003-07-15","Kolkata","622954","Kolkata","Andaman and Nicobar Islands"
"PERF50811216","2015-12-26","Trisha","Mukhopadhyay","Dwivedi","F","1965-04-30","Bengaluru","504265","Bengaluru","Lakshadweep"
"PERF42831217","2015-11-08","Girik","Iyengar","Saini","F","1963-09-05","Hyderabad","197073","Hyderabad","Arunachal Pradesh"
"PERF65771218","2018-08-19","Gaurang","Patel","Malik","M","1971-02-21","New Delhi","670073","New Delhi","Himachal Pradesh"
"PERF63601219","2020-09-19","Dinkar","Patil","Namboothiri","F","2007-01-27","Mumbai","365507","Mumbai","Dadar and Nagar Haveli"
"PERF50251220","2022-04-29","Ghanshyam","Sinha","Nair","F","1979-12-06","Thiruvananthapuram","652269","Thiruvananthapuram","Madya Pradesh"
"PERF30841221","2022-10-04","Dinakar","Bandopadhyay","Sharma","F","1953-11-23","Mumbai","569692","Mumbai","Uttar Pradesh"
"PERF92681222","2014-03-01","Anshula","Kapoor","Guneta","M","2022-12-31","Chennai","769847","Chennai","West Bengal"
"PERF44681223","2017-07-02","Lakshman","Arora","Bhattacharya","F","1962-01-15","Bengaluru","403238","Bengaluru","Tamil Nadu"
"PERF70191224","2017-08-19","Ghanashyam","Kaur","Abbott","M","1982-04-25","Thiruvananthapuram","718341","Thiruvananthapuram","Punjab"
"PERF2621225","2024-01-07","Rajiv","Sharma","Gowda","M","2009-06-04","New Delhi","374180","New Delhi","Jharkhand"
"PERF17001226","2019-04-10","Urmila","Pothuvaal","Mehra","F","1950-03-22","Kolkata","178328","Kolkata","Punjab"
"PERF63551227","2017-01-09","Anang","Ganaka","Chattopadhyay","M","1963-09-17","Thiruvananthapuram","276473","Thiruvananthapuram","Uttaranchal"
"PERF56971228","2022-06-22","Gemini","Bhat","Naik","F","1940-03-30","Bengaluru","039285","Bengaluru","Himachal Pradesh"
"PERF1581229","2016-08-25","Divaakar","Nehru","Asan","F","1979-01-31","Kolkata","313489","Kolkata","Tamil Nadu"
"PERF5711230","2023-08-07","Javas","Dutta","Desai","M","1958-01-13","Thiruvananthapuram","701523","Thiruvananthapuram","Orissa"
"PERF85781231","2023-01-01","Ajit","Ganaka","Patil","M","1971-06-08","Mumbai","492376","Mumbai","Rajasthan"
"PERF8781232","2016-07-07","Akroor","Banerjee","Pothuvaal","M","1938-10-05","Mumbai","578787","Mumbai","Jammu and Kashmir"
"PERF91291233","2023-01-26","Brahmabrata","Embranthiri","Ahluwalia","F","1995-05-07","Thiruvananthapuram","620630","Thiruvananthapuram","Dadar and Nagar Haveli"
"PERF11111234","2015-02-26","Bilwa","Khatri","Kakkar","M","1967-11-15","Kolkata","267800","Kolkata","Madya Pradesh"
"PERF2091235","2015-12-11","Kama","Adiga","Sethi","M","2010-06-29","Bengaluru","217399","Bengaluru","Bihar"
"PERF64651236","2020-12-19","Chiranjeev","Shah","Sethi","M","1935-08-28","Chennai","457523","Chennai","West Bengal"
"PERF53941237","2017-01-22","Arindam","Gowda","Reddy","M","1969-09-24","Bengaluru","384454","Bengaluru","Mizoram"
"PERF541238","2019-11-13","Yogendra","Banerjee","Naik","M","1973-03-10","Kolkata","546993","Kolkata","Rajasthan"
"PERF49301239","2018-02-27","Anilaabh","Marar","Mehra","M","1969-09-14","Hyderabad","459489","Hyderabad","Kerala"
"PERF18981240","2019-12-30","Brahma","Nambeesan","Iyengar","M","1938-05-04","Mumbai","063815","Mumbai","Orissa"
"PERF27381241","2014-04-13","Baala","Naik","Chaturvedi","F","1972-09-25","Bengaluru","366366","Bengaluru","Orissa"
"PERF10191242","2021-01-27","Anandamayi","Khanna","Kocchar","M","1991-11-17","New Delhi","110909","New Delhi","Mizoram"
"PERF18651243","2020-08-27","Atmaja","Singh","Mukhopadhyay","F","1992-07-19","Visakhapatnam","427505","Visakhapatnam","Karnataka"
"PERF41551244","2018-08-30","Kannan","Nath","Pothuvaal","F","1935-02-14","Mumbai","707744","Mumbai","Punjab"
"PERF3741245","2024-01-15","Rameshwar","Mehra","Talwar","M","1982-11-08","New Delhi","028142","New Delhi","Uttaranchal"
"PERF60711246","2023-08-07","Anil","Bhat","Khatri","F","2013-08-19","Hyderabad","576012","Hyderabad","Goa"
"PERF28911247","2023-06-12","Deepankar","Bandopadhyay","Kaur","F","1965-05-31","Visakhapatnam","386094","Visakhapatnam","Pondicherry"
"PERF37531248","2022-02-24","Vedang","Sharma","Rana","M","1998-03-08","Mumbai","096816","Mumbai","Andhra Pradesh"
"PERF6361249","2016-11-03","Atmaja","Varrier","Sinha","M","1997-07-13","Hyderabad","890016","Hyderabad","Assam"
"PERF93131250","2020-02-08","Tanushree","Bandopadhyay","Dubashi","F","1957-04-09","Bengaluru","320132","Bengaluru","Daman and Diu"
"PERF19041251","2018-09-19","Gopaal","Bhattacharya","Shah","M","2009-11-01","Hyderabad","029820","Hyderabad","Tripura"
"PERF60741252","2019-09-18","Chapal","Somayaji","Shah","M","1944-06-03","Hyderabad","582288","Hyderabad","Arunachal Pradesh"
"PERF52231253","2017-06-20","Mani","Sethi","Panicker","M","1994-09-14","Thiruvananthapuram","797195","Thiruvananthapuram","Karnataka"
"PERF77761254","2024-07-24","Amaranaath","Marar","Nehru","F","2020-04-08","Mumbai","551190","Mumbai","Goa"
"PERF9771255","2014-09-18","Anwesha","Ahuja","Ganaka","F","2016-02-27","Thiruvananthapuram","201975","Thiruvananthapuram","Goa"
"PERF83731256","2017-09-11","Deenabandhu","Butt","Mahajan","M","2020-06-12","Hyderabad","578247","Hyderabad","Meghalaya"
"PERF98951257","2020-08-08","Bhupen","Gowda","Devar","F","2010-08-23","New Delhi","573732","New Delhi","Manipur"
"PERF56121258","2016-02-17","Shrishti","Tagore","Varma","M","1995-01-20","Kolkata","095163","Kolkata","Chhattisgarh"
"PERF36111259","2020-03-05","Amogh","Pothuvaal","Patil","M","1938-10-05","New Delhi","432728","New Delhi","Arunachal Pradesh"
"PERF24381260","2016-07-22","Bhishma","Patil","Dutta","F","2022-12-13","Hyderabad","138846","Hyderabad","Lakshadweep"
"PERF7071261","2017-08-14","Shakti","Bandopadhyay","Pillai","F","1943-09-14","New Delhi","958649","New Delhi","Gujarat"
"PERF27361262","2017-06-04","Ghanashyam","Pillai","Pilla","M","1941-05-16","Bengaluru","637669","Bengaluru","Rajasthan"
"PERF60271263","2020-04-10","Vidur","Pillai","Chaturvedi","M","1982-12-20","Chennai","341148","Chennai","Mizoram"
"PERF67591264","2018-09-27","Chetan","Ganaka","Prajapat","F","1978-03-28","Hyderabad","366353","Hyderabad","Haryana"
"PERF41121265","2019-11-22","Deeksha","Bhat","Ahuja","F","1949-08-31","Bengaluru","366768","Bengaluru","Bihar"
"PERF31311266","2022-07-03","Balagovind","Asan","Varma","F","1966-12-23","Kolkata","334047","Kolkata","Tamil Nadu"
"PERF71041267","2017-12-31","Baladitya","Bandopadhyay","Kakkar","F","1994-10-09","Kolkata","034395","Kolkata","Pondicherry"
"PERF56561268","2020-07-09","Rohana","Kaniyar","Devar","M","1963-08-11","New Delhi","745903","New Delhi","Chhattisgarh"
"PERF93511269","2020-07-06","Indra","Patel","Patel","F","2013-01-17","Thiruvananthapuram","815443","Thiruvananthapuram","Uttar Pradesh"
"PERF19801270","2018-08-26","Atmanand","Mehrotra","Bharadwaj","M","2002-01-08","Visakhapatnam","851117","Visakhapatnam","Goa"
"PERF11171271","2020-05-31","Agastya","Marar","Namboothiri","F","1982-05-20","Visakhapatnam","068993","Visakhapatnam","Bihar"
"PERF47611272","2019-02-25","Abhirath","Johar","Mehra","M","1931-06-21","Visakhapatnam","637733","Visakhapatnam","Uttaranchal"
"PERF42911273","2016-02-14","Gorakhnath","Talwar","Nair","M","2019-04-11","Bengaluru","827324","Bengaluru","Goa"
"PERF57141274","2018-10-11","Laxmi","Kocchar","Kocchar","M","2004-07-23","Visakhapatnam","709425","Visakhapatnam","Jammu and Kashmir"
"PERF41491275","2016-05-09","Jyotis","Varrier","Mehrotra","M","1943-06-08","Bengaluru","246367","Bengaluru","Manipur"
"PERF22361276","2017-02-14","Damodara","Khan","Chattopadhyay","M","1930-10-11","Visakhapatnam","638175","Visakhapatnam","Andaman and Nicobar Islands"
"PERF81931277","2023-04-22","Udit","Mahajan","Mahajan","F","1978-07-02","Bengaluru","177158","Bengaluru","Goa"
"PERF4191278","2024-06-02","Rukhmani","Kaniyar","Panicker","F","1950-09-24","Chennai","350283","Chennai","Orissa"
"PERF27661279","2017-01-10","Budhil","Sethi","Jha","F","1933-09-08","Chennai","603789","Chennai","Tamil Nadu"
"PERF32841280","2015-10-04","Aagney","Sinha","Nair","F","2009-01-18","Kolkata","224259","Kolkata","Andhra Pradesh"
"PERF8631281","2024-04-26","Tanushree","Johar","Adiga","F","1932-02-27","New Delhi","896448","New Delhi","Uttar Pradesh"
"PERF54421282","2020-12-30","Mohini","Patil","Dhawan","F","2001-10-31","Mumbai","186236","Mumbai","Tripura"
"PERF12791283","2016-04-11","Laal","Mehra","Kaniyar","M","1957-07-25","Kolkata","196737","Kolkata","Nagaland"
"PERF4731284","2022-12-06","Atmananda","Bhattathiri","Gill","F","1969-11-02","Kolkata","727602","Kolkata","Mizoram"
"PERF81431285","2022-08-23","Chidananda","Panicker","Gandhi","F","1994-01-08","Hyderabad","206424","Hyderabad","Bihar"
"PERF80391286","2021-10-09","Archan","Gupta","Malik","F","1948-06-20","Thiruvananthapuram","926230","Thiruvananthapuram","Manipur"
"PERF24981287","2020-04-13","Arjun","Chattopadhyay","Varma","F","1938-09-03","Chennai","323852","Chennai","Uttaranchal"
"PERF79061288","2020-04-08","Bhramar","Bandopadhyay","Banerjee","M","2006-10-15","Bengaluru","384563","Bengaluru","Lakshadweep"
"PERF44331289","2015-07-13","Gopal","Pothuvaal","Pothuvaal","F","2012-11-12","Kolkata","635319","Kolkata","Goa"
"PERF8431290","2016-11-20","Ameyatma","Pothuvaal","Chattopadhyay","M","1988-07-22","Hyderabad","643269","Hyderabad","Mizoram"
"PERF83711291","2016-07-30","Shakti","Guha","Tandon","M","1939-04-05","Kolkata","605274","Kolkata","Andhra Pradesh"
"PERF88411292","2021-09-23","Gauranga","Namboothiri","Khanna","F","1967-12-20","Visakhapatnam","576031","Visakhapatnam","Pondicherry"
"PERF80291293","2016-11-20","Charuvrat","Shah","Saini","M","1984-04-18","Visakhapatnam","335331","Visakhapatnam","Gujarat"
"PERF45861294","2022-07-29","Chakor","Mahajan","Guneta","F","2012-11-24","Thiruvananthapuram","113332","Thiruvananthapuram","Daman and Diu"
"PERF16151295","2017-08-21","Durga","Shukla","Dubashi","M","1986-10-28","Mumbai","326863","Mumbai","Bihar"
"PERF71791296","2017-03-03","Anjaneya","Mehra","Dwivedi","F","1997-08-29","Chennai","153123","Chennai","Himachal Pradesh"
"PERF42151297","2024-04-26","Jahnu","Gill","Bharadwaj","F","1973-03-28","Thiruvananthapuram","250553","Thiruvananthapuram","Assam"
"PERF82401298","2017-09-25","Aryan","Pothuvaal","Marar","F","2019-04-30","Thiruvananthapuram","734820","Thiruvananthapuram","Chandigarh"
"PERF22471299","2020-08-08","Bhramar","Namboothiri","Gowda","M","1966-02-09","Visakhapatnam","588091","Visakhapatnam","Punjab"
"PERF72221300","2021-11-25","Anjushree","Desai","Naik","M","2002-03-07","New Delhi","076930","New Delhi","Orissa"
"PERF73051301","2022-01-27","Chitrangada","Acharya","Shukla","F","1958-07-13","Bengaluru","634712","Bengaluru","Jharkhand"
"PERF84611302","2020-08-03","Aatmaj","Tandon","Reddy","M","1989-06-29","Chennai","579013","Chennai","Gujarat"
"PERF70191303","2021-12-31","Indira","Rana","Agarwal","M","1957-06-28","Thiruvananthapuram","564211","Thiruvananthapuram","Chhattisgarh"
"PERF66821304","2016-01-14","Chiranjeeve","Khan","Rana","M","1945-09-07","Hyderabad","290691","Hyderabad","Nagaland"
"PERF62701305","2018-08-26","Dipesh","Dutta","Deshpande","F","1993-12-18","Kolkata","078466","Kolkata","Arunachal Pradesh"
"PERF61621306","2020-03-05","Saroja","Patel","Iyer","F","1935-08-30","Bengaluru","210229","Bengaluru","Haryana"
"PERF87361307","2022-05-10","Meenakshi","Ahuja","Devar","M","1943-12-19","Hyderabad","572292","Hyderabad","Bihar"
"PERF40581308","2016-07-13","Kirti","Asan","Tagore","F","1950-04-24","Kolkata","044121","Kolkata","Tamil Nadu"
"PERF10901309","2014-06-20","Siddhran","Nayar","Mehrotra","M","1969-01-22","Visakhapatnam","244166","Visakhapatnam","Pondicherry"
"PERF7541310","2021-08-02","Balamani","Gowda","Jain","M","2001-06-22","Hyderabad","615248","Hyderabad","Goa"
"PERF32111311","2016-12-22","Dhaanyalakshmi","Khatri","Trivedi","F","1957-05-06","Chennai","833257","Chennai","Uttar Pradesh"
"PERF33051312","2019-06-26","Jagadisha","Kaur","Gill","F","1936-07-13","Chennai","747815","Chennai","Karnataka"
"PERF17631313","2015-11-30","Vedanshi","Sharma","Sharma","M","1932-05-11","Visakhapatnam","632800","Visakhapatnam","Madya Pradesh"
"PERF36821314","2014-06-27","Mukesh","Adiga","Somayaji","F","1996-03-27","Bengaluru","999955","Bengaluru","Madya Pradesh"
"PERF73011315","2014-12-09","Deeptimoyee","Rana","Varrier","M","1958-08-29","New Delhi","861480","New Delhi","Daman and Diu"
"PERF71811316","2023-01-17","Vedanshi","Pothuvaal","Iyengar","F","1937-01-14","Hyderabad","334630","Hyderabad","Goa"
"PERF3721317","2018-08-14","Dinkar","Nehru","Bhattacharya","M","2012-08-26","New Delhi","988813","New Delhi","Dadar and Nagar Haveli"
"PERF32901318","2016-10-02","Trisha","Johar","Iyer","M","2003-10-10","Thiruvananthapuram","591057","Thiruvananthapuram","Madya Pradesh"
"PERF20371319","2018-06-15","Vidhur","Jha","Marar","F","1955-08-03","New Delhi","078743","New Delhi","Delhi"
"PERF32481320","2022-05-29","Anuja","Shukla","Johar","M","2022-06-22","Chennai","897599","Chennai","Manipur"
"PERF88051321","2018-03-21","Chandramohan","Varma","Gandhi","F","1985-03-17","Hyderabad","956721","Hyderabad","Madya Pradesh"
"PERF61951322","2015-11-07","Abani","Pillai","Bhat","F","2004-10-09","Chennai","696002","Chennai","Karnataka"
"PERF7771323","2020-03-21","Aanjaneya","Bhattathiri","Dhawan","F","2005-10-24","Hyderabad","103097","Hyderabad","Haryana"
"PERF85061324","2021-01-05","Bhadra","Mehrotra","Patel","M","1973-06-17","Bengaluru","759460","Bengaluru","Gujarat"
"PERF31481325","2019-12-18","Dipali","Varrier","Khanna","M","1958-11-22","Visakhapatnam","638703","Visakhapatnam","Goa"
"PERF80391326","2014-05-26","Baladitya","Rana","Guneta","M","1930-10-08","Kolkata","589086","Kolkata","Karnataka"
"PERF88781327","2014-07-04","Ekaaksh","Khanna","Asan","F","1952-02-05","Hyderabad","117879","Hyderabad","Meghalaya"
"PERF93691328","2024-06-21","Chapala","Sinha","Jha","F","2000-04-15","Mumbai","640979","Mumbai","Arunachal Pradesh"
"PERF36801329","2021-09-26","Indira","Achari","Kakkar","M","1946-08-23","Mumbai","448363","Mumbai","Delhi"
"PERF22451330","2021-05-23","Sarala","Embranthiri","Shah","F","1961-04-04","Kolkata","499227","Kolkata","Bihar"
"PERF79241331","2023-12-13","Bhagavaan","Mahajan","Varman","F","1973-12-19","Mumbai","659652","Mumbai","Lakshadweep"
"PERF95781332","2016-01-14","Deeptimayee","Prajapat","Kapoor","F","1955-09-02","Chennai","566758","Chennai","Andaman and Nicobar Islands"
"PERF18331333","2017-12-08","Achalesvara","Chaturvedi","Dubashi","F","1957-08-01","New Delhi","002341","New Delhi","Chhattisgarh"
"PERF22341334","2014-09-12","Chandrakin","Tagore","Mishra","M","1967-05-02","Chennai","660692","Chennai","Tamil Nadu"
"PERF40921335","2014-08-13","Saraswati","Guha","Adiga","M","2003-02-14","Visakhapatnam","957991","Visakhapatnam","Tamil Nadu"
"PERF64301336","2014-03-10","Shivakari","Prajapat","Mehrotra","M","1982-07-21","Bengaluru","779008","Bengaluru","Dadar and Nagar Haveli"
"PERF5141337","2017-03-22","Girija","Verma","Gandhi","M","1984-01-14","New Delhi","649616","New Delhi","Gujarat"
"PERF75781338","2021-08-18","Shwet","Sinha","Kaul","M","1953-06-02","New Delhi","747775","New Delhi","Uttar Pradesh"
"PERF32741339","2016-03-11","Laxmi","Kakkar","Malik","M","1957-04-10","Mumbai","290076","Mumbai","Lakshadweep"
"PERF25661340","2022-07-07","Bandhul","Pillai","Kakkar","F","1978-06-03","Bengaluru","319395","Bengaluru","Madya Pradesh"
"PERF19441341","2017-09-28","Chandramani","Mehra","Iyengar","M","1955-07-09","Thiruvananthapuram","693326","Thiruvananthapuram","Goa"
"PERF51342","2015-03-27","Gitanjali","Arora","Varma","F","1938-09-17","Visakhapatnam","192265","Visakhapatnam","Chandigarh"
"PERF3561343","2020-06-03","Smriti","Khanna","Varrier","F","1937-10-12","Hyderabad","554712","Hyderabad","West Bengal"
"PERF10161344","2021-05-15","Aasha","Khan","Pilla","F","1958-01-18","Hyderabad","735539","Hyderabad","Meghalaya"
"PERF52411345","2015-01-26","Adhrit","Desai","Achari","M","1937-08-20","Mumbai","706140","Mumbai","Arunachal Pradesh"
"PERF91391346","2021-07-05","Sanya","Bhat","Trivedi","M","1982-12-23","Chennai","855037","Chennai","Pondicherry"
"PERF331347","2019-12-15","Radha","Khan","Saini","F","1974-02-02","Chennai","983366","Chennai","Dadar and Nagar Haveli"
"PERF28241348","2019-01-13","Arindam","Kocchar","Guha","F","2015-07-19","Kolkata","876056","Kolkata","Karnataka"
"PERF91101349","2018-10-03","Meena","Dubashi","Nambeesan","M","1961-06-27","New Delhi","275076","New Delhi","Jharkhand"
"PERF60101350","2017-08-01","Hiranmay","Nair","Naik","M","1938-04-21","Hyderabad","833870","Hyderabad","Kerala"
"PERF27641351","2020-08-13","Aadi","Jain","Dwivedi","F","1939-08-05","Mumbai","841181","Mumbai","Bihar"
"PERF11041352","2014-02-20","Kin","Talwar","Menon","F","1988-08-09","Mumbai","727278","Mumbai","Meghalaya"
"PERF17771353","2014-02-28","Aadi","Nayar","Prajapat","M","2005-03-02","Bengaluru","774335","Bengaluru","Jammu and Kashmir"
"PERF80831354","2016-04-01","Javas","Tandon","Embranthiri","F","1966-06-07","Visakhapatnam","644713","Visakhapatnam","Pondicherry"
"PERF87031355","2024-07-15","Hiranmay","Dwivedi","Malik","F","2021-07-01","Thiruvananthapuram","763244","Thiruvananthapuram","Andhra Pradesh"
"PERF4901356","2023-06-03","Charak","Dwivedi","Shah","M","1971-10-07","Chennai","240328","Chennai","Bihar"
"PERF94721357","2018-05-18","Sher","Deshpande","Bharadwaj","F","1944-12-29","Chennai","952847","Chennai","Punjab"
"PERF8571358","2016-07-06","Brajendra","Dubashi","Varma","M","1965-11-16","Mumbai","717733","Mumbai","Uttar Pradesh"
"PERF23931359","2017-02-20","Acharyanandana","Embranthiri","Iyer","M","2011-03-26","Hyderabad","455789","Hyderabad","Delhi"
"PERF72651360","2020-04-25","Bankimchandra","Guneta","Nehru","F","1930-12-22","Mumbai","616687","Mumbai","Meghalaya"
"PERF74181361","2022-05-10","Ghanaanand","Joshi","Prajapat","M","2015-12-09","Bengaluru","285355","Bengaluru","Mizoram"
"PERF42021362","2018-06-08","Hiranya","Agarwal","Kocchar","F","1954-04-15","Visakhapatnam","056875","Visakhapatnam","Andhra Pradesh"
"PERF27611363","2015-07-10","Gandharva","Talwar","Saini","M","1969-05-07","Mumbai","723194","Mumbai","Bihar"
"PERF42281364","2022-05-28","Varalakshmi","Varrier","Sethi","M","1993-10-12","Hyderabad","786669","Hyderabad","Uttar Pradesh"
"PERF5821365","2020-02-27","Aarya","Kapoor","Shah","M","2016-09-06","Chennai","546206","Chennai","Andhra Pradesh"
"PERF83401366","2024-04-27","Deeptanshu","Kaniyar","Nambeesan","M","1931-09-05","Hyderabad","053931","Hyderabad","Orissa"
"PERF56641367","2019-12-26","Baijayanti","Patel","Devar","F","1967-09-18","Kolkata","970380","Kolkata","Himachal Pradesh"
"PERF79551368","2024-05-12","Avani","Abbott","Sharma","F","1933-08-18","New Delhi","630790","New Delhi","Haryana"
"PERF25751369","2014-11-24","Ritesh","Butt","Dwivedi","F","1932-12-30","Visakhapatnam","183052","Visakhapatnam","Chhattisgarh"
"PERF75141370","2023-12-29","Alok","Gupta","Chattopadhyay","M","1941-05-12","Bengaluru","863367","Bengaluru","Maharashtra"
"PERF29481371","2019-01-17","Acharyanandana","Patil","Asan","F","1976-08-16","Thiruvananthapuram","638256","Thiruvananthapuram","Bihar"
"PERF76171372","2022-05-12","Chiranjeeve","Patel","Abbott","M","1939-05-17","Bengaluru","604153","Bengaluru","Maharashtra"
"PERF40191373","2021-05-26","Bhanumati","Ganaka","Kapoor","M","1977-01-06","Chennai","563286","Chennai","Meghalaya"
"PERF43331374","2015-04-01","Mahendra","Varrier","Butt","F","2002-09-01","Kolkata","624134","Kolkata","Goa"
"PERF1521375","2016-12-19","Jyoti","Swarup","Pillai","F","1940-05-10","Bengaluru","865949","Bengaluru","Sikkim"
"PERF90731376","2023-12-20","Anasooya","Dutta","Abbott","M","1956-12-12","Thiruvananthapuram","103349","Thiruvananthapuram","Tamil Nadu"
"PERF43991377","2014-10-30","Meenakshi","Dubashi","Shah","F","1988-10-07","Chennai","313506","Chennai","Daman and Diu"
"PERF82761378","2018-10-26","Chandra","Joshi","Khatri","M","1962-08-16","Thiruvananthapuram","024581","Thiruvananthapuram","Punjab"
"PERF18141379","2020-03-26","Deenabandhu","Varman","Guneta","M","1964-03-22","Visakhapatnam","579451","Visakhapatnam","Pondicherry"
"PERF47301380","2017-06-10","Chaitan","Jain","Somayaji","F","1950-07-04","Kolkata","218516","Kolkata","Tamil Nadu"
"PERF79891381","2014-11-05","Bhishma","Sinha","Mahajan","M","1975-05-25","Chennai","975131","Chennai","Lakshadweep"
"PERF17651382","2021-06-23","Anusuya","Bhattathiri","Rana","F","1967-12-27","Thiruvananthapuram","343767","Thiruvananthapuram","Himachal Pradesh"
"PERF73341383","2020-09-04","Avadhesh","Khatri","Butt","F","2022-07-05","Mumbai","240442","Mumbai","Andaman and Nicobar Islands"
"PERF27391384","2017-11-05","Gajbaahu","Khan","Trivedi","F","1931-01-15","Hyderabad","483445","Hyderabad","Uttar Pradesh"
"PERF25511385","2018-04-02","Devasree","Chattopadhyay","Reddy","F","2003-10-04","Bengaluru","970259","Bengaluru","Rajasthan"
"PERF94671386","2019-05-15","Giriraaj","Johar","Adiga","M","2015-10-31","Visakhapatnam","206301","Visakhapatnam","Haryana"
"PERF24521387","2022-06-06","Buddhana","Khanna","Bandopadhyay","M","1959-01-03","Thiruvananthapuram","360451","Thiruvananthapuram","Rajasthan"
"PERF62951388","2014-11-21","Adwitiya","Nayar","Tandon","M","2005-05-22","New Delhi","917371","New Delhi","Daman and Diu"
"PERF28101389","2023-11-17","Lakshmidhar","Gupta","Abbott","F","1999-03-23","New Delhi","376714","New Delhi","Arunachal Pradesh"
"PERF26701390","2018-09-22","Chandraketu","Nayar","Sinha","F","2008-05-08","Thiruvananthapuram","220551","Thiruvananthapuram","Tripura"
"PERF21901391","2014-05-25","Rudra","Khatri","Kaniyar","M","2015-11-24","New Delhi","049243","New Delhi","Bihar"
"PERF66111392","2019-09-04","Dhyanesh","Chattopadhyay","Varrier","M","1946-11-29","Bengaluru","055560","Bengaluru","Punjab"
"PERF8041393","2024-05-08","Goswamee","Guha","Pillai","M","1965-11-04","Thiruvananthapuram","928761","Thiruvananthapuram","Punjab"
"PERF94231394","2019-03-08","Saroja","Varman","Nair","M","1976-06-11","Kolkata","630020","Kolkata","Uttar Pradesh"
"PERF13801395","2021-11-17","Lakshmidhar","Panicker","Chaturvedi","M","1964-12-23","Mumbai","896711","Mumbai","Jammu and Kashmir"
"PERF68361396","2022-09-01","Maheswar","Varrier","Pothuvaal","F","1989-02-28","Kolkata","355087","Kolkata","Himachal Pradesh"
"PERF3031397","2024-04-17","Gajbaahu","Mishra","Varman","M","2013-12-07","Visakhapatnam","396252","Visakhapatnam","Tripura"
"PERF15301398","2019-09-10","Vrund","Nambeesan","Ahluwalia","F","1966-06-10","Kolkata","649805","Kolkata","Gujarat"
"PERF72561399","2016-12-04","Deb","Abbott","Devar","M","2021-08-14","Mumbai","484118","Mumbai","Uttaranchal"
"PERF32271400","2020-05-18","Chitraksh","Kapoor","Chattopadhyay","M","2004-03-10","Thiruvananthapuram","778959","Thiruvananthapuram","West Bengal"
"PERF28211401","2016-05-03","Akshayakeerti","Bharadwaj","Dubashi","F","1998-03-17","Hyderabad","133670","Hyderabad","Andaman and Nicobar Islands"
"PERF11861402","2018-01-14","Himadri","Sinha","Talwar","M","2017-07-31","New Delhi","471877","New Delhi","Daman and Diu"
"PERF79321403","2018-11-11","Chandramauli","Shukla","Malik","M","1930-10-04","Kolkata","179078","Kolkata","Arunachal Pradesh"
"PERF66661404","2018-11-14","Aditeya","Pillai","Kakkar","F","2012-06-15","Chennai","110617","Chennai","Rajasthan"
"PERF99551405","2016-01-06","Bhaves","Varman","Reddy","F","1944-07-07","Visakhapatnam","804899","Visakhapatnam","Haryana"
"PERF27291406","2021-06-26","Deeptendu","Ahuja","Patel","F","2010-02-17","Kolkata","816756","Kolkata","Pondicherry"
"PERF18951407","2019-12-10","Dhana","Kapoor","Pothuvaal","F","1933-05-09","Mumbai","852396","Mumbai","Bihar"
"PERF77801408","2017-02-14","Anjushree","Sethi","Khatri","F","2014-11-21","New Delhi","854676","New Delhi","Haryana"
"PERF51421409","2018-08-22","Gopaal","Varman","Dwivedi","M","1960-10-21","New Delhi","372422","New Delhi","Bihar"
"PERF46771410","2018-11-06","Bhagwati","Nehru","Tagore","M","2018-10-09","New Delhi","221347","New Delhi","West Bengal"
"PERF6091411","2022-12-03","Vaijayanti","Verma","Sharma","F","1966-05-07","Bengaluru","811169","Bengaluru","Nagaland"
"PERF74571412","2023-08-29","Trisha","Butt","Khan","M","1954-04-23","Kolkata","694143","Kolkata","Punjab"
"PERF92651413","2016-01-18","Baalaaditya","Pilla","Mishra","M","1958-02-24","New Delhi","096664","New Delhi","Bihar"
"PERF20771414","2022-06-20","Meenakshi","Nayar","Bhattacharya","M","1973-02-13","Chennai","068736","Chennai","Sikkim"
"PERF82581415","2022-02-03","Dhaanyalakshmi","Dhawan","Nayar","F","2014-11-26","Mumbai","374818","Mumbai","Tripura"
"PERF57841416","2021-08-02","Goswami","Panicker","Saini","F","2016-06-01","Mumbai","902067","Mumbai","Assam"
"PERF36701417","2020-06-12","Ayushmati","Johar","Reddy","M","1997-09-04","Hyderabad","054855","Hyderabad","Karnataka"
"PERF71151418","2021-12-08","Adripathi","Saini","Mehra","M","1932-09-02","Mumbai","749393","Mumbai","Madya Pradesh"
"PERF93041419","2022-03-09","Suma","Mehra","Shukla","F","2018-07-08","Hyderabad","848536","Hyderabad","Kerala"
"PERF88511420","2018-12-31","Gotum","Sethi","Tandon","F","1956-10-09","Mumbai","084005","Mumbai","Goa"
"PERF58171421","2020-08-01","Mukul","Varrier","Bhattacharya","M","1970-11-18","Visakhapatnam","663286","Visakhapatnam","Goa"
"PERF20561422","2014-12-16","Anjushree","Khan","Dutta","M","1971-05-13","New Delhi","166888","New Delhi","Madya Pradesh"
"PERF17911423","2019-03-14","Amish","Kocchar","Ahluwalia","M","2004-10-31","New Delhi","615577","New Delhi","Maharashtra"
"PERF44951424","2017-07-13","Rajan","Bhattathiri","Kaniyar","M","1956-07-30","New Delhi","382390","New Delhi","Maharashtra"
"PERF93121425","2023-08-18","Dhanu","Embranthiri","Kakkar","M","2005-06-07","Chennai","749817","Chennai","Andhra Pradesh"
"PERF98761426","2021-06-13","Narinder","Naik","Bandopadhyay","M","2006-03-22","Thiruvananthapuram","700166","Thiruvananthapuram","Karnataka"
"PERF76871427","2023-05-27","Bhardwaj","Dwivedi","Kaniyar","F","1978-03-20","Kolkata","164771","Kolkata","Lakshadweep"
"PERF2831428","2018-02-26","Ganapati","Tandon","Gandhi","M","1999-05-04","New Delhi","096701","New Delhi","Chhattisgarh"
"PERF63901429","2014-08-29","Tarun","Chopra","Gill","M","1984-01-21","Mumbai","983397","Mumbai","Andhra Pradesh"
"PERF55321430","2022-07-13","Devdan","Khanna","Mishra","M","2022-07-11","Kolkata","539129","Kolkata","Jharkhand"
"PERF32181431","2016-05-14","Chakradhar","Desai","Varrier","F","1954-12-06","Thiruvananthapuram","133471","Thiruvananthapuram","Uttar Pradesh"
"PERF21971432","2021-09-19","Bankim","Tagore","Mahajan","M","1933-09-10","Hyderabad","516545","Hyderabad","Goa"
"PERF3401433","2019-11-17","Adripathi","Dhawan","Somayaji","M","1955-08-10","Mumbai","383146","Mumbai","Daman and Diu"
"PERF68981434","2018-03-20","Manjusha","Sinha","Trivedi","F","1968-07-11","Kolkata","477349","Kolkata","Nagaland"
"PERF97481435","2014-08-08","Aishani","Marar","Pillai","M","2000-10-14","Chennai","010068","Chennai","Bihar"
"PERF82561436","2017-05-28","Aishani","Ahuja","Rana","F","1999-01-08","Visakhapatnam","227675","Visakhapatnam","Meghalaya"
"PERF72081437","2014-11-26","Chatura","Prajapat","Mahajan","M","1954-05-16","Kolkata","810191","Kolkata","Orissa"
"PERF31931438","2021-03-15","Ujjwal","Nair","Chaturvedi","M","2003-05-28","New Delhi","062447","New Delhi","Meghalaya"
"PERF90091439","2022-08-25","Kamla","Pandey","Jain","F","1962-01-07","Kolkata","866313","Kolkata","Sikkim"
"PERF2091440","2019-10-18","Akshata","Kaur","Banerjee","F","1997-05-09","New Delhi","629911","New Delhi","Punjab"
"PERF50391441","2016-04-07","Gauraang","Deshpande","Kocchar","F","1972-05-27","Chennai","440730","Chennai","Meghalaya"
"PERF58461442","2020-11-11","Deeptimay","Gill","Somayaji","F","1989-07-23","Thiruvananthapuram","348651","Thiruvananthapuram","West Bengal"
"PERF59231443","2017-11-30","Bhupen","Chaturvedi","Chattopadhyay","F","1979-04-26","Chennai","706908","Chennai","Orissa"
"PERF86061444","2015-02-21","Tanushri","Trivedi","Butt","M","1971-02-06","Kolkata","575637","Kolkata","Uttar Pradesh"
"PERF70511445","2018-07-01","Rukhmani","Varman","Mehra","M","1974-02-25","Visakhapatnam","133386","Visakhapatnam","Orissa"
"PERF72491446","2020-12-12","Adityanandana","Jain","Devar","M","1943-06-19","New Delhi","826725","New Delhi","Bihar"
"PERF82421447","2016-07-12","Ekaparnika","Talwar","Iyengar","M","2017-11-30","Chennai","168038","Chennai","Daman and Diu"
"PERF34391448","2015-05-26","Alok","Shah","Patil","M","1932-07-01","Hyderabad","524874","Hyderabad","Chhattisgarh"
"PERF57891449","2016-07-05","Vasudev","Nayar","Desai","M","1960-10-04","Thiruvananthapuram","849188","Thiruvananthapuram","Delhi"
"PERF78911450","2019-09-14","Kirti","Namboothiri","Sinha","F","1945-12-28","Visakhapatnam","516594","Visakhapatnam","Uttaranchal"
"PERF9871451","2023-08-09","Rameshwar","Menon","Kapoor","M","1981-08-17","Chennai","530647","Chennai","Delhi"
"PERF22691452","2015-06-04","Ujjwal","Sethi","Varma","M","1999-06-30","Visakhapatnam","261822","Visakhapatnam","Delhi"
"PERF71321453","2016-10-19","Arjun","Nair","Dutta","M","2019-04-03","Hyderabad","161903","Hyderabad","Pondicherry"
"PERF15581454","2019-11-23","Akshainie","Varman","Kaur","M","1939-10-07","Mumbai","287209","Mumbai","West Bengal"
"PERF90351455","2014-09-23","Deependra","Asan","Marar","M","1960-02-04","Visakhapatnam","986047","Visakhapatnam","Tamil Nadu"
"PERF7421456","2020-03-15","Anand","Achari","Dhawan","M","1952-03-02","New Delhi","742055","New Delhi","Jharkhand"
"PERF56621457","2016-09-30","Poornima","Kakkar","Guneta","F","1962-02-10","New Delhi","989784","New Delhi","Jammu and Kashmir"
"PERF18491458","2018-11-19","Yoginder","Gowda","Acharya","M","1956-04-22","Hyderabad","529329","Hyderabad","Himachal Pradesh"
"PERF81131459","2020-03-16","Chandira","Nambeesan","Nambeesan","M","1930-04-22","Kolkata","756104","Kolkata","Mizoram"
"PERF30951460","2014-07-16","Rajiv","Johar","Iyer","F","1989-07-05","Kolkata","029441","Kolkata","Sikkim"
"PERF69701461","2017-10-17","Jagadish","Bhattacharya","Rana","F","1999-06-09","Hyderabad","232259","Hyderabad","Uttaranchal"
"PERF68741462","2021-06-24","Bilva","Desai","Iyer","F","1946-03-02","Mumbai","018494","Mumbai","Mizoram"
"PERF7681463","2019-11-20","Divya","Nayar","Pothuvaal","F","1937-12-23","Mumbai","127606","Mumbai","Tamil Nadu"
"PERF28651464","2018-04-02","Bilva","Dubashi","Gowda","F","1943-05-04","Hyderabad","917313","Hyderabad","Andhra Pradesh"
"PERF85731465","2021-04-19","Amogh","Varma","Shah","F","1934-12-07","Visakhapatnam","406016","Visakhapatnam","Orissa"
"PERF31941466","2018-10-08","Satish","Kocchar","Shukla","M","2018-04-16","Mumbai","160902","Mumbai","Kerala"
"PERF32421467","2019-09-15","Rajiv","Naik","Mukhopadhyay","F","2000-03-05","Bengaluru","467545","Bengaluru","Madya Pradesh"
"PERF81811468","2018-05-02","Hiranya","Achari","Panicker","F","1973-03-19","Kolkata","284927","Kolkata","Tamil Nadu"
"PERF53461469","2023-10-08","Leela","Shah","Varrier","M","1942-08-31","Mumbai","092498","Mumbai","Rajasthan"
"PERF41571470","2017-10-21","Sweta","Varma","Mukhopadhyay","M","1958-03-23","Chennai","397259","Chennai","Jammu and Kashmir"
"PERF34471471","2016-04-27","Padma","Bhattacharya","Mahajan","F","2014-07-08","Thiruvananthapuram","979737","Thiruvananthapuram","Punjab"
"PERF44571472","2016-04-11","Chandrabhaga","Mishra","Guneta","F","2002-08-21","Thiruvananthapuram","637023","Thiruvananthapuram","Lakshadweep"
"PERF39131473","2018-11-01","Anish","Nayar","Bhat","F","1981-05-22","Chennai","234061","Chennai","Assam"
"PERF17351474","2022-02-25","Bala","Jha","Nayar","F","1981-11-09","Hyderabad","821419","Hyderabad","Nagaland"
"PERF3331475","2018-09-20","Acaryatanaya","Patil","Butt","M","1957-10-12","Visakhapatnam","512832","Visakhapatnam","Andhra Pradesh"
"PERF27061476","2020-02-03","Arun","Tagore","Ahluwalia","M","2002-03-05","New Delhi","488628","New Delhi","Pondicherry"
"PERF3851477","2024-05-20","Rahul","Pothuvaal","Kocchar","M","1976-08-30","New Delhi","996942","New Delhi","Kerala"
"PERF65931478","2022-03-25","Kannen","Namboothiri","Mehra","F","1965-07-27","New Delhi","481840","New Delhi","Maharashtra"
"PERF22451479","2017-01-12","Anang","Mishra","Mehrotra","M","1959-02-04","Mumbai","159635","Mumbai","Jammu and Kashmir"
"PERF71601480","2023-08-07","Gandharv","Jain","Sethi","M","1955-10-26","Thiruvananthapuram","254616","Thiruvananthapuram","Nagaland"
"PERF24141481","2018-06-28","Ghanshyam","Gandhi","Kapoor","M","1940-03-15","Hyderabad","448542","Hyderabad","Bihar"
"PERF77151482","2024-05-08","Ajit","Khatri","Chattopadhyay","F","2004-09-29","Chennai","888993","Chennai","Sikkim"
"PERF63971483","2016-02-09","Aanjaneya","Trivedi","Chaturvedi","F","2011-02-06","Thiruvananthapuram","851716","Thiruvananthapuram","Madya Pradesh"
"PERF44051484","2014-03-31","Adhiraj","Varrier","Verma","M","1992-03-15","Chennai","602186","Chennai","Chhattisgarh"
"PERF49491485","2022-08-09","Vedanga","Iyengar","Somayaji","M","1954-06-11","Hyderabad","171979","Hyderabad","West Bengal"
"PERF56401486","2021-05-01","Daksha","Malik","Tandon","M","1964-03-24","Visakhapatnam","452478","Visakhapatnam","Assam"
"PERF40491487","2020-03-15","Urmila","Swarup","Varrier","M","1937-06-14","Bengaluru","679848","Bengaluru","Punjab"
"PERF48061488","2015-04-28","Dayaananda","Mishra","Guha","F","1937-05-21","Mumbai","490527","Mumbai","Maharashtra"
"PERF22201489","2014-05-09","Jitender","Kapoor","Asan","M","1993-09-20","Visakhapatnam","021034","Visakhapatnam","Jharkhand"
"PERF45261490","2020-07-31","Aatreya","Nair","Naik","M","2014-03-21","Kolkata","311623","Kolkata","Delhi"
"PERF3701491","2014-06-13","Indira","Banerjee","Kaul","F","1945-08-04","Hyderabad","534149","Hyderabad","Pondicherry"
"PERF87941492","2018-09-22","Kiran","Naik","Asan","F","1936-04-17","Mumbai","015831","Mumbai","Tamil Nadu"
"PERF23791493","2023-12-29","Anjushree","Mukhopadhyay","Varrier","M","1959-04-21","New Delhi","605612","New Delhi","Chhattisgarh"
"PERF85481494","2023-09-23","Akshat","Asan","Mukhopadhyay","F","2005-10-31","Thiruvananthapuram","960212","Thiruvananthapuram","Andaman and Nicobar Islands"
"PERF11521495","2021-04-10","Deeptiman","Gandhi","Dhawan","M","1975-09-11","Kolkata","220581","Kolkata","Uttaranchal"
"PERF13111496","2018-01-12","Chaturbhuj","Butt","Adiga","M","2020-07-21","Thiruvananthapuram","364333","Thiruvananthapuram","Haryana"
"PERF45581497","2023-04-30","Basanti","Saini","Chopra","F","1971-10-25","Bengaluru","471297","Bengaluru","Chhattisgarh"
"PERF24581498","2015-12-15","Ekadant","Chopra","Rana","M","1936-02-26","Chennai","173038","Chennai","Pondicherry"
"PERF66561499","2017-12-18","Garud","Nair","Abbott","M","1996-04-20","Chennai","003951","Chennai","Punjab"
"PERF29041500","2020-05-30","Sanjay","Chopra","Johar","F","1994-01-06","Bengaluru","774610","Bengaluru","Uttar Pradesh"
"PERF87211501","2017-12-08","Niro","Acharya","Shukla","F","1967-05-21","New Delhi","883121","New Delhi","Gujarat"
"PERF69491502","2023-01-05","Suman","Varma","Bandopadhyay","M","2012-12-26","Mumbai","422726","Mumbai","Dadar and Nagar Haveli"
"PERF73511503","2014-11-28","Aanandaswarup","Chopra","Varrier","F","1985-11-13","Thiruvananthapuram","188108","Thiruvananthapuram","Chhattisgarh"
"PERF86981504","2018-02-20","Niro","Iyer","Somayaji","F","1999-10-09","Mumbai","382731","Mumbai","Dadar and Nagar Haveli"
"PERF54751505","2019-08-03","Chaanakya","Sinha","Achari","M","1965-10-30","Bengaluru","496135","Bengaluru","Madya Pradesh"
"PERF87771506","2017-01-02","Kashyapi","Mishra","Joshi","F","1957-09-16","Hyderabad","844885","Hyderabad","Tamil Nadu"
"PERF27491507","2019-10-10","Vidya","Shukla","Jain","M","1989-10-03","Hyderabad","052004","Hyderabad","Dadar and Nagar Haveli"
"PERF50671508","2019-02-25","Enakshi","Acharya","Saini","F","2011-06-10","Chennai","949788","Chennai","Tripura"
"PERF19411509","2022-01-08","Dwaipayana","Rana","Pilla","F","1997-11-27","Bengaluru","475997","Bengaluru","Pondicherry"
"PERF84931510","2023-07-23","Samir","Kaniyar","Jain","F","1975-12-12","Mumbai","498232","Mumbai","Arunachal Pradesh"
"PERF78841511","2023-02-11","Agrata","Mehra","Bhattathiri","M","1940-12-23","Thiruvananthapuram","050293","Thiruvananthapuram","Rajasthan"
"PERF3871512","2021-10-23","Shankar","Gandhi","Iyengar","F","1952-11-18","Thiruvananthapuram","467013","Thiruvananthapuram","Tamil Nadu"
"PERF37851513","2018-03-10","Jitendra","Achari","Mishra","F","2012-05-27","Mumbai","575445","Mumbai","Mizoram"
"PERF33231514","2019-04-30","Aaditya","Pothuvaal","Rana","F","2012-04-27","Mumbai","850840","Mumbai","Madya Pradesh"
"PERF63031515","2023-03-21","Bhaaswar","Asan","Mishra","F","1994-12-30","Chennai","820984","Chennai","Arunachal Pradesh"
"PERF93871516","2014-06-05","Brajendra","Adiga","Pillai","M","2001-04-04","Visakhapatnam","914044","Visakhapatnam","Madya Pradesh"
"PERF6751517","2017-04-27","Javas","Gupta","Ganaka","M","2016-05-25","Kolkata","510060","Kolkata","Bihar"
"PERF40151518","2014-10-05","Adityanandana","Kaniyar","Jain","F","2018-12-06","Kolkata","225723","Kolkata","Uttaranchal"
"PERF46111519","2014-03-18","Trilochan","Achari","Pillai","F","2002-05-31","Bengaluru","266044","Bengaluru","Himachal Pradesh"
"PERF80491520","2014-05-12","Adityanandan","Dubashi","Khanna","F","2009-01-16","Thiruvananthapuram","587523","Thiruvananthapuram","Jharkhand"
"PERF71471521","2019-05-16","Tanushree","Pandey","Dutta","F","1983-01-17","New Delhi","447965","New Delhi","Himachal Pradesh"
"PERF12361522","2020-01-22","Prema","Ahluwalia","Reddy","M","2018-10-31","Hyderabad","279392","Hyderabad","Pondicherry"
"PERF85221523","2022-08-16","Vedanshi","Mehra","Talwar","M","1955-12-17","Visakhapatnam","022334","Visakhapatnam","Maharashtra"
"PERF61461524","2018-01-10","Enakshi","Bhattathiri","Khan","F","2021-08-27","Kolkata","345543","Kolkata","Meghalaya"
"PERF83781525","2023-01-15","Sheela","Kocchar","Sinha","F","1965-05-13","Bengaluru","073630","Bengaluru","Jammu and Kashmir"
"PERF84901526","2020-06-12","Himadri","Mehra","Patil","M","1983-10-01","Bengaluru","105764","Bengaluru","Andhra Pradesh"
"PERF72681527","2020-10-08","Yoginder","Patel","Mehrotra","M","1986-11-06","Thiruvananthapuram","192528","Thiruvananthapuram","Andaman and Nicobar Islands"
"PERF62871528","2019-09-08","Aasa","Gowda","Khanna","F","2014-11-28","Kolkata","267563","Kolkata","Bihar"
"PERF92251529","2016-12-06","Dhanu","Mahajan","Bharadwaj","F","1985-08-14","Bengaluru","413365","Bengaluru","Tripura"
"PERF62431530","2017-01-26","Mayoor","Reddy","Varman","M","1976-05-02","Hyderabad","361141","Hyderabad","Madya Pradesh"
"PERF98931531","2019-12-19","Dhanapati","Varman","Malik","M","1942-03-23","Mumbai","575062","Mumbai","Nagaland"
"PERF11941532","2022-02-12","Paramartha","Ahuja","Marar","F","2013-11-07","Kolkata","381178","Kolkata","Uttaranchal"
"PERF9981533","2023-09-25","Bhadran","Ganaka","Pillai","F","1978-08-01","Bengaluru","189395","Bengaluru","Gujarat"
"PERF9291534","2017-10-30","Trilochana","Dhawan","Kapoor","M","2019-01-18","Kolkata","901830","Kolkata","Meghalaya"
"PERF75231535","2016-10-21","Balamani","Varma","Khatri","F","1952-04-22","Kolkata","722808","Kolkata","Lakshadweep"
"PERF35101536","2022-04-29","Girindra","Banerjee","Bandopadhyay","F","1942-08-27","New Delhi","841651","New Delhi","West Bengal"
"PERF70391537","2024-06-19","Chaanakya","Iyer","Iyer","F","1969-10-23","Mumbai","507412","Mumbai","Chandigarh"
"PERF2341538","2023-01-04","Anish","Bandopadhyay","Kaur","F","1996-11-25","Kolkata","813018","Kolkata","Punjab"
"PERF43571539","2017-09-05","Sarla","Pilla","Nehru","F","1986-04-26","Chennai","766854","Chennai","Jharkhand"
"PERF11471540","2015-12-13","Bhushan","Sethi","Ahluwalia","F","1986-10-01","Mumbai","113825","Mumbai","Goa"
"PERF38621541","2016-09-29","Chatura","Talwar","Mehra","F","2012-04-03","Visakhapatnam","219939","Visakhapatnam","Assam"
"PERF88061542","2016-11-14","Ghanaanand","Namboothiri","Kaur","M","1969-02-19","Kolkata","783837","Kolkata","Goa"
"PERF29651543","2019-01-31","Lal","Tagore","Trivedi","F","1944-12-04","Kolkata","847253","Kolkata","Haryana"
"PERF40001544","2016-05-02","Trilochana","Asan","Iyengar","F","1932-08-07","New Delhi","767639","New Delhi","Assam"
"PERF79001545","2022-05-01","Bhushan","Varrier","Sinha","F","2010-03-11","Thiruvananthapuram","383597","Thiruvananthapuram","Chandigarh"
"PERF22361546","2017-11-17","Aryan","Ahuja","Mehra","F","2011-05-27","Thiruvananthapuram","990091","Thiruvananthapuram","Uttaranchal"
"PERF70711547","2019-06-12","Atreyi","Pilla","Patil","F","1978-10-18","Bengaluru","869912","Bengaluru","Himachal Pradesh"
"PERF74071548","2016-09-01","Bakula","Sethi","Kocchar","F","2001-05-07","Kolkata","221751","Kolkata","Goa"
"PERF43261549","2020-02-26","Meghnath","Sinha","Rana","F","1954-02-23","Bengaluru","821221","Bengaluru","Nagaland"
"PERF49371550","2021-06-20","Abhaya","Acharya","Ganaka","F","1986-08-25","Mumbai","432345","Mumbai","Uttaranchal"
"PERF14731551","2015-06-04","Chandrakala","Bandopadhyay","Kapoor","F","1939-12-02","Thiruvananthapuram","928233","Thiruvananthapuram","Karnataka"
"PERF78621552","2014-09-22","Atmananda","Talwar","Agarwal","M","1957-12-04","Chennai","253429","Chennai","Manipur"
"PERF68601553","2022-01-06","Prem","Jha","Khatri","M","1965-01-26","Thiruvananthapuram","828462","Thiruvananthapuram","Chandigarh"
"PERF89051554","2020-07-11","Vinay","Menon","Marar","M","1969-09-17","New Delhi","302603","New Delhi","Meghalaya"
"PERF35611555","2015-09-13","Gopee","Kaniyar","Khatri","F","2023-01-24","Visakhapatnam","529587","Visakhapatnam","Punjab"
"PERF39851556","2023-05-03","Dandak","Khan","Malik","F","1971-08-01","Mumbai","595213","Mumbai","Himachal Pradesh"
"PERF47411557","2018-06-10","Dhanadeepa","Arora","Malik","F","2007-11-17","Thiruvananthapuram","411636","Thiruvananthapuram","Gujarat"
"PERF50681558","2017-01-16","Dinesh","Varman","Tandon","M","1934-08-17","Chennai","397278","Chennai","Haryana"
"PERF48911559","2023-02-12","Tanushri","Nambeesan","Saini","F","1961-12-10","Kolkata","185025","Kolkata","Orissa"
"PERF37771560","2024-06-12","Bhisham","Menon","Patil","F","1973-11-22","Mumbai","025528","Mumbai","Jammu and Kashmir"
"PERF11651561","2015-02-25","Brahmabrata","Shukla","Agarwal","M","1985-01-22","Hyderabad","919798","Hyderabad","Himachal Pradesh"
"PERF43391562","2022-03-14","Lakshmidhar","Tagore","Reddy","M","2004-03-10","New Delhi","071795","New Delhi","Goa"
"PERF10011563","2017-04-30","Akula","Tagore","Joshi","F","1984-02-19","New Delhi","743608","New Delhi","Jharkhand"
"PERF3131564","2023-08-14","Rohit","Kaur","Dhawan","F","1997-04-03","Hyderabad","636291","Hyderabad","Tamil Nadu"
"PERF32961565","2020-03-05","Nanda","Chattopadhyay","Rana","F","1942-02-15","Kolkata","063590","Kolkata","Mizoram"
"PERF31861566","2014-08-10","Chanda","Guha","Mahajan","F","1937-04-11","Thiruvananthapuram","286711","Thiruvananthapuram","Uttaranchal"
"PERF43131567","2022-10-03","Ankal","Dwivedi","Sethi","M","1969-05-17","Hyderabad","636721","Hyderabad","Lakshadweep"
"PERF41561568","2021-10-22","Suma","Joshi","Iyengar","F","1931-04-12","Kolkata","971040","Kolkata","Sikkim"
"PERF83801569","2023-04-05","Gajaadhar","Varma","Khanna","M","2010-06-05","Thiruvananthapuram","552710","Thiruvananthapuram","Lakshadweep"
"PERF20601570","2019-04-02","Vishwamitra","Pillai","Khan","M","1988-07-21","Hyderabad","875264","Hyderabad","Assam"
"PERF28841571","2018-10-03","Bhaasvan","Ahluwalia","Talwar","F","1965-09-09","Chennai","182846","Chennai","Himachal Pradesh"
"PERF14091572","2022-02-25","Goswamee","Patil","Mehra","F","1983-12-28","Chennai","397118","Chennai","Dadar and Nagar Haveli"
"PERF54601573","2019-12-27","Vaidehi","Kakkar","Khatri","F","1950-02-08","Kolkata","462091","Kolkata","Karnataka"
"PERF9861574","2018-02-04","Vedanga","Patel","Reddy","F","2000-08-17","Bengaluru","161583","Bengaluru","Arunachal Pradesh"
"PERF31211575","2014-05-03","Chandi","Khan","Verma","F","1960-09-21","New Delhi","403018","New Delhi","Goa"
"PERF45751576","2020-01-11","Shrishti","Guha","Kaur","M","1951-11-19","New Delhi","121436","New Delhi","Kerala"
"PERF8241577","2018-11-01","Mani","Ahuja","Kaniyar","M","1972-03-15","Chennai","393092","Chennai","Pondicherry"
"PERF71571578","2019-03-25","Param","Menon","Dwivedi","F","1943-09-01","Hyderabad","032363","Hyderabad","Andhra Pradesh"
"PERF34231579","2018-03-03","Chiranjeev","Embranthiri","Mehrotra","F","1938-07-14","Bengaluru","695045","Bengaluru","Jammu and Kashmir"
"PERF181580","2021-06-26","Vidhur","Ganaka","Varma","M","1935-05-14","Visakhapatnam","757668","Visakhapatnam","Daman and Diu"
"PERF17741581","2017-01-17","Param","Adiga","Pilla","F","1951-05-23","New Delhi","017740","New Delhi","Orissa"
"PERF13031582","2021-04-17","Jahnu","Talwar","Sinha","F","1962-05-20","Thiruvananthapuram","793966","Thiruvananthapuram","Karnataka"
"PERF36571583","2018-10-12","Bharadwaj","Chaturvedi","Varma","F","1957-01-22","New Delhi","230071","New Delhi","Mizoram"
"PERF63571584","2020-07-03","Aadrika","Joshi","Bhattathiri","M","2012-02-15","Kolkata","705583","Kolkata","Chandigarh"
"PERF67011585","2017-12-17","Bhushan","Chattopadhyay","Rana","M","1995-01-21","Chennai","173432","Chennai","Lakshadweep"
"PERF66711586","2020-03-12","Amritambu","Deshpande","Chaturvedi","F","2023-07-26","Kolkata","833392","Kolkata","Pondicherry"
"PERF66561587","2024-03-31","Girish","Jha","Talwar","M","1950-10-12","Bengaluru","561444","Bengaluru","Pondicherry"
"PERF69341588","2021-09-06","Chandramohan","Kaniyar","Pandey","M","1994-12-20","Hyderabad","055894","Hyderabad","Kerala"
"PERF84141589","2015-06-28","Atreyee","Tagore","Varma","F","2002-01-28","New Delhi","867332","New Delhi","Tamil Nadu"
"PERF82031590","2019-01-29","Eekalabya","Abbott","Jha","F","2023-08-22","Chennai","129644","Chennai","Meghalaya"
"PERF75251591","2023-10-05","Chinmayanand","Acharya","Dwivedi","M","1935-07-10","Bengaluru","520240","Bengaluru","Haryana"
"PERF70621592","2016-03-21","Anilabh","Butt","Dhawan","F","2007-05-28","Thiruvananthapuram","983846","Thiruvananthapuram","Chhattisgarh"
"PERF78021593","2015-11-05","Goswami","Kaur","Pilla","M","2002-07-12","Bengaluru","679837","Bengaluru","Jharkhand"
"PERF46361594","2015-06-03","Atmaja","Dubashi","Ahuja","F","1996-01-05","Kolkata","238865","Kolkata","Tamil Nadu"
"PERF16761595","2017-11-27","Bhaasvan","Singh","Asan","F","1998-03-27","Thiruvananthapuram","942767","Thiruvananthapuram","Mizoram"
"PERF58301596","2014-06-27","Baalaaditya","Mishra","Dubashi","M","2018-12-17","New Delhi","244956","New Delhi","Sikkim"
"PERF51341597","2022-10-22","Garud","Desai","Dutta","M","1957-08-31","Bengaluru","744660","Bengaluru","Manipur"
"PERF91421598","2022-09-10","Rohit","Varrier","Gill","M","1988-04-23","Thiruvananthapuram","764452","Thiruvananthapuram","Maharashtra"
"PERF6191599","2023-06-06","Girindra","Gupta","Kaur","M","2019-01-24","Visakhapatnam","639437","Visakhapatnam","Manipur"
"PERF10841600","2017-04-17","Kama","Rana","Acharya","M","1990-12-26","Thiruvananthapuram","990346","Thiruvananthapuram","Jammu and Kashmir"
"PERF42191601","2014-04-27","Chandranath","Dubashi","Nair","F","1967-01-15","Visakhapatnam","919947","Visakhapatnam","Dadar and Nagar Haveli"
"PERF50701602","2019-02-03","Umang","Arora","Rana","M","1988-02-28","Chennai","866851","Chennai","Tamil Nadu"
"PERF30661603","2016-06-03","Chandraprabha","Tagore","Achari","M","1993-02-01","Visakhapatnam","308411","Visakhapatnam","Maharashtra"
"PERF6211604","2016-08-06","Eshana","Malik","Khan","M","1997-04-23","Thiruvananthapuram","242707","Thiruvananthapuram","Tamil Nadu"
"PERF64151605","2024-04-21","Dhanpati","Mahajan","Khanna","F","1959-11-18","Chennai","322105","Chennai","Manipur"
"PERF71311606","2020-07-14","Geetanjali","Patel","Reddy","M","1966-12-29","Mumbai","436087","Mumbai","Daman and Diu"
"PERF11691607","2017-03-18","Abani","Prajapat","Kaul","F","1993-03-03","New Delhi","355510","New Delhi","Haryana"
"PERF7211608","2014-03-23","Mohana","Iyer","Banerjee","M","1985-03-03","Thiruvananthapuram","181543","Thiruvananthapuram","Rajasthan"
"PERF4781609","2016-04-30","Ankal","Nambeesan","Nair","M","1997-02-14","Kolkata","305719","Kolkata","Lakshadweep"
"PERF4701610","2021-03-01","Aatmaja","Pothuvaal","Nair","F","1963-06-12","Thiruvananthapuram","318284","Thiruvananthapuram","Delhi"
"PERF31651611","2024-03-19","Divakar","Marar","Desai","M","1994-03-14","Visakhapatnam","883861","Visakhapatnam","Tamil Nadu"
"PERF80981612","2024-06-15","Vaishno","Chattopadhyay","Bhattathiri","F","2023-08-10","Thiruvananthapuram","903961","Thiruvananthapuram","Uttaranchal"
"PERF11481613","2015-11-09","Gouranga","Dutta","Kaur","M","1958-01-16","Hyderabad","280399","Hyderabad","Haryana"
"PERF84741614","2016-03-03","Chidaatma","Deshpande","Bandopadhyay","F","1944-09-21","Thiruvananthapuram","432850","Thiruvananthapuram","Jharkhand"
"PERF92601615","2018-12-06","Mandakini","Reddy","Iyer","F","1962-02-12","Thiruvananthapuram","875694","Thiruvananthapuram","Chhattisgarh"
"PERF63181616","2015-04-19","Anilaabh","Nambeesan","Kapoor","M","2008-04-29","Kolkata","310345","Kolkata","Lakshadweep"
"PERF88801617","2020-01-10","Nagabhushanam","Nehru","Varma","M","1966-09-03","Chennai","813423","Chennai","Andaman and Nicobar Islands"
"PERF71571618","2016-07-25","Devak","Reddy","Mahajan","M","1952-03-30","Chennai","412273","Chennai","Himachal Pradesh"
"PERF33091619","2016-04-10","Chanakya","Jha","Mehrotra","F","1977-07-12","Visakhapatnam","668682","Visakhapatnam","Uttaranchal"
"PERF47531620","2016-04-19","Swami","Banerjee","Jain","M","1985-04-29","New Delhi","836110","New Delhi","Chandigarh"
"PERF75711621","2017-08-21","Deeptanshu","Kaur","Banerjee","M","1958-12-26","Chennai","468104","Chennai","Maharashtra"
"PERF58611622","2024-06-27","Acharyanandana","Nehru","Prajapat","M","1991-07-26","Visakhapatnam","211659","Visakhapatnam","Haryana"
"PERF94581623","2022-07-26","Suresh","Agarwal","Varrier","F","1978-02-12","Visakhapatnam","045824","Visakhapatnam","Tamil Nadu"
"PERF58041624","2023-04-20","Ekadant","Menon","Kakkar","M","2024-05-30","Chennai","555209","Chennai","Jharkhand"
"PERF46401625","2018-12-28","Daevika","Mehra","Varma","F","1983-06-08","Hyderabad","250690","Hyderabad","Bihar"
"PERF3651626","2020-10-19","Chandi","Nair","Bhat","M","1974-01-07","Thiruvananthapuram","720665","Thiruvananthapuram","Tripura"
"PERF92141627","2019-04-28","Karan","Singh","Kaul","M","2001-06-09","Hyderabad","010914","Hyderabad","West Bengal"
"PERF77461628","2018-04-16","Nirbhay","Rana","Panicker","F","1995-05-05","Visakhapatnam","870583","Visakhapatnam","Meghalaya"
"PERF61621629","2018-08-26","Nanda","Chaturvedi","Dwivedi","M","1962-05-28","Hyderabad","267297","Hyderabad","Lakshadweep"
"PERF40791630","2019-12-22","Shresthi","Tandon","Acharya","M","1997-08-29","New Delhi","123620","New Delhi","Chhattisgarh"
"PERF35441631","2015-02-21","Pramila","Pandey","Iyengar","M","2017-05-08","Chennai","445773","Chennai","Goa"
"PERF76861632","2015-02-13","Rageshwari","Chaturvedi","Mahajan","F","1960-08-15","Chennai","503730","Chennai","Chhattisgarh"
"PERF39621633","2015-05-27","Rudra","Trivedi","Achari","F","1961-02-24","Mumbai","713804","Mumbai","Maharashtra"
"PERF89761634","2022-11-19","Yoginder","Nehru","Sharma","M","2003-06-01","Hyderabad","704294","Hyderabad","Manipur"
"PERF90951635","2022-07-03","Siddhran","Pillai","Marar","F","2014-03-10","Mumbai","661225","Mumbai","Assam"
"PERF99511636","2018-01-18","Charuvrat","Panicker","Deshpande","M","1983-09-22","Bengaluru","787058","Bengaluru","Meghalaya"
"PERF53511637","2022-05-18","Gurdev","Dwivedi","Varma","M","1958-08-07","Visakhapatnam","011640","Visakhapatnam","Chhattisgarh"
"PERF45191638","2023-07-14","Manikya","Butt","Agarwal","F","1933-07-27","Kolkata","654115","Kolkata","Jharkhand"
"PERF75081639","2020-11-24","Durga","Reddy","Mishra","M","2013-02-19","Thiruvananthapuram","011157","Thiruvananthapuram","Sikkim"
"PERF68041640","2015-05-14","Prayag","Shah","Agarwal","F","1954-08-07","Chennai","553488","Chennai","West Bengal"
"PERF22841641","2016-10-18","Bhoopat","Bhat","Guneta","F","1945-08-23","Hyderabad","192502","Hyderabad","Bihar"
"PERF96461642","2018-11-03","Drona","Kocchar","Kakkar","F","2017-12-10","New Delhi","685602","New Delhi","Dadar and Nagar Haveli"
"PERF44751643","2017-07-20","Agneya","Johar","Namboothiri","F","1950-10-17","Bengaluru","857545","Bengaluru","Daman and Diu"
"PERF80331644","2020-09-01","Deependra","Iyengar","Patil","M","1984-05-27","Thiruvananthapuram","799541","Thiruvananthapuram","Andaman and Nicobar Islands"
"PERF63661645","2023-12-08","Gotum","Banerjee","Kaur","M","1994-12-22","Kolkata","759174","Kolkata","Jammu and Kashmir"
"PERF31371646","2020-05-10","Aaratrika","Kaul","Varrier","F","2023-08-28","Kolkata","834063","Kolkata","Nagaland"
"PERF89231647","2023-09-13","Priya","Nair","Khan","M","2016-03-04","Bengaluru","158705","Bengaluru","Tamil Nadu"
"PERF98251648","2016-03-18","Devesh","Dhawan","Johar","F","1965-08-26","New Delhi","225335","New Delhi","Manipur"
"PERF40201649","2023-07-12","Rahul","Khan","Achari","F","1951-09-20","Visakhapatnam","409202","Visakhapatnam","Tripura"
"PERF67791650","2023-02-26","Laxman","Kaul","Saini","F","1980-10-01","Visakhapatnam","618839","Visakhapatnam","Tamil Nadu"
"PERF49141651","2022-03-04","Abhaya","Somayaji","Banerjee","M","1998-05-28","Bengaluru","064471","Bengaluru","Nagaland"
"PERF25941652","2016-05-31","Gobinda","Nehru","Desai","M","1945-10-04","Mumbai","714218","Mumbai","Maharashtra"
"PERF38941653","2017-12-24","Deependra","Devar","Saini","M","1980-02-06","Mumbai","894045","Mumbai","Meghalaya"
"PERF14681654","2020-01-12","Chandramani","Chattopadhyay","Ahuja","F","2003-01-25","Chennai","146219","Chennai","Maharashtra"
"PERF97301655","2020-11-08","Prasanna","Ganaka","Jain","F","2021-04-20","Mumbai","479103","Mumbai","Kerala"
"PERF15891656","2023-03-14","Gemini","Guneta","Varma","F","2017-12-23","Bengaluru","864965","Bengaluru","West Bengal"
"PERF46071657","2018-03-14","Kamala","Gill","Patil","M","1975-11-06","New Delhi","531909","New Delhi","Karnataka"
"PERF63741658","2016-01-05","Govinda","Kaul","Prajapat","F","1948-12-03","New Delhi","323063","New Delhi","Andaman and Nicobar Islands"
"PERF11361659","2022-06-23","Karan","Ahluwalia","Saini","M","2006-01-01","Hyderabad","403997","Hyderabad","Jammu and Kashmir"
"PERF3641660","2018-11-30","Bhupati","Acharya","Achari","M","1959-02-16","New Delhi","649655","New Delhi","Lakshadweep"
"PERF52751661","2019-12-24","Jagdeep","Shukla","Shah","F","1963-02-15","New Delhi","180970","New Delhi","Lakshadweep"
"PERF73231662","2020-03-05","Suryakant","Bandopadhyay","Tandon","M","1945-11-14","Bengaluru","877556","Bengaluru","Kerala"
"PERF79201663","2022-10-30","Rajan","Pillai","Somayaji","F","1941-08-18","Visakhapatnam","529153","Visakhapatnam","Goa"
"PERF26181664","2016-03-30","Chitramala","Patel","Kocchar","F","1953-12-29","Chennai","399648","Chennai","Mizoram"
"PERF87141665","2017-01-04","Girja","Dhawan","Kapoor","F","1961-08-15","Visakhapatnam","785663","Visakhapatnam","Chandigarh"
"PERF27381666","2019-03-25","Shakuntala","Banerjee","Verma","F","2014-11-28","Thiruvananthapuram","794303","Thiruvananthapuram","Madya Pradesh"
"PERF5551667","2024-04-09","Indra","Saini","Iyer","F","1994-09-10","Chennai","828238","Chennai","Goa"
"PERF63271668","2020-02-18","Chandan","Butt","Somayaji","F","2016-02-29","Chennai","805296","Chennai","Jharkhand"
"PERF75641669","2021-12-17","Bankimchandra","Varma","Ahuja","M","1967-03-11","Mumbai","449728","Mumbai","Lakshadweep"
"PERF48321670","2022-01-18","Inder","Achari","Pandey","M","2008-07-07","Thiruvananthapuram","946733","Thiruvananthapuram","Uttar Pradesh"
"PERF3621671","2017-07-11","Trilokanath","Bhat","Menon","M","1986-07-05","Mumbai","230629","Mumbai","Tripura"
"PERF20581672","2018-06-08","Sarla","Sinha","Achari","M","2010-08-18","Hyderabad","901873","Hyderabad","Chandigarh"
"PERF3241673","2020-09-26","Aadrika","Namboothiri","Varman","F","1937-02-27","Bengaluru","340611","Bengaluru","Haryana"
"PERF43831674","2015-01-31","Giriraaj","Pothuvaal","Mukhopadhyay","F","1970-09-27","New Delhi","815969","New Delhi","Andaman and Nicobar Islands"
"PERF42161675","2019-06-14","Chaaruchandra","Bhattathiri","Deshpande","F","1985-04-07","Bengaluru","948553","Bengaluru","Lakshadweep"
"PERF15021676","2019-01-03","Abhirath","Nayar","Pandey","M","1951-05-07","Hyderabad","111826","Hyderabad","Uttaranchal"
"PERF53661677","2023-06-06","Chandravati","Embranthiri","Banerjee","F","1981-03-25","Visakhapatnam","314712","Visakhapatnam","Daman and Diu"
"PERF56591678","2020-05-13","Lalita","Somayaji","Chattopadhyay","M","2008-03-07","Hyderabad","281112","Hyderabad","Mizoram"
"PERF84521679","2015-05-20","Achintya","Dubashi","Kaul","F","2009-11-20","Mumbai","696036","Mumbai","Chandigarh"
"PERF42701680","2020-08-04","Agneya","Somayaji","Joshi","F","1973-03-04","Thiruvananthapuram","889468","Thiruvananthapuram","Sikkim"
"PERF82171681","2018-10-17","Baalaaditya","Kaniyar","Agarwal","M","1998-02-09","Bengaluru","757458","Bengaluru","Jharkhand"
"PERF16811682","2018-08-21","Ritesh","Patel","Pothuvaal","F","1971-05-05","Chennai","730766","Chennai","Andhra Pradesh"
"PERF19021683","2015-06-29","Vishnu","Nehru","Kaul","M","2005-04-20","Visakhapatnam","669405","Visakhapatnam","Karnataka"
"PERF58171684","2021-11-11","Chakrika","Malik","Bharadwaj","M","1978-12-12","Thiruvananthapuram","381686","Thiruvananthapuram","Nagaland"
"PERF21021685","2016-10-30","Akshainie","Somayaji","Bandopadhyay","M","2018-01-23","Mumbai","059317","Mumbai","Tripura"
"PERF31671686","2021-12-27","Bhisham","Nayar","Kaniyar","F","2015-07-31","Hyderabad","548200","Hyderabad","Punjab"
"PERF97181687","2019-11-06","Kartik","Patil","Butt","F","2015-09-28","Hyderabad","495675","Hyderabad","West Bengal"
"PERF78881688","2019-10-08","Aayushman","Adiga","Sinha","M","1970-01-21","Hyderabad","087498","Hyderabad","Lakshadweep"
"PERF18311689","2015-06-15","Kali","Varrier","Kaur","M","1953-10-15","Kolkata","002086","Kolkata","Tamil Nadu"
"PERF26631690","2015-12-01","Eshita","Banerjee","Kocchar","M","1939-05-01","Chennai","674676","Chennai","Goa"
"PERF70721691","2014-11-24","Chandrabhaga","Malik","Varrier","M","1988-10-15","Bengaluru","245072","Bengaluru","Lakshadweep"
"PERF29471692","2021-06-12","Dhanu","Embranthiri","Panicker","F","1950-07-13","Mumbai","689083","Mumbai","Chhattisgarh"
"PERF14661693","2022-08-30","Daiwik","Ahluwalia","Iyengar","M","1961-05-12","New Delhi","058740","New Delhi","Kerala"
"PERF74841694","2015-08-17","Chidambar","Bhattathiri","Ahuja","M","1974-10-23","Mumbai","339338","Mumbai","Arunachal Pradesh"
"PERF97951695","2020-04-04","Sanya","Ahuja","Butt","M","1995-03-13","Visakhapatnam","726869","Visakhapatnam","Pondicherry"
"PERF57371696","2023-05-17","Vasundhara","Chaturvedi","Shah","F","1996-08-31","New Delhi","043240","New Delhi","Maharashtra"
"PERF74361697","2024-07-07","Abhaya","Asan","Desai","F","1976-01-15","Kolkata","583535","Kolkata","Uttar Pradesh"
"PERF67721698","2015-05-25","Chandrabhaga","Varman","Menon","F","1941-12-13","Kolkata","210142","Kolkata","Himachal Pradesh"
"PERF11581699","2019-05-17","Deenabandhu","Varman","Devar","M","1994-08-27","Mumbai","200546","Mumbai","Lakshadweep"
"PERF27091700","2014-08-09","Brahmaanand","Sinha","Johar","M","1972-08-23","Chennai","036397","Chennai","Orissa"
"PERF151701","2015-08-19","Triloki","Sethi","Abbott","M","1947-02-17","Kolkata","653123","Kolkata","Nagaland"
"PERF42771702","2017-08-06","Bhargavi","Ahuja","Acharya","F","1967-07-11","Thiruvananthapuram","949961","Thiruvananthapuram","Mizoram"
"PERF97631703","2019-12-11","Menaka","Acharya","Asan","M","2024-04-08","Visakhapatnam","935374","Visakhapatnam","Uttar Pradesh"
"PERF15381704","2019-10-03","Devak","Dutta","Malik","F","1964-06-06","Mumbai","097105","Mumbai","Arunachal Pradesh"
"PERF75091705","2020-10-07","Vaidehi","Pilla","Sharma","F","1977-08-13","Hyderabad","127816","Hyderabad","Uttaranchal"
"PERF1851706","2015-04-25","Kanaka","Dubashi","Kaul","M","1939-04-09","Mumbai","491297","Mumbai","Mizoram"
"PERF52841707","2014-12-21","Agasti","Nehru","Chopra","F","1966-02-22","New Delhi","493821","New Delhi","Andaman and Nicobar Islands"
"PERF7771708","2016-11-03","Kiran","Reddy","Tagore","F","1968-02-10","Visakhapatnam","623262","Visakhapatnam","Chandigarh"
"PERF511709","2022-12-19","Atreyee","Pothuvaal","Johar","F","1942-12-06","Visakhapatnam","500185","Visakhapatnam","Sikkim"
"PERF61861710","2016-03-03","Atmanand","Dubashi","Shah","F","1930-04-07","Chennai","676907","Chennai","Manipur"
"PERF4731711","2018-06-10","Aashritha","Iyer","Gupta","F","1978-05-21","Kolkata","815376","Kolkata","Tripura"
"PERF91571712","2015-03-10","Charuchandra","Malik","Nehru","M","1952-10-26","New Delhi","996848","New Delhi","Uttar Pradesh"
"PERF54711713","2022-07-08","Balgopal","Iyengar","Arora","F","1933-11-09","Thiruvananthapuram","408389","Thiruvananthapuram","Tripura"
"PERF25671714","2014-03-07","Bhaasvan","Panicker","Nambeesan","M","1988-02-29","Mumbai","308160","Mumbai","Lakshadweep"
"PERF34721715","2023-02-07","Mandaakin","Kaul","Pothuvaal","M","1930-03-10","Chennai","088359","Chennai","Sikkim"
"PERF57191716","2017-11-25","Chaten","Sinha","Mahajan","M","2016-12-10","Visakhapatnam","716634","Visakhapatnam","Andaman and Nicobar Islands"
"PERF21631717","2020-10-02","Avantika","Shah","Shah","F","1955-03-01","Thiruvananthapuram","233266","Thiruvananthapuram","Kerala"
"PERF30541718","2017-09-01","Avadhesh","Mukhopadhyay","Kaul","M","2008-05-11","Visakhapatnam","922642","Visakhapatnam","Uttaranchal"
"PERF79801719","2014-02-23","Deb","Gandhi","Abbott","F","2000-10-12","New Delhi","933596","New Delhi","Tamil Nadu"
"PERF83651720","2018-04-11","Kali","Patel","Jain","M","2021-04-01","Visakhapatnam","899541","Visakhapatnam","Delhi"
"PERF37531721","2014-04-14","Somu","Saini","Patel","M","1944-06-25","Visakhapatnam","222010","Visakhapatnam","Daman and Diu"
"PERF97761722","2023-08-13","Baalagopaal","Prajapat","Mehrotra","F","1956-04-28","New Delhi","835226","New Delhi","Nagaland"
"PERF34561723","2022-12-28","Shresth","Pillai","Iyengar","F","1984-06-08","Thiruvananthapuram","532343","Thiruvananthapuram","Mizoram"
"PERF41211724","2023-05-27","Dhyaneshwar","Guha","Joshi","M","2017-05-13","New Delhi","137766","New Delhi","Bihar"
"PERF47651725","2014-03-05","Puneet","Joshi","Acharya","F","1996-04-05","Kolkata","396259","Kolkata","Mizoram"
"PERF75211726","2021-05-07","Gopee","Shukla","Tandon","F","1971-07-01","Kolkata","428207","Kolkata","Nagaland"
"PERF81301727","2018-08-07","Dhaanyalakshmi","Prajapat","Dubashi","F","1967-08-05","Chennai","589494","Chennai","West Bengal"
"PERF49451728","2020-06-09","Bilva","Kocchar","Namboothiri","F","1960-12-27","Mumbai","858456","Mumbai","Uttaranchal"
"PERF75351729","2014-04-04","Kanak","Varma","Chaturvedi","M","2001-08-07","Bengaluru","786450","Bengaluru","Meghalaya"
"PERF60701730","2020-11-02","Narinder","Embranthiri","Guha","M","1976-09-12","Mumbai","658077","Mumbai","Lakshadweep"
"PERF29851731","2019-09-07","Devesh","Talwar","Varma","F","1972-06-24","Thiruvananthapuram","972755","Thiruvananthapuram","Himachal Pradesh"
"PERF19781732","2019-11-23","Hamsini","Guha","Singh","M","1951-02-03","Kolkata","802575","Kolkata","Delhi"
"PERF89901733","2019-03-08","Dipesh","Chopra","Chattopadhyay","M","1933-11-13","Visakhapatnam","209061","Visakhapatnam","Andhra Pradesh"
"PERF74621734","2017-10-29","Agasti","Pandey","Dhawan","F","1977-10-06","Mumbai","622677","Mumbai","Andhra Pradesh"
"PERF87991735","2014-06-28","Udit","Mehra","Khatri","F","1990-11-20","Thiruvananthapuram","877681","Thiruvananthapuram","Andaman and Nicobar Islands"
"PERF70521736","2014-04-09","Swarnalata","Mahajan","Kaniyar","F","1996-09-17","Bengaluru","851028","Bengaluru","Mizoram"
"PERF85591737","2023-05-09","Ekalavya","Guha","Shah","M","1982-08-20","Bengaluru","911544","Bengaluru","Chhattisgarh"
"PERF65061738","2022-05-28","Baalagopaal","Gill","Pothuvaal","M","1945-09-12","Thiruvananthapuram","580823","Thiruvananthapuram","Gujarat"
"PERF31041739","2015-05-09","Budhil","Guneta","Iyengar","M","1971-10-17","Hyderabad","199218","Hyderabad","Manipur"
"PERF3381740","2015-01-25","Deeptendu","Talwar","Gill","M","1938-07-17","Mumbai","399296","Mumbai","Chhattisgarh"
"PERF71561741","2014-08-06","Vaijayanti","Sharma","Mehra","F","1935-07-07","New Delhi","867451","New Delhi","Nagaland"
"PERF61091742","2014-07-28","Akula","Gill","Khan","F","1977-08-28","Bengaluru","573808","Bengaluru","Andaman and Nicobar Islands"
"PERF15771743","2023-06-22","Dev","Pilla","Kaur","F","1979-05-18","Thiruvananthapuram","657863","Thiruvananthapuram","Mizoram"
"PERF84071744","2018-08-19","Jagadish","Guha","Kakkar","M","2009-12-07","New Delhi","730224","New Delhi","Rajasthan"
"PERF2141745","2024-01-19","Suryakanta","Naik","Butt","F","1994-11-08","Hyderabad","893144","Hyderabad","Chhattisgarh"
"PERF78691746","2015-08-07","Soma","Varrier","Somayaji","M","1934-02-15","Chennai","908189","Chennai","Haryana"
"PERF44581747","2017-05-05","Surya","Pilla","Gupta","M","1937-01-14","Mumbai","211097","Mumbai","Arunachal Pradesh"
"PERF88741748","2023-03-05","Ameyatma","Verma","Varma","M","1969-12-26","Visakhapatnam","184312","Visakhapatnam","Delhi"
"PERF43011749","2016-03-29","Akroor","Mukhopadhyay","Deshpande","M","1983-10-21","Mumbai","092511","Mumbai","Tripura"
"PERF36731750","2015-11-06","Chanakya","Achari","Nair","F","1951-11-12","Thiruvananthapuram","548058","Thiruvananthapuram","Assam"
"PERF6141751","2017-03-23","Geeta","Bhattathiri","Ahuja","F","2018-12-02","Thiruvananthapuram","988390","Thiruvananthapuram","Andhra Pradesh"
"PERF23161752","2023-04-07","Rukmin","Bhattathiri","Tagore","F","1953-12-31","Chennai","713802","Chennai","Tripura"
"PERF67231753","2015-05-24","Narayan","Ahluwalia","Varrier","F","1979-11-15","Hyderabad","390041","Hyderabad","Chhattisgarh"
"PERF87541754","2017-03-10","Bhasvan","Dwivedi","Asan","F","1981-02-05","Hyderabad","446951","Hyderabad","Delhi"
"PERF62871755","2018-12-13","Bhaasvan","Bharadwaj","Mehra","M","2016-02-20","Hyderabad","400899","Hyderabad","Pondicherry"
"PERF52931756","2017-12-19","Dhyanesh","Devar","Somayaji","F","1937-11-12","Bengaluru","732168","Bengaluru","Manipur"
"PERF16211757","2020-10-31","Aryan","Dwivedi","Somayaji","F","1933-07-30","Visakhapatnam","364751","Visakhapatnam","Dadar and Nagar Haveli"
"PERF45061758","2017-08-05","Jitender","Devar","Dhawan","F","1964-01-23","Mumbai","263424","Mumbai","Mizoram"
"PERF1071759","2019-02-11","Ajeet","Butt","Jha","F","1976-11-30","Mumbai","082890","Mumbai","Pondicherry"
"PERF12521760","2017-06-06","Drona","Gupta","Mehra","M","1981-02-28","Mumbai","356288","Mumbai","Uttar Pradesh"
"PERF37941761","2020-03-14","Bhaasvan","Tandon","Tagore","F","2016-06-29","Chennai","186778","Chennai","Rajasthan"
"PERF23451762","2019-06-08","Deb","Johar","Bhattathiri","F","2014-08-29","Thiruvananthapuram","362794","Thiruvananthapuram","Daman and Diu"
"PERF15061763","2023-01-07","Atmanand","Iyer","Patil","F","1954-01-10","Chennai","794070","Chennai","Karnataka"
"PERF80841764","2018-03-17","Bhadrak","Rana","Pandey","F","1936-12-26","Visakhapatnam","238706","Visakhapatnam","Tamil Nadu"
"PERF69231765","2022-05-09","Geetanjali","Arora","Trivedi","F","2010-01-17","Mumbai","754204","Mumbai","Andaman and Nicobar Islands"
"PERF65151766","2016-01-13","Kanishka","Trivedi","Nair","M","1939-10-15","Thiruvananthapuram","084584","Thiruvananthapuram","Chandigarh"
"PERF11821767","2020-10-14","Siddhi","Mukhopadhyay","Rana","M","1937-11-29","Hyderabad","236540","Hyderabad","Bihar"
"PERF53521768","2016-02-28","Anasooya","Naik","Shah","F","1986-05-05","Hyderabad","197536","Hyderabad","West Bengal"
"PERF10581769","2022-08-14","Annapurna","Pilla","Dhawan","M","2015-06-07","Kolkata","154355","Kolkata","Uttar Pradesh"
"PERF20351770","2022-12-21","Vidya","Kocchar","Somayaji","M","2012-08-12","New Delhi","436313","New Delhi","Orissa"
"PERF2021771","2020-06-26","Sher","Chattopadhyay","Kocchar","M","1948-09-08","Bengaluru","543058","Bengaluru","Daman and Diu"
"PERF21051772","2017-03-06","Leela","Sharma","Ahuja","M","1941-01-08","Mumbai","633814","Mumbai","Punjab"
"PERF92111773","2015-03-01","Chakravarti","Malik","Pothuvaal","F","1979-02-18","Chennai","583229","Chennai","Delhi"
"PERF69331774","2018-03-24","Naval","Khatri","Achari","M","1956-02-09","Chennai","647511","Chennai","Jharkhand"
"PERF76841775","2023-05-08","Vaidehi","Bandopadhyay","Achari","F","2018-04-04","Hyderabad","754291","Hyderabad","Nagaland"
"PERF18111776","2021-08-30","Sitara","Khanna","Singh","F","1944-08-30","Mumbai","778536","Mumbai","Punjab"
"PERF52151777","2023-04-28","Oormila","Gowda","Achari","M","2008-07-16","Visakhapatnam","920240","Visakhapatnam","Andaman and Nicobar Islands"
"PERF49961778","2015-08-24","Lakshminath","Deshpande","Mukhopadhyay","F","1988-07-19","Bengaluru","634798","Bengaluru","West Bengal"
"PERF13401779","2018-06-06","Aanjaneya","Bhattacharya","Namboothiri","F","1982-01-11","Hyderabad","194691","Hyderabad","Arunachal Pradesh"
"PERF1001780","2020-08-22","Siddhran","Desai","Shukla","M","2014-06-09","Visakhapatnam","296914","Visakhapatnam","Punjab"
"PERF39721781","2023-01-31","Sitara","Shah","Shah","M","2003-06-10","Hyderabad","560545","Hyderabad","Rajasthan"
"PERF63681782","2018-09-13","Jagathi","Tandon","Pillai","F","1981-07-16","Chennai","362398","Chennai","Assam"
"PERF33311783","2017-06-05","Charuvrat","Guha","Varman","F","1943-03-10","Hyderabad","947820","Hyderabad","Rajasthan"
"PERF83171784","2016-10-02","Manik","Marar","Guneta","M","1973-05-04","Kolkata","901187","Kolkata","Rajasthan"
"PERF71111785","2019-04-25","Swami","Mishra","Ganaka","M","1937-04-19","Chennai","421051","Chennai","Goa"
"PERF55151786","2021-11-18","Dulari","Reddy","Arora","F","2000-09-30","Bengaluru","011157","Bengaluru","Karnataka"
"PERF67011787","2014-06-19","Ganesh","Jain","Mukhopadhyay","F","1946-01-21","Bengaluru","488418","Bengaluru","Meghalaya"
"PERF22881788","2023-04-17","Udai","Butt","Guha","F","1946-08-27","Mumbai","803159","Mumbai","Madya Pradesh"
"PERF94271789","2016-09-26","Anasuya","Arora","Ahluwalia","M","1971-01-04","Kolkata","899253","Kolkata","Haryana"
"PERF65201790","2016-07-09","Deeptimoy","Kaniyar","Iyer","F","2007-10-14","Thiruvananthapuram","103457","Thiruvananthapuram","Orissa"
"PERF641791","2019-12-11","Hiranmaya","Tandon","Jain","F","1966-11-21","New Delhi","938825","New Delhi","Lakshadweep"
"PERF64961792","2020-08-08","Vrund","Pandey","Sharma","M","1936-12-22","Visakhapatnam","504189","Visakhapatnam","Pondicherry"
"PERF71431793","2022-08-05","Sucheta","Gupta","Somayaji","F","1954-06-21","Hyderabad","013847","Hyderabad","Andhra Pradesh"
"PERF35631794","2014-08-24","Aamod","Trivedi","Dutta","M","1969-03-08","Thiruvananthapuram","074414","Thiruvananthapuram","Tripura"
"PERF70591795","2018-09-11","Kanishka","Guneta","Desai","M","1930-04-15","Mumbai","981729","Mumbai","Haryana"
"PERF27091796","2019-04-25","Meena","Trivedi","Adiga","F","1968-06-08","Bengaluru","552714","Bengaluru","Assam"
"PERF74131797","2015-09-02","Gudakesha","Nehru","Patel","F","1989-04-03","Kolkata","640401","Kolkata","Nagaland"
"PERF40761798","2014-11-27","Gauraang","Kakkar","Somayaji","F","1969-09-07","Kolkata","683128","Kolkata","Orissa"
"PERF43201799","2018-08-01","Girik","Nambeesan","Jha","M","1985-11-05","Hyderabad","589047","Hyderabad","Delhi"
"PERF701800","2022-01-26","Mohinder","Butt","Talwar","M","1946-04-22","Thiruvananthapuram","205143","Thiruvananthapuram","Delhi"
"PERF66061801","2024-01-16","Pranay","Guneta","Iyer","M","1931-08-17","Chennai","936551","Chennai","West Bengal"
"PERF1971802","2016-12-15","Chandra","Ganaka","Desai","M","2002-12-14","Bengaluru","254471","Bengaluru","Uttar Pradesh"
"PERF45311803","2021-03-05","Chaanakya","Bhattacharya","Nambeesan","F","1975-03-13","New Delhi","785477","New Delhi","Bihar"
"PERF71181804","2017-01-29","Agneya","Deshpande","Gowda","M","2011-04-01","New Delhi","860230","New Delhi","Madya Pradesh"
"PERF53361805","2020-05-23","Abhaidev","Rana","Tandon","M","1990-09-15","Bengaluru","252109","Bengaluru","Bihar"
"PERF53281806","2017-09-18","Meghnad","Pothuvaal","Menon","F","2021-02-05","Kolkata","867612","Kolkata","Arunachal Pradesh"
"PERF38341807","2017-08-21","Goswami","Jain","Pillai","F","1968-02-13","Bengaluru","741770","Bengaluru","Manipur"
"PERF36241808","2016-01-06","Aasha","Embranthiri","Gandhi","F","1990-07-16","Chennai","512790","Chennai","Andaman and Nicobar Islands"
"PERF13361809","2022-07-14","Anand","Dutta","Sinha","M","2011-05-20","Chennai","466494","Chennai","Goa"
"PERF7301810","2018-10-07","Lakshmi","Johar","Ganaka","F","1960-04-08","Hyderabad","223777","Hyderabad","Jammu and Kashmir"
"PERF18761811","2018-08-16","Chidaakaash","Bhat","Ganaka","F","1936-10-16","Mumbai","640933","Mumbai","Lakshadweep"
"PERF18601812","2023-09-02","Kalpana","Arora","Deshpande","M","1939-10-29","Hyderabad","907139","Hyderabad","Delhi"
"PERF41051813","2019-04-09","Agastya","Gill","Embranthiri","M","1936-03-20","Mumbai","946430","Mumbai","Tamil Nadu"
"PERF32521814","2022-06-25","Oormila","Dhawan","Gill","F","2000-03-28","Thiruvananthapuram","144176","Thiruvananthapuram","Haryana"
"PERF18751815","2023-02-06","Chakravartee","Tandon","Varrier","M","2014-02-12","Bengaluru","462161","Bengaluru","Assam"
"PERF6721816","2018-01-01","Gayatri","Ahluwalia","Varman","F","1936-12-19","Mumbai","902410","Mumbai","Manipur"
"PERF88521817","2018-11-16","Devi","Johar","Khanna","M","2007-03-03","Hyderabad","430180","Hyderabad","Nagaland"
"PERF45251818","2020-11-10","Ambar","Kocchar","Jha","M","1945-07-03","Visakhapatnam","344318","Visakhapatnam","Delhi"
"PERF38021819","2023-09-24","Bhanumati","Bhat","Guneta","F","1951-09-06","Kolkata","989346","Kolkata","Goa"
"PERF5921820","2022-03-02","Avadhesh","Rana","Gandhi","M","2016-06-29","Mumbai","270309","Mumbai","Dadar and Nagar Haveli"
"PERF1981821","2020-05-11","Kin","Panicker","Dubashi","F","1931-05-26","Thiruvananthapuram","229569","Thiruvananthapuram","Manipur"
"PERF42331822","2014-09-23","Ayushmati","Kaniyar","Somayaji","F","1985-02-26","New Delhi","128681","New Delhi","Delhi"
"PERF48631823","2018-01-16","Chandra","Pilla","Tandon","M","1986-04-06","New Delhi","510677","New Delhi","Karnataka"
"PERF75271824","2020-01-19","Aayushman","Swarup","Gowda","M","2014-10-08","Visakhapatnam","747545","Visakhapatnam","Goa"
"PERF71651825","2022-10-02","Shivakari","Talwar","Tagore","F","1935-01-17","Mumbai","935217","Mumbai","Gujarat"
"PERF6221826","2021-07-22","Dhanalakshmi","Nayar","Naik","M","1935-06-14","Bengaluru","327551","Bengaluru","Andaman and Nicobar Islands"
"PERF45231827","2014-05-24","Dhyanesh","Mehra","Mehrotra","M","1984-11-12","Bengaluru","888879","Bengaluru","Punjab"
"PERF55321828","2017-05-30","Ujjwal","Gupta","Deshpande","M","1980-06-20","Hyderabad","052994","Hyderabad","Jammu and Kashmir"
"PERF73881829","2015-09-14","Shankar","Chaturvedi","Adiga","F","1985-06-03","Kolkata","548666","Kolkata","Tamil Nadu"
"PERF15381830","2017-10-09","Vaijayanti","Panicker","Iyer","F","1930-06-09","Thiruvananthapuram","838825","Thiruvananthapuram","Lakshadweep"
"PERF41181831","2017-05-06","Shashi","Somayaji","Jha","F","1969-11-19","Thiruvananthapuram","889354","Thiruvananthapuram","Lakshadweep"
"PERF61991832","2022-05-12","Abhirath","Iyengar","Chattopadhyay","F","1950-10-26","Chennai","872645","Chennai","Uttaranchal"
"PERF46431833","2023-07-15","Chitrali","Jain","Gowda","F","1933-01-09","Thiruvananthapuram","239521","Thiruvananthapuram","Himachal Pradesh"
"PERF53111834","2022-02-19","Aamod","Bhattathiri","Achari","M","1967-08-11","Bengaluru","351244","Bengaluru","Meghalaya"
"PERF68121835","2023-08-07","Dinakar","Kaul","Khatri","F","1972-07-16","Mumbai","826418","Mumbai","Manipur"
"PERF52971836","2021-10-25","Dinesh","Johar","Sharma","F","1972-02-03","Bengaluru","749475","Bengaluru","Goa"
"PERF67291837","2017-07-18","Vidur","Nambeesan","Mehra","M","2015-11-08","Thiruvananthapuram","410783","Thiruvananthapuram","Karnataka"
"PERF65271838","2014-10-26","Bhushan","Arora","Shukla","M","1984-04-30","Bengaluru","712110","Bengaluru","Goa"
"PERF50191839","2017-04-30","Prem","Guneta","Talwar","F","1946-09-05","Visakhapatnam","966988","Visakhapatnam","Orissa"
"PERF67921840","2018-02-25","Preity","Achari","Panicker","M","2000-03-01","Hyderabad","756536","Hyderabad","Bihar"
"PERF72671841","2016-04-26","Achalesvara","Jain","Patil","M","2011-01-10","Thiruvananthapuram","837937","Thiruvananthapuram","Delhi"
"PERF70091842","2020-08-13","Aruna","Bandopadhyay","Dubashi","M","1947-04-09","Chennai","556908","Chennai","Himachal Pradesh"
"PERF65951843","2022-07-31","Akula","Gandhi","Gandhi","F","2010-10-13","Mumbai","959125","Mumbai","Goa"
"PERF90501844","2019-08-12","Chandini","Saini","Reddy","M","2017-01-20","Mumbai","055681","Mumbai","Lakshadweep"
"PERF28421845","2020-02-26","Devangana","Butt","Asan","F","1964-12-02","Thiruvananthapuram","377047","Thiruvananthapuram","Arunachal Pradesh"
"PERF27871846","2019-07-22","Rajinder","Patil","Saini","F","1948-08-28","Chennai","698415","Chennai","Pondicherry"
"PERF49821847","2020-05-20","Chaitan","Gill","Dubashi","F","1960-11-10","Visakhapatnam","852849","Visakhapatnam","West Bengal"
"PERF21821848","2021-02-10","Shakti","Mehrotra","Tagore","F","1937-02-03","Kolkata","437253","Kolkata","Sikkim"
"PERF71931849","2015-01-16","Surya","Arora","Khan","F","1998-01-16","Kolkata","849746","Kolkata","Himachal Pradesh"
"PERF49991850","2024-06-07","Trilokesh","Chopra","Achari","M","1934-08-14","Bengaluru","694003","Bengaluru","Andhra Pradesh"
"PERF38141851","2021-01-29","Agnivesh","Iyengar","Chattopadhyay","M","1946-02-16","Thiruvananthapuram","487696","Thiruvananthapuram","Orissa"
"PERF97581852","2018-07-30","Acaryatanaya","Kaul","Mukhopadhyay","M","1995-02-08","Thiruvananthapuram","780812","Thiruvananthapuram","Andhra Pradesh"
"PERF40931853","2017-05-19","Gurdev","Patil","Naik","M","1970-03-11","Mumbai","072787","Mumbai","Rajasthan"
"PERF96311854","2022-12-21","Chatura","Guha","Namboothiri","F","1963-08-08","Thiruvananthapuram","445431","Thiruvananthapuram","Lakshadweep"
"PERF10021855","2016-02-25","Anjaneya","Nambeesan","Pothuvaal","M","1981-04-01","New Delhi","826030","New Delhi","Tripura"
"PERF11601856","2019-04-12","Ashlesh","Trivedi","Dubashi","M","2002-02-11","Hyderabad","673066","Hyderabad","Maharashtra"
"PERF45811857","2015-10-23","Chinmayanand","Acharya","Nair","M","2007-11-13","Bengaluru","604195","Bengaluru","Madya Pradesh"
"PERF23521858","2014-06-05","Bhadraksh","Sethi","Namboothiri","M","1980-06-09","Mumbai","407669","Mumbai","Orissa"
"PERF47301859","2018-12-19","Bhushan","Gill","Malik","M","1992-07-06","New Delhi","556744","New Delhi","Pondicherry"
"PERF35291860","2019-06-02","Agasti","Deshpande","Reddy","M","1948-09-18","Thiruvananthapuram","436330","Thiruvananthapuram","Dadar and Nagar Haveli"
"PERF12481861","2019-07-15","Ramesh","Khatri","Varma","F","2003-04-17","Bengaluru","999801","Bengaluru","Delhi"
"PERF19711862","2019-11-07","Gati","Tandon","Varman","M","1976-01-25","Bengaluru","912440","Bengaluru","Arunachal Pradesh"
"PERF54061863","2020-03-16","Krishnadas","Mishra","Guneta","M","2005-07-07","Kolkata","350979","Kolkata","Gujarat"
"PERF38491864","2018-07-03","Ahalya","Marar","Gupta","M","1961-05-12","Hyderabad","162449","Hyderabad","Bihar"
"PERF54261865","2023-11-08","Kalpana","Dhawan","Bhattacharya","M","1949-03-07","Mumbai","651731","Mumbai","Chandigarh"
"PERF16801866","2018-02-09","Chanda","Ganaka","Ganaka","F","1974-12-03","Chennai","182026","Chennai","Maharashtra"
"PERF97321867","2022-06-14","Varalakshmi","Sethi","Prajapat","F","1990-09-26","Thiruvananthapuram","211729","Thiruvananthapuram","Uttaranchal"
"PERF43551868","2017-05-06","Ujjwal","Kaniyar","Guneta","F","1931-05-27","Hyderabad","116474","Hyderabad","Madya Pradesh"
"PERF11831869","2019-12-10","Ramaa","Adiga","Dubashi","F","1938-03-01","Kolkata","678767","Kolkata","Orissa"
"PERF30911870","2021-05-09","Devi","Nair","Verma","M","1937-05-02","Mumbai","077403","Mumbai","Sikkim"
"PERF87441871","2020-07-10","Ujjwal","Dubashi","Talwar","F","1963-08-04","Thiruvananthapuram","092214","Thiruvananthapuram","Dadar and Nagar Haveli"
"PERF24181872","2014-05-29","Balgopal","Rana","Dutta","F","1942-02-17","Bengaluru","468226","Bengaluru","Dadar and Nagar Haveli"
"PERF20471873","2017-05-11","Umang","Menon","Joshi","M","1931-02-11","Mumbai","019287","Mumbai","Chhattisgarh"
"PERF86801874","2018-05-31","Kama","Mishra","Pothuvaal","F","1992-05-28","Kolkata","023124","Kolkata","Andaman and Nicobar Islands"
"PERF20101875","2017-09-01","Avani","Arora","Mehra","F","1949-08-17","Visakhapatnam","107631","Visakhapatnam","Lakshadweep"
"PERF46941876","2016-07-18","Kiran","Somayaji","Asan","M","1999-02-06","Chennai","413274","Chennai","Meghalaya"
"PERF57211877","2016-03-31","Bhadran","Talwar","Iyengar","F","1935-04-27","Chennai","497943","Chennai","Jharkhand"
"PERF8791878","2014-04-06","Bhanumati","Iyengar","Khatri","F","2004-03-10","Hyderabad","487217","Hyderabad","Jammu and Kashmir"
"PERF10841879","2020-03-02","Datta","Patel","Pothuvaal","F","1989-12-28","Bengaluru","264875","Bengaluru","Kerala"
"PERF22851880","2014-09-14","Chakor","Jha","Bandopadhyay","F","2002-11-02","Visakhapatnam","725367","Visakhapatnam","Jammu and Kashmir"
"PERF17201881","2021-02-09","Devi","Verma","Trivedi","F","1940-06-28","Visakhapatnam","737740","Visakhapatnam","Orissa"
"PERF72081882","2017-09-15","Chaturaanan","Kakkar","Bhattathiri","M","1959-03-30","New Delhi","359746","New Delhi","Haryana"
"PERF56811883","2019-01-05","Deveshwar","Varma","Jain","F","1948-10-25","New Delhi","655954","New Delhi","Chhattisgarh"
"PERF85871884","2022-12-26","Balagopal","Kocchar","Khanna","F","2020-10-14","Mumbai","250451","Mumbai","Lakshadweep"
"PERF85701885","2019-04-11","Chapal","Gowda","Kakkar","M","1973-04-09","Visakhapatnam","420795","Visakhapatnam","Punjab"
"PERF21201886","2022-04-25","Chaaruchandra","Pandey","Menon","M","1973-04-24","Thiruvananthapuram","415835","Thiruvananthapuram","West Bengal"
"PERF99201887","2018-02-09","Draupadi","Guneta","Banerjee","M","1979-10-01","Mumbai","979205","Mumbai","Tripura"
"PERF84191888","2024-06-24","Manisha","Iyengar","Talwar","F","1955-10-21","Mumbai","973077","Mumbai","Sikkim"
"PERF73411889","2022-05-22","Dakshayani","Dhawan","Kakkar","F","1963-08-13","Chennai","045565","Chennai","Goa"
"PERF21311890","2016-09-19","Kanaka","Dutta","Mishra","F","2023-06-06","Hyderabad","492731","Hyderabad","Orissa"
"PERF50241891","2016-09-27","Anaadi","Nayar","Guha","F","1945-08-10","Chennai","080803","Chennai","Bihar"
"PERF13081892","2015-10-05","Gandharv","Deshpande","Somayaji","F","1976-09-22","New Delhi","060252","New Delhi","Arunachal Pradesh"
"PERF3851893","2014-04-04","Vasudha","Nair","Abbott","F","1952-05-16","Hyderabad","952624","Hyderabad","Manipur"
"PERF20811894","2023-12-12","Rajan","Pothuvaal","Sethi","F","1957-06-15","Hyderabad","866811","Hyderabad","Jammu and Kashmir"
"PERF76261895","2018-06-06","Ghanshyam","Khanna","Mehrotra","M","1932-03-26","Thiruvananthapuram","090659","Thiruvananthapuram","Arunachal Pradesh"
"PERF18541896","2023-04-04","Ghanashyam","Gowda","Tandon","F","2017-09-12","Hyderabad","602329","Hyderabad","Meghalaya"
"PERF74331897","2022-03-10","Chaturbhuj","Nambeesan","Dhawan","F","2011-01-04","Visakhapatnam","697071","Visakhapatnam","Tripura"
"PERF44101898","2023-07-01","Prema","Tagore","Bhat","F","1965-09-06","Chennai","424031","Chennai","West Bengal"
"PERF34671899","2019-12-13","Chandradev","Pandey","Asan","F","1971-11-13","Mumbai","284516","Mumbai","Dadar and Nagar Haveli"
"PERF32661900","2019-01-16","Girika","Agarwal","Jha","F","1933-01-27","Bengaluru","658125","Bengaluru","Andhra Pradesh"
"PERF58031901","2021-02-13","Aadidev","Nayar","Marar","F","1931-08-26","Visakhapatnam","604743","Visakhapatnam","Sikkim"
"PERF18831902","2022-11-21","Vedanshi","Kaul","Kaniyar","F","1948-12-12","New Delhi","680365","New Delhi","Arunachal Pradesh"
"PERF30871903","2017-11-25","Dhyanesh","Ahuja","Reddy","F","1981-10-19","Thiruvananthapuram","668694","Thiruvananthapuram","Andhra Pradesh"
"PERF21661904","2014-11-14","Amaresh","Pothuvaal","Varma","M","1970-06-19","Kolkata","074561","Kolkata","Punjab"
"PERF56761905","2024-05-24","Kashyapi","Mehrotra","Mukhopadhyay","F","1939-12-12","Hyderabad","584009","Hyderabad","Lakshadweep"
"PERF55671906","2014-10-01","Chakor","Naik","Gill","F","2009-07-23","Chennai","379184","Chennai","Karnataka"
"PERF39271907","2020-07-20","Lai","Gandhi","Patel","M","1940-05-08","Thiruvananthapuram","972612","Thiruvananthapuram","Sikkim"
"PERF84401908","2022-02-25","Deb","Singh","Sharma","M","1934-08-22","Hyderabad","686876","Hyderabad","Kerala"
"PERF61811909","2019-09-01","Anagh","Tagore","Marar","M","1940-04-23","Chennai","289312","Chennai","Daman and Diu"
"PERF73341910","2014-11-09","Tanushri","Tandon","Mehra","F","2010-11-21","New Delhi","695908","New Delhi","Uttaranchal"
"PERF95731911","2020-08-24","Bharadwaj","Bhat","Talwar","M","1982-05-16","Mumbai","083216","Mumbai","Himachal Pradesh"
"PERF35431912","2019-02-12","Rukhmani","Kakkar","Nayar","M","1977-04-30","Bengaluru","468501","Bengaluru","Pondicherry"
"PERF92171913","2018-05-02","Susheel","Menon","Bhattacharya","F","1938-12-18","Hyderabad","983502","Hyderabad","Madya Pradesh"
"PERF33461914","2023-07-25","Subodh","Ahuja","Patil","F","2015-08-16","Thiruvananthapuram","522007","Thiruvananthapuram","Punjab"
"PERF74521915","2022-07-23","Baala","Varman","Dwivedi","M","1938-01-16","Hyderabad","148244","Hyderabad","Rajasthan"
"PERF86461916","2015-08-05","Dinesh","Acharya","Reddy","M","1947-09-17","Chennai","512658","Chennai","Assam"
"PERF83161917","2016-05-10","Dwaipayana","Dubashi","Dwivedi","M","2020-11-09","Hyderabad","437774","Hyderabad","Karnataka"
"PERF221918","2015-10-31","Anand","Banerjee","Bandopadhyay","M","1987-11-27","Chennai","751135","Chennai","Himachal Pradesh"
"PERF78731919","2021-10-26","Aanand","Reddy","Bhattathiri","M","2009-08-02","Visakhapatnam","338170","Visakhapatnam","Chhattisgarh"
"PERF30801920","2015-10-05","Aanjaneya","Guha","Nair","M","2019-05-04","New Delhi","564900","New Delhi","Chandigarh"
"PERF22301921","2016-10-31","Hiranya","Khatri","Embranthiri","F","2001-07-04","Hyderabad","218217","Hyderabad","Kerala"
"PERF65981922","2014-06-12","Amarnath","Pothuvaal","Gowda","M","1951-07-11","New Delhi","161705","New Delhi","Gujarat"
"PERF7331923","2018-08-02","Durga","Iyengar","Malik","F","1978-07-20","Bengaluru","674313","Bengaluru","Uttar Pradesh"
"PERF85811924","2022-07-09","Bhudeva","Rana","Agarwal","M","1998-08-06","Kolkata","875843","Kolkata","Arunachal Pradesh"
"PERF90231925","2022-11-02","Vasudev","Kakkar","Pandey","F","1938-04-09","Kolkata","030632","Kolkata","Tripura"
"PERF87151926","2021-09-27","Bandhu","Singh","Butt","M","1998-12-14","Chennai","708804","Chennai","Madya Pradesh"
"PERF42491927","2014-07-07","Oormila","Dubashi","Jain","F","1955-01-14","Visakhapatnam","346208","Visakhapatnam","Assam"
"PERF87561928","2015-06-16","Bhaswar","Kaniyar","Butt","M","2021-05-10","Kolkata","405593","Kolkata","Jammu and Kashmir"
"PERF94661929","2014-12-21","Sharda","Mehra","Chattopadhyay","M","1981-09-05","Hyderabad","771213","Hyderabad","Andaman and Nicobar Islands"
"PERF84281930","2018-04-26","Mangala","Sharma","Chattopadhyay","F","1989-10-26","Chennai","345431","Chennai","Nagaland"
"PERF3531931","2022-05-12","Basanti","Dwivedi","Butt","M","1962-01-07","Chennai","160493","Chennai","Gujarat"
"PERF11201932","2020-04-12","Ambar","Ganaka","Mehrotra","M","1961-06-16","Mumbai","660377","Mumbai","Haryana"
"PERF87471933","2023-12-09","Kirti","Sethi","Gowda","F","1940-11-14","Kolkata","064164","Kolkata","Lakshadweep"
"PERF73661934","2017-12-27","Bhadraksh","Nehru","Arora","F","1952-11-19","Visakhapatnam","974583","Visakhapatnam","West Bengal"
"PERF47381935","2020-12-18","Chinmayanand","Jain","Dutta","M","1974-04-26","Bengaluru","684406","Bengaluru","Uttaranchal"
"PERF41491936","2018-11-06","Jay","Pilla","Marar","F","2015-09-03","Chennai","929541","Chennai","Dadar and Nagar Haveli"
"PERF71141937","2016-03-06","Dharmaketu","Bandopadhyay","Ganaka","M","1944-07-17","Mumbai","747080","Mumbai","Goa"
"PERF84061938","2023-09-27","Ranjeet","Nambeesan","Dwivedi","M","1995-01-24","New Delhi","065496","New Delhi","Chandigarh"
"PERF70841939","2015-12-10","Hiranmaya","Gupta","Panicker","M","1988-10-22","Chennai","462106","Chennai","Madya Pradesh"
"PERF58401940","2018-11-10","Jagdish","Iyer","Adiga","F","2000-01-23","Bengaluru","083700","Bengaluru","Haryana"
"PERF68611941","2022-09-28","Harinarayan","Embranthiri","Ahluwalia","M","1953-07-13","New Delhi","290885","New Delhi","Andhra Pradesh"
"PERF60741942","2020-08-11","Anala","Prajapat","Pothuvaal","F","1932-09-07","Visakhapatnam","500022","Visakhapatnam","Nagaland"
"PERF74411943","2018-07-21","Chandran","Naik","Mishra","M","1996-05-26","Bengaluru","018132","Bengaluru","Haryana"
"PERF61951944","2021-11-19","Shreya","Bhattacharya","Talwar","M","1967-10-03","Thiruvananthapuram","441129","Thiruvananthapuram","Sikkim"
"PERF75701945","2023-01-01","Agniprava","Khatri","Jain","F","1965-04-07","Thiruvananthapuram","991337","Thiruvananthapuram","Haryana"
"PERF1161946","2019-11-13","Mani","Patil","Kaniyar","M","2018-03-06","Thiruvananthapuram","106536","Thiruvananthapuram","Delhi"
"PERF37011947","2015-11-13","Gopi","Somayaji","Dubashi","M","2020-11-07","Kolkata","087510","Kolkata","Bihar"
"PERF85741948","2018-03-25","Bhaves","Khanna","Iyer","M","1968-07-25","Bengaluru","430977","Bengaluru","Chandigarh"
"PERF33961949","2016-06-26","Siddarth","Chattopadhyay","Panicker","M","1965-06-21","New Delhi","769754","New Delhi","Rajasthan"
"PERF39121950","2021-07-21","Nikita","Arora","Embranthiri","M","1944-04-24","Chennai","402758","Chennai","Himachal Pradesh"
"PERF76611951","2020-04-03","Manikya","Tagore","Iyer","F","1967-12-08","Hyderabad","900119","Hyderabad","Andhra Pradesh"
"PERF67921952","2022-07-04","Sarala","Deshpande","Iyer","F","1935-12-28","Bengaluru","794851","Bengaluru","Maharashtra"
"PERF91371953","2020-06-19","Shubha","Khanna","Jain","M","1994-01-28","New Delhi","185831","New Delhi","Goa"
"PERF67941954","2015-01-06","Meena","Dwivedi","Nehru","M","1973-03-09","Thiruvananthapuram","752845","Thiruvananthapuram","Jharkhand"
"PERF66091955","2019-12-08","Dhananjay","Talwar","Varma","F","1937-12-15","Mumbai","052717","Mumbai","Delhi"
"PERF23251956","2017-06-03","Agniprava","Nambeesan","Dhawan","M","1937-09-27","Bengaluru","953313","Bengaluru","Lakshadweep"
"PERF28591957","2017-04-16","Shantanu","Chattopadhyay","Asan","F","1932-01-21","Mumbai","149579","Mumbai","Delhi"
"PERF62891958","2019-07-27","Atmaja","Gandhi","Bhat","M","1944-06-15","Bengaluru","791038","Bengaluru","Haryana"
"PERF4111959","2021-11-01","Sarada","Jain","Bharadwaj","F","2013-11-14","Visakhapatnam","316210","Visakhapatnam","Manipur"
"PERF64771960","2023-12-27","Shivakari","Kaniyar","Adiga","F","2020-04-27","New Delhi","607348","New Delhi","Himachal Pradesh"
"PERF35241961","2019-11-06","Devasree","Kaniyar","Patel","M","1992-06-22","Hyderabad","766347","Hyderabad","Punjab"
"PERF1831962","2018-04-09","Bhushan","Naik","Saini","F","2011-03-06","Bengaluru","896053","Bengaluru","West Bengal"
"PERF85821963","2020-11-23","Kali","Tandon","Naik","M","1947-07-31","Mumbai","266076","Mumbai","Maharashtra"
"PERF70041964","2022-08-18","Rita","Sharma","Johar","M","1970-11-15","Chennai","771275","Chennai","Bihar"
"PERF56651965","2014-08-31","Swami","Mehra","Marar","M","1952-09-07","Kolkata","909900","Kolkata","Madya Pradesh"
"PERF13501966","2020-09-08","Mandakini","Iyer","Verma","M","2001-10-31","Chennai","728315","Chennai","Uttar Pradesh"
"PERF25281967","2018-06-09","Anshula","Reddy","Mahajan","M","1933-11-11","Kolkata","735078","Kolkata","Punjab"
"PERF52611968","2014-09-18","Chandini","Jha","Jain","M","2003-02-28","Chennai","927072","Chennai","Arunachal Pradesh"
"PERF21211969","2021-09-30","Bhaaswar","Kaur","Prajapat","F","1950-07-09","Chennai","969664","Chennai","Uttar Pradesh"
"PERF73251970","2023-12-29","Chaturaanan","Gowda","Verma","F","1964-04-20","Mumbai","680052","Mumbai","Chhattisgarh"
"PERF29841971","2024-07-14","Sitara","Sinha","Abbott","M","1996-01-12","Mumbai","478271","Mumbai","Sikkim"
"PERF59661972","2019-10-18","Trilokesh","Saini","Nambeesan","F","2021-04-02","Visakhapatnam","717438","Visakhapatnam","Tamil Nadu"
"PERF37001973","2024-06-05","Himani","Embranthiri","Rana","M","1950-02-03","Hyderabad","329995","Hyderabad","Andhra Pradesh"
"PERF34181974","2020-02-12","Swami","Kaul","Ahuja","M","1974-08-14","Mumbai","705097","Mumbai","Uttar Pradesh"
"PERF50731975","2020-02-20","Devangana","Gandhi","Desai","M","2021-07-11","Chennai","065901","Chennai","Rajasthan"
"PERF26891976","2023-07-29","Devi","Chattopadhyay","Gupta","F","1990-08-22","Mumbai","245760","Mumbai","Karnataka"
"PERF4601977","2018-12-30","Sher","Dubashi","Mehrotra","M","2006-03-11","Visakhapatnam","454901","Visakhapatnam","Goa"
"PERF87191978","2018-02-23","Deepankar","Sharma","Bandopadhyay","F","1972-09-06","New Delhi","359231","New Delhi","Haryana"
"PERF46861979","2014-09-06","Bhamini","Guha","Dubashi","M","1979-09-29","Visakhapatnam","080252","Visakhapatnam","Pondicherry"
"PERF21331980","2021-08-18","Ekaling","Dubashi","Varrier","M","2009-05-29","Mumbai","252281","Mumbai","Bihar"
"PERF74881981","2019-03-16","Kanishka","Rana","Khan","F","2001-07-20","Hyderabad","682191","Hyderabad","West Bengal"
"PERF62861982","2014-12-07","Baalaaditya","Jain","Kaul","M","2005-10-29","Visakhapatnam","862266","Visakhapatnam","Manipur"
"PERF11411983","2021-03-04","Anjali","Embranthiri","Sinha","M","1969-12-20","Visakhapatnam","106637","Visakhapatnam","West Bengal"
"PERF59211984","2020-01-09","Esha","Agarwal","Bharadwaj","F","1971-04-19","Mumbai","512372","Mumbai","Andaman and Nicobar Islands"
"PERF71811985","2015-10-07","Narinder","Pillai","Johar","F","1976-09-08","Kolkata","113408","Kolkata","Goa"
"PERF4611986","2021-02-07","Chinmayanand","Guha","Desai","F","1934-07-22","Chennai","681447","Chennai","Uttar Pradesh"
"PERF91811987","2021-07-07","Akroor","Gupta","Saini","F","1974-11-18","Kolkata","001488","Kolkata","Chhattisgarh"
"PERF78341988","2016-05-21","Anasooya","Tagore","Nayar","F","2010-03-30","Kolkata","011580","Kolkata","Daman and Diu"
"PERF22591989","2016-09-02","Bhishma","Dutta","Achari","M","1998-12-03","Hyderabad","670173","Hyderabad","Himachal Pradesh"
"PERF51231990","2023-07-23","Indra","Bhattacharya","Nair","F","2008-09-03","Kolkata","542636","Kolkata","Punjab"
"PERF95681991","2017-01-16","Dhara","Sharma","Naik","M","1971-12-12","Mumbai","126692","Mumbai","Karnataka"
"PERF12401992","2022-09-29","Chandrani","Mehra","Achari","M","2014-09-24","Bengaluru","897974","Bengaluru","Lakshadweep"
"PERF4871993","2023-03-09","Acaryatanaya","Kocchar","Devar","F","1983-05-30","Bengaluru","707904","Bengaluru","Andhra Pradesh"
"PERF57851994","2019-04-29","Esha","Kocchar","Kapoor","F","1944-04-29","Kolkata","854811","Kolkata","Punjab"
"PERF86981995","2023-09-06","Prayag","Butt","Dhawan","M","1942-03-23","Chennai","505303","Chennai","Jammu and Kashmir"
"PERF87901996","2023-08-08","Bandhul","Khanna","Ahluwalia","M","2004-06-23","Chennai","586791","Chennai","Andaman and Nicobar Islands"
"PERF50201997","2021-12-23","Lakshmi","Mahajan","Naik","M","2013-06-29","Thiruvananthapuram","791923","Thiruvananthapuram","Bihar"
"PERF81061998","2017-03-02","Bhagvan","Gandhi","Trivedi","F","1976-05-15","Kolkata","275063","Kolkata","Manipur"
"PERF26961999","2017-10-30","Divjot","Mahajan","Nehru","M","1950-01-19","Thiruvananthapuram","272855","Thiruvananthapuram","Kerala"
"PERF98402000","2020-02-24","Chiranjeeve","Chattopadhyay","Gowda","M","2021-07-26","Visakhapatnam","621704","Visakhapatnam","Nagaland"
"PERF30812001","2023-05-02","Gorakhanatha","Dwivedi","Iyer","F","2007-06-16","Chennai","281334","Chennai","Assam"
"PERF86602002","2015-09-20","Bhargava","Bandopadhyay","Jain","M","1943-04-30","Thiruvananthapuram","810934","Thiruvananthapuram","Goa"
"PERF67632003","2014-10-29","Agniprava","Namboothiri","Abbott","M","1932-02-23","Bengaluru","270716","Bengaluru","Daman and Diu"
"PERF61632004","2016-12-17","Manisha","Nambeesan","Jain","M","1997-09-11","Kolkata","298410","Kolkata","Uttar Pradesh"
"PERF26952005","2019-05-27","Bhaumik","Shah","Bhattathiri","M","1994-04-22","Visakhapatnam","792891","Visakhapatnam","Assam"
"PERF91742006","2022-01-06","Chandira","Patel","Jha","M","1975-05-31","Visakhapatnam","174379","Visakhapatnam","Delhi"
"PERF29482007","2015-08-26","Swapnil","Menon","Naik","F","1937-05-17","Visakhapatnam","007878","Visakhapatnam","Meghalaya"
"PERF68972008","2014-06-16","Kama","Tandon","Rana","M","1948-08-15","Chennai","534175","Chennai","Uttar Pradesh"
"PERF21442009","2021-12-04","Aadrika","Naik","Pillai","F","1961-11-17","Visakhapatnam","433101","Visakhapatnam","Punjab"
"PERF92652010","2020-01-04","Dayaanidhi","Johar","Chopra","F","1934-03-13","Hyderabad","660581","Hyderabad","Karnataka"
"PERF46462011","2015-08-21","Yoginder","Kakkar","Tandon","F","1939-06-06","Chennai","878869","Chennai","West Bengal"
"PERF60902012","2014-02-18","Atmanand","Pillai","Deshpande","M","1997-01-29","Thiruvananthapuram","913172","Thiruvananthapuram","Andhra Pradesh"
"PERF50252013","2019-01-06","Usha","Bhattathiri","Talwar","F","2000-04-07","Mumbai","560081","Mumbai","Meghalaya"
"PERF3762014","2023-08-22","Dharani","Mahajan","Achari","M","1994-06-24","Chennai","734797","Chennai","Sikkim"
"PERF91272015","2021-05-09","Kalpana","Kaniyar","Mishra","M","1997-11-28","Kolkata","450228","Kolkata","Himachal Pradesh"
"PERF47252016","2022-05-27","Bilva","Banerjee","Khan","F","1960-05-26","New Delhi","714681","New Delhi","Haryana"
"PERF71612017","2019-08-12","Jagmeet","Desai","Menon","F","2021-12-26","Thiruvananthapuram","729234","Thiruvananthapuram","Tamil Nadu"
"PERF5442018","2017-11-11","Anamika","Guha","Dubashi","F","1999-07-01","Kolkata","838087","Kolkata","Karnataka"
"PERF82552019","2015-10-23","Anagh","Kakkar","Bandopadhyay","F","2018-08-21","Mumbai","493658","Mumbai","Delhi"
"PERF63582020","2024-06-11","Siddhi","Saini","Kapoor","M","1938-03-23","Hyderabad","517462","Hyderabad","Haryana"
"PERF62492021","2018-09-12","Nanda","Pilla","Gowda","F","1987-03-10","Chennai","258683","Chennai","Jammu and Kashmir"
"PERF70412022","2019-10-15","Vedanshi","Ahluwalia","Marar","F","2003-02-22","Thiruvananthapuram","113880","Thiruvananthapuram","Rajasthan"
"PERF20082023","2021-07-07","Baalaaditya","Shukla","Adiga","F","1965-04-10","Chennai","045242","Chennai","West Bengal"
"PERF27092024","2021-11-30","Hiranya","Dwivedi","Varma","F","1936-01-29","Chennai","162117","Chennai","Manipur"
"PERF94112025","2021-07-27","Laxmi","Embranthiri","Gupta","M","1951-05-24","New Delhi","856884","New Delhi","Nagaland"
"PERF91232026","2021-04-07","Adhrit","Ahluwalia","Guha","F","1982-09-03","Kolkata","897873","Kolkata","Tamil Nadu"
"PERF81732027","2018-05-08","Ambar","Patil","Arora","M","2001-01-20","Mumbai","132245","Mumbai","Orissa"
"PERF57902028","2019-03-28","Divya","Dubashi","Pandey","M","1982-04-06","Chennai","677710","Chennai","Andhra Pradesh"
"PERF63482029","2017-03-05","Brajesh","Varma","Trivedi","F","2006-11-27","Kolkata","002672","Kolkata","Manipur"
"PERF76992030","2023-01-28","Dhruv","Adiga","Dubashi","M","2018-02-23","Chennai","497832","Chennai","Arunachal Pradesh"
"PERF42522031","2022-12-01","Bhoopati","Abbott","Ganaka","F","1998-04-13","New Delhi","005193","New Delhi","Andhra Pradesh"
"PERF65242032","2019-08-29","Mangalya","Bhat","Achari","F","1984-04-10","Visakhapatnam","400083","Visakhapatnam","Chhattisgarh"
"PERF42022033","2017-08-12","Akshaj","Dutta","Marar","M","1949-07-12","Mumbai","698399","Mumbai","Chhattisgarh"
"PERF16122034","2023-11-28","Giriraj","Tandon","Pothuvaal","M","2020-03-10","Kolkata","348689","Kolkata","Jammu and Kashmir"
"PERF5012035","2020-08-23","Anjaneya","Joshi","Shah","M","1955-01-13","New Delhi","160891","New Delhi","Lakshadweep"
"PERF59502036","2023-01-15","Girik","Jha","Khan","M","1992-09-24","New Delhi","891120","New Delhi","Rajasthan"
"PERF21832037","2022-04-14","Gati","Iyengar","Sharma","F","1991-02-19","Kolkata","324153","Kolkata","Manipur"
"PERF31032038","2017-08-06","Sweta","Chattopadhyay","Tandon","M","1949-10-24","Visakhapatnam","811825","Visakhapatnam","Assam"
"PERF37212039","2017-09-25","Mani","Embranthiri","Marar","M","1959-03-29","Visakhapatnam","655453","Visakhapatnam","Bihar"
"PERF95232040","2018-09-07","Chandani","Jain","Nair","F","2000-08-02","Kolkata","413382","Kolkata","Tripura"
"PERF31492041","2021-06-12","Adinath","Somayaji","Ahuja","F","1939-09-26","Mumbai","227010","Mumbai","Assam"
"PERF79962042","2019-12-12","Ekalavya","Dutta","Mukhopadhyay","M","2011-04-21","Chennai","374941","Chennai","Gujarat"
"PERF54852043","2019-05-08","Anish","Pillai","Guha","M","2016-04-07","Mumbai","578119","Mumbai","Himachal Pradesh"
"PERF83342044","2016-03-20","Padma","Mehra","Kaul","F","1984-12-22","Thiruvananthapuram","152910","Thiruvananthapuram","Tripura"
"PERF85522045","2024-06-10","Aashritha","Reddy","Chopra","M","1995-09-11","Visakhapatnam","938780","Visakhapatnam","Tripura"
"PERF52862046","2022-07-20","Asha","Marar","Chaturvedi","M","1970-05-05","Bengaluru","669698","Bengaluru","Andaman and Nicobar Islands"
"PERF22132047","2024-02-17","Rati","Gowda","Bharadwaj","F","1956-01-29","Kolkata","129606","Kolkata","West Bengal"
"PERF22582048","2021-12-24","Daiwik","Nehru","Chattopadhyay","F","1960-04-07","Bengaluru","214529","Bengaluru","Jammu and Kashmir"
"PERF41032049","2023-09-07","Suryakantam","Bhattathiri","Dutta","M","1972-02-25","Mumbai","640457","Mumbai","Lakshadweep"
"PERF37802050","2016-10-19","Jaya","Rana","Ahuja","M","2018-01-27","Mumbai","683690","Mumbai","West Bengal"
"PERF28572051","2021-02-27","Acharyasuta","Johar","Nambeesan","F","2002-12-24","Mumbai","378972","Mumbai","Andaman and Nicobar Islands"
"PERF8072052","2018-09-10","Gopee","Namboothiri","Guha","M","1975-10-14","Mumbai","502983","Mumbai","Goa"
"PERF21242053","2018-11-25","Padma","Jain","Adiga","F","1988-03-26","Chennai","498109","Chennai","Goa"
"PERF45872054","2014-12-03","Chandraketu","Deshpande","Acharya","F","1985-10-13","Visakhapatnam","820521","Visakhapatnam","Kerala"
"PERF96832055","2022-05-04","Aaryan","Tandon","Kaniyar","F","1947-04-28","Hyderabad","733250","Hyderabad","Karnataka"
"PERF3892056","2022-11-23","Dharani","Ganaka","Mahajan","M","1957-11-22","Thiruvananthapuram","471575","Thiruvananthapuram","Chandigarh"
"PERF50322057","2023-10-04","Aanandinii","Varrier","Bandopadhyay","F","2015-02-12","Hyderabad","866551","Hyderabad","Andhra Pradesh"
"PERF26462058","2020-12-19","Bilva","Trivedi","Patel","F","2007-09-04","Hyderabad","448547","Hyderabad","Dadar and Nagar Haveli"
"PERF6722059","2022-03-03","Chidananda","Singh","Bharadwaj","F","1962-03-10","New Delhi","557732","New Delhi","Sikkim"
"PERF66602060","2022-10-31","Devi","Iyengar","Kaur","F","1947-05-01","Hyderabad","115589","Hyderabad","Kerala"
"PERF83532061","2017-07-04","Ekaaksh","Menon","Butt","M","1974-09-18","Hyderabad","550017","Hyderabad","Uttar Pradesh"
"PERF75192062","2022-06-19","Girja","Menon","Namboothiri","F","1965-06-01","New Delhi","541496","New Delhi","Sikkim"
"PERF42992063","2014-04-27","Bhupati","Singh","Singh","F","1964-12-13","Kolkata","595904","Kolkata","Haryana"
"PERF60352064","2019-08-14","Poornima","Saini","Tagore","F","1934-11-11","Visakhapatnam","098296","Visakhapatnam","Himachal Pradesh"
"PERF30372065","2015-12-12","Shantanu","Kocchar","Kaul","M","1991-10-27","Visakhapatnam","835636","Visakhapatnam","Punjab"
"PERF68842066","2021-10-07","Aalok","Iyengar","Guneta","F","1958-12-01","Kolkata","477554","Kolkata","Nagaland"
"PERF55582067","2024-04-28","Vaijayanthi","Nehru","Verma","M","1934-07-03","Bengaluru","543466","Bengaluru","Manipur"
"PERF64302068","2016-06-09","Amaresh","Singh","Abbott","M","2017-01-30","Chennai","279840","Chennai","Punjab"
"PERF87242069","2023-04-04","Subodh","Tagore","Mukhopadhyay","M","1930-06-25","Mumbai","438985","Mumbai","Delhi"
"PERF60672070","2018-02-23","Anjushree","Tagore","Namboothiri","F","1974-04-11","Hyderabad","640274","Hyderabad","Madya Pradesh"
"PERF16982071","2019-10-27","Dhana","Pilla","Dutta","F","2018-10-29","Visakhapatnam","146504","Visakhapatnam","Tamil Nadu"
"PERF45512072","2022-05-24","Chitraksh","Butt","Iyengar","M","1992-12-28","Kolkata","935013","Kolkata","Nagaland"
"PERF67542073","2024-01-10","Deeptimoyee","Agarwal","Naik","M","1953-08-14","New Delhi","369625","New Delhi","Gujarat"
"PERF81102074","2019-05-19","Hiranmaya","Dubashi","Joshi","F","2007-06-29","New Delhi","723215","New Delhi","Delhi"
"PERF5472075","2014-09-19","Mukul","Khanna","Nayar","F","1955-02-26","New Delhi","523942","New Delhi","West Bengal"
"PERF12312076","2019-12-25","Trilok","Singh","Bhattacharya","F","1963-03-24","New Delhi","061975","New Delhi","Nagaland"
"PERF86272077","2020-02-18","Sarada","Namboothiri","Dhawan","M","1982-05-18","Kolkata","790201","Kolkata","Assam"
"PERF93372078","2015-05-13","Shashi","Somayaji","Menon","M","1986-10-07","New Delhi","217593","New Delhi","Uttaranchal"
"PERF23652079","2017-06-20","Kanchan","Patil","Arora","M","2012-03-08","Visakhapatnam","682639","Visakhapatnam","Andhra Pradesh"
"PERF37222080","2021-02-22","Brahmabrata","Guneta","Trivedi","M","1958-03-22","Bengaluru","266238","Bengaluru","Goa"
"PERF69342081","2020-12-31","Gajaadhar","Deshpande","Ahuja","F","1943-07-12","New Delhi","511735","New Delhi","Andhra Pradesh"
"PERF46632082","2024-04-27","Abhirath","Patil","Butt","F","2016-12-26","Hyderabad","247280","Hyderabad","Chandigarh"
"PERF82022083","2014-07-17","Laxman","Saini","Tagore","M","1938-10-17","New Delhi","319017","New Delhi","Uttaranchal"
"PERF41432084","2021-03-15","Dhanvin","Kocchar","Guha","M","1946-11-28","New Delhi","788494","New Delhi","Andaman and Nicobar Islands"
"PERF85562085","2024-07-22","Udit","Chaturvedi","Sinha","F","1941-12-06","Visakhapatnam","096841","Visakhapatnam","Himachal Pradesh"
"PERF30422086","2017-01-04","Gopal","Banerjee","Mehrotra","F","1971-01-02","Chennai","187738","Chennai","Lakshadweep"
"PERF11382087","2018-01-24","Suma","Bhat","Menon","F","1955-08-27","Bengaluru","050212","Bengaluru","Jharkhand"
"PERF9342088","2017-07-30","Abhaya","Arora","Saini","M","1938-12-08","Chennai","786622","Chennai","Arunachal Pradesh"
"PERF42952089","2021-09-24","Shashi","Gowda","Patil","F","1981-05-16","Hyderabad","694518","Hyderabad","Karnataka"
"PERF45932090","2020-07-04","Adityanandana","Desai","Kaniyar","M","1989-01-20","Bengaluru","716361","Bengaluru","Manipur"
"PERF15052091","2023-09-07","Omana","Banerjee","Mehra","M","1973-06-10","New Delhi","327802","New Delhi","Tripura"
"PERF46972092","2024-02-28","Kama","Bandopadhyay","Mehrotra","F","1958-06-29","Thiruvananthapuram","861011","Thiruvananthapuram","Pondicherry"
"PERF34512093","2022-01-03","Anish","Kaul","Achari","M","2022-05-21","Hyderabad","583370","Hyderabad","Haryana"
"PERF37912094","2015-10-15","Chaaruchandra","Bharadwaj","Nehru","F","1964-01-29","Mumbai","886258","Mumbai","Tamil Nadu"
"PERF23902095","2015-03-06","Adheesh","Kakkar","Deshpande","M","1961-03-31","Hyderabad","210408","Hyderabad","Orissa"
"PERF16202096","2017-12-30","Swara","Bhat","Dubashi","M","2000-12-31","Bengaluru","382542","Bengaluru","Bihar"
"PERF93922097","2014-09-24","Trilochana","Mishra","Tandon","F","1998-11-19","Mumbai","502592","Mumbai","Tamil Nadu"
"PERF24592098","2017-09-14","Darshan","Bhattacharya","Rana","F","1944-02-18","Chennai","536801","Chennai","Uttaranchal"
"PERF40632099","2021-05-08","Anamika","Joshi","Gill","F","1936-11-09","Hyderabad","305746","Hyderabad","Karnataka"
"PERF68372100","2019-09-14","Krishnadasa","Ganaka","Nambeesan","M","1992-08-02","Hyderabad","634295","Hyderabad","Jammu and Kashmir"
"PERF2552101","2017-05-07","Dayamayee","Pothuvaal","Bhattacharya","F","1946-02-13","Thiruvananthapuram","535855","Thiruvananthapuram","Sikkim"
"PERF27872102","2017-03-13","Gauranga","Pothuvaal","Sharma","M","2014-02-15","Thiruvananthapuram","939123","Thiruvananthapuram","Rajasthan"
"PERF40302103","2015-11-24","Meena","Gandhi","Namboothiri","M","2011-08-24","Mumbai","848330","Mumbai","Nagaland"
"PERF83652104","2014-04-25","Chaitan","Desai","Pandey","M","1976-12-25","Thiruvananthapuram","293899","Thiruvananthapuram","Goa"
"PERF47532105","2024-06-26","Elakshi","Dubashi","Bandopadhyay","M","2007-04-08","Bengaluru","123140","Bengaluru","Andaman and Nicobar Islands"
"PERF15132106","2022-07-29","Atmanand","Chaturvedi","Prajapat","F","1963-06-09","Bengaluru","302658","Bengaluru","Karnataka"
"PERF74162107","2020-09-01","Suryakantam","Sinha","Adiga","F","1936-09-11","New Delhi","592217","New Delhi","Lakshadweep"
"PERF87342108","2020-03-13","Chitraksh","Bhat","Rana","M","1939-08-23","New Delhi","635213","New Delhi","Jammu and Kashmir"
"PERF11242109","2014-12-14","Jitender","Rana","Jain","F","1959-05-28","New Delhi","817784","New Delhi","Himachal Pradesh"
"PERF33752110","2015-07-03","Gajbaahu","Bharadwaj","Mishra","F","1978-01-05","Chennai","445430","Chennai","Bihar"
"PERF92172111","2024-04-23","Hiranya","Agarwal","Jha","M","1980-02-06","Hyderabad","397031","Hyderabad","Bihar"
"PERF91962112","2015-04-19","Ritesh","Achari","Jain","M","1976-03-02","Kolkata","808694","Kolkata","Jharkhand"
"PERF92072113","2018-12-18","Laxman","Gupta","Joshi","F","1933-11-26","Mumbai","579942","Mumbai","Nagaland"
"PERF31632114","2022-10-21","Lakshman","Nambeesan","Mehra","F","1937-06-19","New Delhi","036485","New Delhi","Haryana"
"PERF71062115","2024-07-20","Omana","Namboothiri","Dwivedi","M","1992-08-15","Thiruvananthapuram","451941","Thiruvananthapuram","Uttaranchal"
"PERF78532116","2022-09-10","Adripathi","Kakkar","Nambeesan","M","1986-03-08","Thiruvananthapuram","349467","Thiruvananthapuram","Haryana"
"PERF78492117","2020-09-22","Dhyaneshwar","Arora","Khatri","M","1970-10-20","Thiruvananthapuram","501977","Thiruvananthapuram","Tripura"
"PERF41642118","2023-04-03","Manikya","Pothuvaal","Ahluwalia","F","1981-06-17","Kolkata","176693","Kolkata","Dadar and Nagar Haveli"
"PERF72192119","2020-07-15","Meena","Tagore","Guha","M","1971-06-28","Hyderabad","666780","Hyderabad","Andhra Pradesh"
"PERF90812120","2020-09-02","Vaishvi","Pandey","Patel","M","2016-11-01","New Delhi","584079","New Delhi","Maharashtra"
"PERF47342121","2020-01-05","Aayushmaan","Kapoor","Tagore","F","2007-06-24","Hyderabad","528778","Hyderabad","Delhi"
"PERF25472122","2018-08-09","Rageswari","Sethi","Kaniyar","M","1960-07-03","Hyderabad","033658","Hyderabad","Sikkim"
"PERF87222123","2014-04-02","Aadidev","Bandopadhyay","Pandey","F","2014-06-30","Chennai","395052","Chennai","Delhi"
"PERF3952124","2014-10-07","Vimal","Talwar","Iyer","F","1999-05-14","New Delhi","641516","New Delhi","Andaman and Nicobar Islands"
"PERF32272125","2014-08-01","Elakshi","Asan","Reddy","M","1934-06-07","Hyderabad","557245","Hyderabad","Chhattisgarh"
"PERF30442126","2023-06-23","Chandran","Mehrotra","Gill","F","1999-03-12","New Delhi","990231","New Delhi","Meghalaya"
"PERF95632127","2016-09-22","Adripathi","Nambeesan","Nair","M","1991-04-04","Visakhapatnam","830643","Visakhapatnam","Gujarat"
"PERF59512128","2023-12-16","Shakti","Adiga","Kakkar","F","2008-11-25","Visakhapatnam","129520","Visakhapatnam","Kerala"
"PERF13812129","2016-01-18","Anwesha","Deshpande","Guha","M","2006-08-28","Chennai","441055","Chennai","Manipur"
"PERF85312130","2021-04-27","Sushil","Kaur","Nambeesan","F","2015-09-13","Hyderabad","175986","Hyderabad","Madya Pradesh"
"PERF30702131","2016-05-01","Rita","Nehru","Namboothiri","M","1971-03-10","Visakhapatnam","646303","Visakhapatnam","Lakshadweep"
"PERF21142132","2017-11-02","Deeptendu","Mishra","Chopra","F","1938-10-07","Visakhapatnam","183939","Visakhapatnam","Chhattisgarh"
"PERF37982133","2022-12-14","Dipesh","Kaur","Adiga","F","2001-03-06","Bengaluru","950865","Bengaluru","Andhra Pradesh"
"PERF48162134","2022-06-30","Naval","Prajapat","Banerjee","F","1989-07-23","Visakhapatnam","068598","Visakhapatnam","Kerala"
"PERF74212135","2015-09-03","Chakrika","Nath","Dhawan","M","1954-01-13","Kolkata","300999","Kolkata","Dadar and Nagar Haveli"
"PERF24862136","2014-12-17","Girja","Kaur","Gill","F","1943-01-06","Hyderabad","646772","Hyderabad","Dadar and Nagar Haveli"
"PERF57532137","2016-11-17","Deeptendu","Chopra","Jain","F","1993-11-07","Kolkata","384376","Kolkata","Kerala"
"PERF41722138","2022-04-15","Chidambar","Mehrotra","Bhattathiri","M","1965-01-19","New Delhi","536417","New Delhi","Andaman and Nicobar Islands"
"PERF89242139","2022-12-02","Ojaswini","Bhattathiri","Bhattathiri","F","2001-12-29","Thiruvananthapuram","849168","Thiruvananthapuram","West Bengal"
"PERF7482140","2015-02-01","Lai","Pillai","Kakkar","F","1979-12-06","Kolkata","841368","Kolkata","Andhra Pradesh"
"PERF62502141","2015-06-24","Aadidev","Jha","Gill","F","1959-07-08","Hyderabad","076922","Hyderabad","Assam"
"PERF59462142","2016-11-28","Mohana","Iyer","Pillai","M","1945-10-31","Kolkata","650527","Kolkata","Bihar"
"PERF53762143","2021-05-05","Vasudeva","Kocchar","Kocchar","M","1967-04-21","Hyderabad","491373","Hyderabad","Bihar"
"PERF31602144","2024-05-01","Vedang","Banerjee","Gill","M","1939-09-10","Hyderabad","849680","Hyderabad","Karnataka"
"PERF6002145","2022-02-02","Anjali","Dutta","Chaturvedi","M","1937-01-26","New Delhi","244247","New Delhi","Madya Pradesh"
"PERF68632146","2017-11-11","Karthik","Dutta","Jha","F","1997-06-22","Bengaluru","576288","Bengaluru","Tripura"
"PERF5452147","2016-11-06","Sucheta","Trivedi","Adiga","F","2012-09-15","Hyderabad","330203","Hyderabad","Andaman and Nicobar Islands"
"PERF40492148","2014-05-22","Darshan","Dwivedi","Marar","F","1964-04-26","Visakhapatnam","265752","Visakhapatnam","Daman and Diu"
"PERF27552149","2024-06-11","Durga","Marar","Khan","M","1964-04-30","Mumbai","898273","Mumbai","Chhattisgarh"
"PERF27392150","2022-04-21","Deveshwar","Chaturvedi","Marar","M","1967-03-08","Kolkata","795543","Kolkata","Kerala"
"PERF68882151","2019-05-11","Anish","Dwivedi","Jain","F","1956-03-05","New Delhi","685117","New Delhi","Assam"
"PERF4312152","2024-02-26","Anish","Johar","Gupta","M","1978-08-17","Visakhapatnam","916726","Visakhapatnam","Manipur"
"PERF56632153","2014-11-19","Balgopal","Guha","Guneta","F","2010-10-12","Thiruvananthapuram","811300","Thiruvananthapuram","Karnataka"
"PERF79022154","2020-02-29","Atreyi","Mukhopadhyay","Ganaka","F","2011-10-07","Visakhapatnam","828158","Visakhapatnam","Jharkhand"
"PERF13302155","2021-11-02","Abani","Verma","Bhattacharya","M","1952-03-15","Mumbai","020700","Mumbai","Dadar and Nagar Haveli"
"PERF57402156","2017-10-17","Ritesh","Khanna","Reddy","F","1933-12-01","Mumbai","292838","Mumbai","Andhra Pradesh"
"PERF29112157","2019-11-11","Laal","Mishra","Tagore","M","1984-03-13","Bengaluru","681146","Bengaluru","Haryana"
"PERF9732158","2021-05-15","Gurdev","Varma","Pothuvaal","F","2000-07-06","Kolkata","456704","Kolkata","Rajasthan"
"PERF8762159","2016-09-17","Dipali","Devar","Sethi","M","1992-10-14","Hyderabad","981630","Hyderabad","Nagaland"
"PERF70442160","2021-09-02","Udit","Dwivedi","Dubashi","F","1992-10-12","Chennai","375494","Chennai","Nagaland"
"PERF25072161","2019-07-10","Bhramar","Menon","Bhat","F","1932-03-10","Thiruvananthapuram","619316","Thiruvananthapuram","West Bengal"
"PERF6352162","2017-08-16","Bhardwaj","Iyer","Dubashi","F","1984-08-07","New Delhi","587728","New Delhi","Lakshadweep"
"PERF5812163","2021-02-08","Maheswar","Dhawan","Acharya","M","1957-11-15","Kolkata","522212","Kolkata","Punjab"
"PERF4702164","2016-11-16","Deevakar","Agarwal","Ganaka","F","1981-04-02","Thiruvananthapuram","025685","Thiruvananthapuram","Meghalaya"
"PERF4432165","2023-01-06","Ramaa","Somayaji","Khatri","M","1999-08-19","Hyderabad","407107","Hyderabad","Kerala"
"PERF42972166","2024-03-07","Adhrit","Mehrotra","Chattopadhyay","M","1937-12-10","Thiruvananthapuram","978572","Thiruvananthapuram","Manipur"
"PERF2082167","2019-01-11","Giri","Kocchar","Achari","M","1978-05-05","Kolkata","757886","Kolkata","Nagaland"
"PERF91052168","2022-12-27","Opaline","Rana","Joshi","F","1940-08-20","Thiruvananthapuram","758360","Thiruvananthapuram","Manipur"
"PERF45222169","2016-09-19","Gandharva","Kaul","Panicker","F","1989-02-10","Mumbai","399348","Mumbai","Madya Pradesh"
"PERF33352170","2022-12-21","Ganesh","Reddy","Varman","F","1980-09-16","Hyderabad","638270","Hyderabad","Bihar"
"PERF41272171","2018-04-10","Bhramar","Singh","Kapoor","M","1989-02-08","Kolkata","259657","Kolkata","Tamil Nadu"
"PERF74642172","2017-10-11","Kamala","Kakkar","Bandopadhyay","F","1935-02-28","New Delhi","236993","New Delhi","Rajasthan"
"PERF49652173","2016-01-18","Subodh","Dhawan","Sethi","M","1935-12-11","Chennai","023827","Chennai","Kerala"
"PERF84252174","2016-02-03","Aagney","Shah","Kakkar","F","1983-04-03","Chennai","380952","Chennai","Rajasthan"
"PERF90022175","2023-09-26","Dharani","Verma","Pothuvaal","M","1986-11-27","Thiruvananthapuram","059555","Thiruvananthapuram","Sikkim"
"PERF4622176","2015-04-30","Gautami","Shah","Pillai","F","1948-06-03","New Delhi","263166","New Delhi","Madya Pradesh"
"PERF94662177","2015-11-05","Gautama","Devar","Chopra","M","1960-10-25","Mumbai","040429","Mumbai","Pondicherry"
"PERF95552178","2020-03-10","Lalita","Abbott","Chopra","M","1989-05-19","Visakhapatnam","936141","Visakhapatnam","Jharkhand"
"PERF91272179","2016-11-24","Yoginder","Malik","Butt","M","1986-07-07","Bengaluru","413242","Bengaluru","Jharkhand"
"PERF11792180","2015-07-25","Abhisyanta","Dwivedi","Kakkar","M","2010-02-23","Mumbai","083102","Mumbai","Assam"
"PERF32592181","2015-04-28","Gobinda","Embranthiri","Butt","M","2006-12-04","Bengaluru","465931","Bengaluru","Uttaranchal"
"PERF21422182","2023-05-15","Anala","Joshi","Reddy","F","2014-02-28","Hyderabad","723487","Hyderabad","Tripura"
"PERF29922183","2023-08-26","Samir","Kaniyar","Bhat","M","2003-05-23","Hyderabad","607296","Hyderabad","Jammu and Kashmir"
"PERF41992184","2021-06-20","Aagney","Dhawan","Embranthiri","F","2011-06-18","New Delhi","296003","New Delhi","Karnataka"
"PERF91922185","2015-07-23","Acharyanandana","Talwar","Sinha","F","1974-09-24","New Delhi","431079","New Delhi","Jharkhand"
"PERF12332186","2022-11-29","Kartik","Deshpande","Marar","F","1959-02-25","Hyderabad","631807","Hyderabad","Tripura"
"PERF93772187","2019-12-31","Kanti","Dhawan","Embranthiri","M","1973-11-25","Visakhapatnam","676778","Visakhapatnam","Chandigarh"
"PERF95312188","2019-01-10","Kanti","Devar","Varman","F","2016-04-28","Bengaluru","651899","Bengaluru","Rajasthan"
"PERF86652189","2017-08-08","Ekdant","Patel","Talwar","F","2013-11-26","Kolkata","172202","Kolkata","Chhattisgarh"
"PERF47932190","2017-09-12","Deependra","Chopra","Bandopadhyay","M","1973-04-06","Thiruvananthapuram","295738","Thiruvananthapuram","Karnataka"
"PERF7272191","2018-01-30","Heema","Sinha","Kaur","F","1946-03-28","New Delhi","247809","New Delhi","West Bengal"
"PERF60352192","2020-09-25","Dhana","Kaur","Khanna","M","1977-01-18","Hyderabad","879601","Hyderabad","Goa"
"PERF95382193","2022-04-23","Meghnath","Saini","Kaul","M","2023-05-08","Kolkata","742954","Kolkata","Uttar Pradesh"
"PERF18112194","2014-11-08","Ganesh","Jha","Varma","M","1959-05-11","Thiruvananthapuram","861659","Thiruvananthapuram","Manipur"
"PERF51712195","2014-07-24","Ritesh","Singh","Bhat","F","2000-03-30","Thiruvananthapuram","165536","Thiruvananthapuram","Maharashtra"
"PERF35992196","2016-03-16","Baalagopaal","Ahuja","Reddy","M","1990-11-28","Chennai","577439","Chennai","Madya Pradesh"
"PERF12292197","2022-08-12","Vidya","Achari","Gill","F","1945-03-07","Visakhapatnam","703682","Visakhapatnam","Karnataka"
"PERF13422198","2022-09-03","Chakradhar","Pillai","Ahuja","M","1985-03-05","Visakhapatnam","628509","Visakhapatnam","Kerala"
"PERF54772199","2016-01-23","Paramartha","Abbott","Iyengar","M","2018-04-14","Hyderabad","717792","Hyderabad","Tripura"
"PERF10532200","2017-07-23","Sarala","Kocchar","Verma","F","1959-04-13","Thiruvananthapuram","232877","Thiruvananthapuram","Jammu and Kashmir"
"PERF13012201","2015-06-21","Bhadrak","Bharadwaj","Kaul","M","1961-09-22","Thiruvananthapuram","592977","Thiruvananthapuram","Rajasthan"
"PERF10662202","2014-06-29","Diptendu","Gupta","Malik","M","1956-06-10","Thiruvananthapuram","527423","Thiruvananthapuram","Bihar"
"PERF20822203","2023-12-06","Deeptimoyee","Gandhi","Arora","F","2008-05-09","Chennai","865724","Chennai","Andhra Pradesh"
"PERF19052204","2018-10-30","Siddhran","Deshpande","Banerjee","M","1930-09-17","Chennai","858847","Chennai","Lakshadweep"
"PERF52372205","2018-02-23","Rita","Ganaka","Varma","M","1937-09-08","Hyderabad","789686","Hyderabad","Gujarat"
"PERF10672206","2021-09-24","Deeptanshu","Shukla","Nambeesan","M","1997-09-24","Bengaluru","440624","Bengaluru","Jammu and Kashmir"
"PERF45912207","2020-07-08","Shwet","Saini","Varman","M","1965-03-22","New Delhi","298081","New Delhi","Andhra Pradesh"
"PERF31992208","2018-10-25","Sitara","Talwar","Shukla","F","1955-09-04","Hyderabad","986912","Hyderabad","Andhra Pradesh"
"PERF71022209","2016-03-17","Kamla","Jain","Gill","F","1973-07-31","Kolkata","803354","Kolkata","Delhi"
"PERF88552210","2021-11-13","Chidaakaash","Johar","Gill","M","1946-12-24","Mumbai","632790","Mumbai","Delhi"
"PERF45322211","2014-08-02","Chidambaram","Pillai","Varma","M","2017-11-25","Thiruvananthapuram","379359","Thiruvananthapuram","Jammu and Kashmir"
"PERF60602212","2014-07-12","Dipankar","Bhattathiri","Sethi","F","1998-02-15","Thiruvananthapuram","986219","Thiruvananthapuram","Bihar"
"PERF15672213","2016-08-08","Chandni","Arora","Mehrotra","F","1983-11-26","Chennai","021978","Chennai","Nagaland"
"PERF90612214","2024-04-23","Sher","Kaniyar","Jain","F","1940-01-13","Hyderabad","624710","Hyderabad","Chandigarh"
"PERF80112215","2022-07-06","Rahul","Khanna","Sinha","F","1945-05-06","Visakhapatnam","205338","Visakhapatnam","Gujarat"
"PERF41772216","2022-07-13","Anwesha","Adiga","Chattopadhyay","M","1979-02-03","New Delhi","596385","New Delhi","Haryana"
"PERF95952217","2022-12-01","Suryakant","Nambeesan","Kaur","F","2018-04-02","Kolkata","106462","Kolkata","Maharashtra"
"PERF49412218","2016-03-02","Shwet","Pothuvaal","Bhattathiri","F","1946-06-17","Bengaluru","874178","Bengaluru","Chhattisgarh"
"PERF68312219","2023-11-27","Chandra","Bhattacharya","Jha","F","1972-10-01","Thiruvananthapuram","138222","Thiruvananthapuram","Chandigarh"
"PERF7922220","2020-01-05","Susheel","Deshpande","Varma","F","1941-09-05","Kolkata","715243","Kolkata","Punjab"
"PERF21192221","2022-04-26","Acaryatanaya","Mehrotra","Mehrotra","F","1970-11-30","Thiruvananthapuram","832491","Thiruvananthapuram","Orissa"
"PERF56902222","2022-09-12","Bhoj","Chattopadhyay","Pillai","M","2009-09-16","Mumbai","754216","Mumbai","Dadar and Nagar Haveli"
"PERF63982223","2022-03-03","Atreyi","Ganaka","Pandey","F","1947-05-06","Hyderabad","424885","Hyderabad","Arunachal Pradesh"
"PERF85732224","2014-12-14","Vaishvi","Acharya","Banerjee","M","2014-02-13","New Delhi","780403","New Delhi","Punjab"
"PERF4742225","2014-11-27","Giriraj","Jain","Sharma","M","1957-08-30","Chennai","650591","Chennai","Jammu and Kashmir"
"PERF66192226","2017-02-06","Vasudeva","Khanna","Nambeesan","M","1936-10-02","Visakhapatnam","515283","Visakhapatnam","Tamil Nadu"
"PERF65362227","2015-11-29","Harinarayan","Varma","Nair","M","2007-10-26","Visakhapatnam","428838","Visakhapatnam","Himachal Pradesh"
"PERF87662228","2015-05-13","Chandrabhaga","Nayar","Guha","F","2010-03-24","Mumbai","351445","Mumbai","Madya Pradesh"
"PERF66522229","2023-10-15","Acharyasuta","Iyer","Kaul","M","1999-12-07","Chennai","387968","Chennai","West Bengal"
"PERF51512230","2022-08-19","Agniprava","Ganaka","Panicker","M","1951-05-17","Kolkata","472324","Kolkata","Kerala"
"PERF22702231","2024-05-25","Opalina","Sharma","Asan","F","1950-04-24","Chennai","274274","Chennai","Sikkim"
"PERF64602232","2015-07-13","Goswami","Kapoor","Shah","M","1994-12-12","Visakhapatnam","103986","Visakhapatnam","Gujarat"
"PERF1362233","2019-01-12","Chandani","Guneta","Guneta","M","1961-04-07","Thiruvananthapuram","988982","Thiruvananthapuram","Tamil Nadu"
"PERF96372234","2016-09-16","Charumati","Sinha","Varman","M","1944-03-15","Bengaluru","723015","Bengaluru","Assam"
"PERF37002235","2018-09-26","Shashi","Achari","Nayar","F","1976-12-31","Kolkata","951147","Kolkata","Jharkhand"
"PERF97372236","2016-09-13","Himadri","Bandopadhyay","Kocchar","M","1946-11-21","Thiruvananthapuram","148641","Thiruvananthapuram","Nagaland"
"PERF66352237","2016-05-11","Trilokesh","Naik","Bhattacharya","F","1997-05-13","Hyderabad","757622","Hyderabad","Sikkim"
"PERF82102238","2017-11-17","Sher","Kakkar","Rana","M","1935-06-24","Thiruvananthapuram","232069","Thiruvananthapuram","Daman and Diu"
"PERF73752239","2014-05-27","Chandrabhan","Reddy","Singh","M","1963-09-25","Mumbai","839450","Mumbai","Kerala"
"PERF29692240","2016-11-01","Chitrangada","Tagore","Chopra","M","1976-09-02","Kolkata","825342","Kolkata","Orissa"
"PERF29312241","2022-08-19","Kali","Menon","Dwivedi","F","1963-05-31","Visakhapatnam","802253","Visakhapatnam","Chandigarh"
"PERF66192242","2019-01-30","Garuda","Varman","Deshpande","M","1989-04-03","Visakhapatnam","064245","Visakhapatnam","Pondicherry"
"PERF55132243","2022-03-30","Chandramani","Guneta","Nehru","F","1986-07-19","Bengaluru","857368","Bengaluru","Delhi"
"PERF69462244","2016-12-16","Leela","Kapoor","Nair","F","1966-07-07","Hyderabad","367455","Hyderabad","Kerala"
"PERF70732245","2020-06-26","Bharadwaj","Marar","Pillai","F","2009-02-11","Visakhapatnam","243077","Visakhapatnam","Tamil Nadu"
"PERF18322246","2018-10-04","Gouranga","Bhat","Rana","F","1973-06-03","New Delhi","703063","New Delhi","Rajasthan"
"PERF26012247","2021-06-15","Priyala","Gill","Iyengar","F","1957-07-01","Hyderabad","820669","Hyderabad","Tamil Nadu"
"PERF87172248","2021-03-26","Abhaidev","Pilla","Malik","F","1930-08-18","Hyderabad","010048","Hyderabad","Uttaranchal"
"PERF16872249","2014-05-06","Siddhran","Saini","Johar","F","1935-12-13","Thiruvananthapuram","486587","Thiruvananthapuram","Rajasthan"
"PERF77442250","2015-06-23","Divya","Chaturvedi","Butt","F","1979-03-13","Kolkata","367885","Kolkata","Delhi"
"PERF52442251","2014-06-13","Chiranjeeve","Mehra","Jain","F","1937-04-14","Hyderabad","421223","Hyderabad","Andhra Pradesh"
"PERF40352252","2016-06-09","Chandra","Johar","Johar","F","1943-07-16","Bengaluru","652756","Bengaluru","Andhra Pradesh"
"PERF39472253","2023-06-30","Vrund","Bhattathiri","Iyer","F","1953-03-03","New Delhi","706417","New Delhi","Delhi"
"PERF85272254","2023-09-05","Bhooshan","Gowda","Bhat","M","1956-08-24","Mumbai","918952","Mumbai","Rajasthan"
"PERF6082255","2021-11-25","Narayan","Dutta","Ganaka","M","2021-10-04","New Delhi","045478","New Delhi","Maharashtra"
"PERF71202256","2015-02-03","Inder","Bhat","Pilla","F","1976-03-26","Visakhapatnam","381660","Visakhapatnam","Chhattisgarh"
"PERF61312257","2023-01-02","Anilaabh","Tandon","Tandon","F","1933-08-20","New Delhi","683774","New Delhi","Goa"
"PERF6602258","2020-12-11","Chanakya","Joshi","Bharadwaj","M","1970-01-18","Kolkata","477898","Kolkata","Manipur"
"PERF33002259","2023-07-20","Bheeshma","Prajapat","Jain","M","1976-07-04","Thiruvananthapuram","733902","Thiruvananthapuram","Rajasthan"
"PERF27402260","2018-01-22","Harinarayan","Dhawan","Bharadwaj","M","2012-05-30","Bengaluru","174167","Bengaluru","Chhattisgarh"
"PERF26162261","2015-07-02","Brajendra","Acharya","Nambeesan","F","1971-06-12","Kolkata","567675","Kolkata","Andhra Pradesh"
"PERF5082262","2016-12-11","Dhanu","Shukla","Jha","M","1963-06-04","New Delhi","191597","New Delhi","Gujarat"
"PERF40412263","2021-10-08","Tanirika","Ahuja","Dubashi","M","1951-01-28","Hyderabad","888076","Hyderabad","Assam"
"PERF78372264","2016-12-02","Narinder","Kapoor","Nayar","M","1942-10-26","Thiruvananthapuram","243651","Thiruvananthapuram","Dadar and Nagar Haveli"
"PERF212265","2020-02-13","Aalok","Embranthiri","Nambeesan","M","1944-04-10","Kolkata","122634","Kolkata","Dadar and Nagar Haveli"
"PERF5372266","2024-01-04","Kali","Varma","Nayar","M","1987-08-17","Hyderabad","095206","Hyderabad","Andaman and Nicobar Islands"
"PERF37002267","2023-04-29","Dhana","Verma","Sethi","M","1941-03-21","Thiruvananthapuram","616147","Thiruvananthapuram","Jharkhand"
"PERF63352268","2014-12-05","Devesh","Varrier","Devar","F","1973-04-14","New Delhi","385621","New Delhi","Madya Pradesh"
"PERF57012269","2014-03-16","Chitrali","Devar","Nehru","F","1980-05-21","New Delhi","315010","New Delhi","Rajasthan"
"PERF69582270","2018-01-12","Trilokesh","Khan","Pillai","M","1956-09-11","Visakhapatnam","046267","Visakhapatnam","Goa"
"PERF95792271","2016-09-14","Baladitya","Kaul","Kaur","F","1974-10-15","Bengaluru","192724","Bengaluru","Daman and Diu"
"PERF32302272","2018-11-25","Akshayakeerti","Varrier","Joshi","F","2020-02-19","Hyderabad","421352","Hyderabad","West Bengal"
"PERF51922273","2024-04-30","Goutam","Khanna","Dwivedi","F","1969-04-07","Kolkata","961111","Kolkata","Gujarat"
"PERF10882274","2015-05-15","Chidambaram","Gill","Pillai","F","1947-09-14","Mumbai","950914","Mumbai","Nagaland"
"PERF11562275","2014-12-14","Chandravati","Patil","Varma","F","1977-02-10","Mumbai","369230","Mumbai","Bihar"
"PERF952276","2016-01-27","Malti","Chattopadhyay","Jha","F","2002-05-13","Mumbai","833682","Mumbai","Assam"
"PERF58712277","2022-01-20","Kanak","Shah","Gupta","M","1946-09-05","Hyderabad","992273","Hyderabad","Andhra Pradesh"
"PERF87432278","2023-10-29","Vaishvi","Ganaka","Iyengar","M","1939-12-26","Bengaluru","145756","Bengaluru","Arunachal Pradesh"
"PERF58662279","2023-07-15","Ambar","Sethi","Bharadwaj","F","1996-03-27","Hyderabad","868520","Hyderabad","Bihar"
"PERF17552280","2024-05-20","Bhudeva","Deshpande","Dwivedi","F","2006-08-23","Chennai","499118","Chennai","Jharkhand"
"PERF18842281","2022-08-10","Gajbaahu","Nehru","Kaul","M","1983-02-20","Visakhapatnam","877481","Visakhapatnam","Daman and Diu"
"PERF82032282","2023-08-14","Brahmdev","Menon","Patel","F","1990-04-12","Bengaluru","876534","Bengaluru","Orissa"
"PERF75132283","2018-09-14","Tanushri","Arora","Bandopadhyay","F","1979-11-12","Visakhapatnam","203277","Visakhapatnam","Mizoram"
"PERF63802284","2020-02-19","Shiv","Embranthiri","Ganaka","F","1982-04-20","Mumbai","779325","Mumbai","Meghalaya"
"PERF65802285","2020-03-06","Dhara","Bharadwaj","Bhattathiri","M","1990-12-03","Mumbai","625091","Mumbai","Lakshadweep"
"PERF78812286","2022-10-26","Aditya","Sharma","Chopra","M","1941-08-28","Bengaluru","441958","Bengaluru","Nagaland"
"PERF59332287","2018-11-03","Atreyi","Acharya","Sinha","F","1998-03-21","Chennai","193278","Chennai","Delhi"
"PERF51182288","2019-08-08","Bhagirathi","Prajapat","Trivedi","F","1961-03-13","Thiruvananthapuram","893855","Thiruvananthapuram","Rajasthan"
"PERF7502289","2021-03-08","Tej","Mishra","Varrier","M","2022-01-25","Kolkata","477172","Kolkata","Rajasthan"
"PERF35802290","2022-11-02","Anagh","Jha","Arora","M","2002-02-22","Bengaluru","689455","Bengaluru","Tripura"
"PERF26792291","2018-07-30","Devagya","Malik","Khatri","F","1981-09-10","Thiruvananthapuram","594396","Thiruvananthapuram","Arunachal Pradesh"
"PERF83992292","2018-09-13","Gopi","Ahluwalia","Chattopadhyay","M","1946-05-24","New Delhi","239709","New Delhi","Haryana"
"PERF35222293","2016-08-29","Krishnadasa","Nehru","Devar","F","1958-10-21","Mumbai","012844","Mumbai","Rajasthan"
"PERF15412294","2018-08-24","Mangalya","Desai","Sharma","M","1976-07-26","Mumbai","188474","Mumbai","Maharashtra"
"PERF8722295","2016-04-17","Girik","Patel","Malik","M","1999-03-02","Kolkata","049704","Kolkata","Tripura"
"PERF30252296","2022-06-16","Chandrabhaga","Namboothiri","Gupta","M","2009-05-07","Hyderabad","859574","Hyderabad","Karnataka"
"PERF69382297","2021-11-25","Vrinda","Acharya","Deshpande","M","1983-12-30","Hyderabad","419183","Hyderabad","Tripura"
"PERF16842298","2020-02-28","Triloki","Reddy","Nehru","F","1936-08-02","Visakhapatnam","126028","Visakhapatnam","West Bengal"
"PERF88842299","2019-10-01","Manikya","Pothuvaal","Agarwal","M","1986-09-08","Hyderabad","825324","Hyderabad","Nagaland"
"PERF20682300","2015-06-14","Bhagirathi","Patel","Achari","F","2008-09-16","Kolkata","239616","Kolkata","Uttar Pradesh"
"PERF23732301","2018-02-11","Sarla","Nehru","Rana","M","2007-09-25","Hyderabad","682602","Hyderabad","Chhattisgarh"
"PERF60932302","2017-09-26","Gurdev","Guha","Khanna","M","1987-08-28","Visakhapatnam","454675","Visakhapatnam","Gujarat"
"PERF20492303","2017-04-27","Chandramohan","Sethi","Pandey","M","1966-07-05","Thiruvananthapuram","878463","Thiruvananthapuram","Delhi"
"PERF6682304","2018-07-01","Gautama","Somayaji","Gandhi","M","1982-07-06","Hyderabad","655437","Hyderabad","Sikkim"
"PERF52472305","2021-01-19","Guru","Mukhopadhyay","Namboothiri","M","2024-07-14","Thiruvananthapuram","703094","Thiruvananthapuram","Arunachal Pradesh"
"PERF91242306","2017-12-27","Apsara","Shah","Bhat","F","1986-10-07","Thiruvananthapuram","416274","Thiruvananthapuram","Uttaranchal"
"PERF69512307","2021-06-16","Devasree","Iyengar","Panicker","F","1948-05-29","Visakhapatnam","466478","Visakhapatnam","Lakshadweep"
"PERF64182308","2015-06-07","Mina","Johar","Jain","M","1987-08-04","Kolkata","116656","Kolkata","Haryana"
"PERF21392309","2018-11-23","Dhananjay","Nambeesan","Nambeesan","F","1966-05-29","Thiruvananthapuram","089452","Thiruvananthapuram","West Bengal"
"PERF54902310","2015-04-04","Abhirath","Mahajan","Pillai","M","1943-08-02","Visakhapatnam","944932","Visakhapatnam","Andaman and Nicobar Islands"
"PERF93752311","2015-06-07","Aatreya","Chaturvedi","Bandopadhyay","M","1983-06-07","Chennai","894899","Chennai","Gujarat"
"PERF73232312","2023-09-08","Harinarayan","Kaniyar","Shah","F","1930-09-30","Visakhapatnam","870067","Visakhapatnam","Manipur"
"PERF39472313","2021-11-08","Chapal","Sharma","Bharadwaj","F","1941-04-27","Mumbai","431587","Mumbai","Mizoram"
"PERF73912314","2024-03-07","Goswami","Nayar","Ahuja","M","1993-05-13","Thiruvananthapuram","175537","Thiruvananthapuram","Uttaranchal"
"PERF52522315","2018-04-05","Shubhaprada","Namboothiri","Pillai","M","2009-03-05","Chennai","679878","Chennai","Madya Pradesh"
"PERF64032316","2018-08-30","Gitanjali","Mehrotra","Bandopadhyay","F","1960-06-12","Hyderabad","107942","Hyderabad","Gujarat"
"PERF14902317","2015-07-30","Gajadhar","Khan","Kaniyar","F","1975-12-09","Chennai","028141","Chennai","Nagaland"
"PERF22782318","2021-05-15","Bhasvan","Kaul","Varrier","F","1979-09-16","Hyderabad","222843","Hyderabad","Pondicherry"
"PERF64852319","2018-11-07","Sarala","Varman","Pandey","F","1995-08-26","Visakhapatnam","958919","Visakhapatnam","Goa"
"PERF92222320","2015-02-06","Rita","Chopra","Banerjee","M","2010-07-02","Hyderabad","648352","Hyderabad","Sikkim"
"PERF99932321","2018-02-27","Bhagirathi","Pillai","Ahluwalia","F","1974-04-23","Mumbai","803700","Mumbai","Sikkim"
"PERF77172322","2014-03-21","Anjushri","Patil","Saini","M","1961-03-06","New Delhi","268036","New Delhi","Himachal Pradesh"
"PERF64652323","2019-05-25","Ekalavya","Bandopadhyay","Trivedi","F","1962-08-14","New Delhi","726994","New Delhi","Dadar and Nagar Haveli"
"PERF86092324","2018-10-05","Aadrika","Agarwal","Mehra","F","1979-04-21","Visakhapatnam","130384","Visakhapatnam","Karnataka"
"PERF18002325","2017-03-19","Anila","Tandon","Dhawan","M","1976-05-19","Chennai","299485","Chennai","Manipur"
"PERF73382326","2021-10-22","Somnath","Bhattacharya","Gandhi","M","2017-12-18","Thiruvananthapuram","876659","Thiruvananthapuram","Uttaranchal"
"PERF61062327","2022-05-30","Gorakhnath","Mehra","Dhawan","F","1958-07-24","Chennai","703266","Chennai","Haryana"
"PERF33982328","2022-04-13","Niro","Bhattacharya","Agarwal","M","1986-02-19","Hyderabad","258722","Hyderabad","Andhra Pradesh"
"PERF85852329","2019-07-14","Bhisham","Trivedi","Iyengar","F","2010-11-02","Visakhapatnam","804693","Visakhapatnam","Andaman and Nicobar Islands"
"PERF63762330","2017-10-07","Tushar","Banerjee","Gandhi","M","1951-02-24","Mumbai","596142","Mumbai","Pondicherry"
"PERF63712331","2023-05-30","Mangalya","Pillai","Patil","M","1950-01-27","Bengaluru","565396","Bengaluru","Uttar Pradesh"
"PERF75422332","2024-04-29","Chidambar","Gill","Bharadwaj","F","1941-10-07","Bengaluru","085827","Bengaluru","Uttaranchal"
"PERF25852333","2023-03-12","Omana","Saini","Mishra","F","2023-07-07","Mumbai","779030","Mumbai","Madya Pradesh"
"PERF29442334","2022-01-30","Anamika","Nambeesan","Saini","F","2020-12-01","Visakhapatnam","746033","Visakhapatnam","Delhi"
"PERF32832335","2023-11-12","Brahmanandam","Sharma","Chopra","M","1961-06-24","Thiruvananthapuram","242721","Thiruvananthapuram","Madya Pradesh"
"PERF84372336","2019-04-03","Sloka","Iyengar","Trivedi","F","1955-03-14","Hyderabad","478037","Hyderabad","Andhra Pradesh"
"PERF81992337","2014-08-28","Puneet","Panicker","Nehru","M","1957-07-03","Kolkata","037054","Kolkata","Karnataka"
"PERF11292338","2024-06-19","Govinda","Gowda","Prajapat","F","2021-04-25","Thiruvananthapuram","181973","Thiruvananthapuram","Jammu and Kashmir"
"PERF6892339","2020-01-19","Deb","Gill","Ganaka","M","1942-11-25","New Delhi","055499","New Delhi","Madya Pradesh"
"PERF81062340","2023-05-20","Bhardwaj","Mahajan","Asan","F","1937-10-13","Visakhapatnam","203206","Visakhapatnam","Orissa"
"PERF21802341","2016-12-26","Vaijayanti","Patel","Jha","M","1936-10-23","Kolkata","112039","Kolkata","Delhi"
"PERF53052342","2023-05-31","Veda","Banerjee","Somayaji","M","1991-11-26","Hyderabad","391234","Hyderabad","Bihar"
"PERF83102343","2019-12-10","Dayaananda","Malik","Menon","M","1946-11-11","Hyderabad","517342","Hyderabad","Uttar Pradesh"
"PERF14532344","2023-07-11","Harit","Khatri","Mukhopadhyay","F","1974-12-20","Chennai","295806","Chennai","Manipur"
"PERF18582345","2015-02-19","Rukmin","Shah","Deshpande","M","1987-04-20","Bengaluru","852264","Bengaluru","Tamil Nadu"
"PERF88262346","2021-01-10","Jai","Guneta","Khatri","M","1980-04-15","Mumbai","191998","Mumbai","Sikkim"
"PERF24952347","2017-09-23","Aanjaneya","Dubashi","Nambeesan","F","1969-11-20","Bengaluru","334832","Bengaluru","Gujarat"
"PERF84882348","2023-09-28","Ranjit","Somayaji","Kakkar","F","1949-11-01","Bengaluru","629549","Bengaluru","Kerala"
"PERF91422349","2017-11-17","Mohinder","Malik","Menon","F","1945-09-03","Mumbai","382417","Mumbai","Andaman and Nicobar Islands"
"PERF2952350","2018-11-10","Gauranga","Nair","Bhattacharya","F","1971-03-21","Bengaluru","696853","Bengaluru","Punjab"
"PERF14482351","2022-08-09","Darshwana","Butt","Rana","F","2001-12-05","Visakhapatnam","681735","Visakhapatnam","Jammu and Kashmir"
"PERF25832352","2018-06-28","Damodara","Bhattacharya","Guneta","M","2011-05-31","Bengaluru","519777","Bengaluru","Chhattisgarh"
"PERF60862353","2019-02-19","Kirti","Jha","Deshpande","F","1993-04-15","New Delhi","947669","New Delhi","Chhattisgarh"
"PERF11652354","2018-08-01","Tej","Ahuja","Dhawan","F","1938-04-15","Thiruvananthapuram","269077","Thiruvananthapuram","Assam"
"PERF88662355","2015-03-07","Rakesh","Pandey","Tagore","M","2021-03-12","Kolkata","976188","Kolkata","Mizoram"
"PERF65372356","2024-01-27","Ranjit","Ahluwalia","Rana","M","2018-05-29","Mumbai","645212","Mumbai","Uttaranchal"
"PERF93072357","2015-01-01","Vimal","Nambeesan","Dubashi","M","1981-03-24","New Delhi","638646","New Delhi","Tripura"
"PERF21242358","2015-04-24","Nalini","Dutta","Somayaji","M","1931-01-15","Hyderabad","081172","Hyderabad","Daman and Diu"
"PERF11992359","2017-05-28","Rahul","Naik","Kapoor","M","2004-03-11","Hyderabad","851184","Hyderabad","Pondicherry"
"PERF39332360","2014-10-28","Diksha","Asan","Deshpande","M","1986-12-15","Chennai","369093","Chennai","Sikkim"
"PERF18892361","2023-02-18","Shubha","Desai","Prajapat","M","1991-09-18","Hyderabad","555163","Hyderabad","Dadar and Nagar Haveli"
"PERF5632362","2016-11-26","Kiran","Adiga","Jain","M","1959-02-03","Chennai","408446","Chennai","Nagaland"
"PERF9942363","2016-01-18","Ananda","Chattopadhyay","Sethi","F","2004-12-27","Mumbai","840308","Mumbai","Delhi"
"PERF34142364","2018-07-21","Agasti","Marar","Malik","F","2024-03-22","Chennai","731870","Chennai","Arunachal Pradesh"
"PERF74592365","2019-01-07","Lal","Khanna","Patil","F","1963-10-24","New Delhi","381810","New Delhi","Jharkhand"
"PERF49362366","2022-01-18","Bodhan","Nambeesan","Banerjee","M","2003-03-25","Thiruvananthapuram","490650","Thiruvananthapuram","Chhattisgarh"
"PERF92322367","2016-12-20","Bhaumik","Bhattacharya","Panicker","M","1997-08-21","Chennai","752650","Chennai","Goa"
"PERF30002368","2015-11-23","Kiran","Nehru","Asan","M","2004-04-20","Thiruvananthapuram","921436","Thiruvananthapuram","Uttar Pradesh"
"PERF26732369","2021-12-28","Anala","Pilla","Bhattathiri","F","1985-01-03","Visakhapatnam","993850","Visakhapatnam","Kerala"
"PERF32142370","2022-09-07","Kamlesh","Marar","Pothuvaal","M","2012-01-24","Mumbai","823009","Mumbai","Bihar"
"PERF3542371","2019-10-06","Soma","Bandopadhyay","Ahluwalia","F","2006-11-09","Bengaluru","247098","Bengaluru","Andaman and Nicobar Islands"
"PERF88732372","2014-03-27","Sanya","Bhat","Gill","F","2018-06-07","Chennai","139246","Chennai","Uttaranchal"
"PERF93862373","2020-03-20","Mina","Ganaka","Kaur","M","1971-07-18","Thiruvananthapuram","930074","Thiruvananthapuram","Andaman and Nicobar Islands"
"PERF99972374","2023-03-02","Lakshminath","Dhawan","Guha","M","2006-01-07","Mumbai","935878","Mumbai","Madya Pradesh"
"PERF9612375","2018-07-06","Prasanna","Pilla","Dwivedi","F","1996-09-12","Chennai","104354","Chennai","Orissa"
"PERF85142376","2016-06-24","Dhyanesh","Rana","Deshpande","F","2020-10-24","Kolkata","747389","Kolkata","Tamil Nadu"
"PERF18582377","2021-09-18","Vrund","Gupta","Pothuvaal","F","2022-11-04","New Delhi","316952","New Delhi","Madya Pradesh"
"PERF10862378","2018-10-19","Gangesh","Sethi","Gupta","F","1991-08-09","Chennai","565462","Chennai","Karnataka"
"PERF21842379","2023-05-18","Hari","Iyengar","Somayaji","F","2020-08-25","Thiruvananthapuram","797395","Thiruvananthapuram","Orissa"
"PERF99802380","2016-06-12","Vidhur","Somayaji","Kapoor","M","1955-11-25","Bengaluru","036465","Bengaluru","Goa"
"PERF7982381","2016-02-02","Abhirath","Khan","Iyer","F","1952-11-28","Bengaluru","629191","Bengaluru","Rajasthan"
"PERF47332382","2016-11-21","Aayushman","Asan","Tandon","F","2024-06-19","Hyderabad","671156","Hyderabad","Uttaranchal"
"PERF39912383","2014-08-24","Hiranya","Mehrotra","Bhattathiri","F","2003-12-28","Chennai","263709","Chennai","Meghalaya"
"PERF71562384","2021-12-15","Anil","Ahuja","Reddy","F","1992-03-25","Chennai","263467","Chennai","Delhi"
"PERF39882385","2022-12-31","Bhupati","Gupta","Reddy","M","1974-06-16","Mumbai","072545","Mumbai","Dadar and Nagar Haveli"
"PERF54142386","2024-03-26","Suryakanta","Mehrotra","Chopra","F","2011-07-28","Bengaluru","928023","Bengaluru","Sikkim"
"PERF97232387","2024-01-20","Kashyap","Kaur","Rana","F","1933-01-16","Mumbai","407457","Mumbai","Kerala"
"PERF4072388","2017-04-02","Anasooya","Embranthiri","Naik","M","1951-02-11","Mumbai","075085","Mumbai","Uttaranchal"
"PERF4442389","2022-04-10","Bhaumik","Panicker","Varma","F","1957-12-12","Chennai","984865","Chennai","Madya Pradesh"
"PERF8092390","2015-11-02","Purushottam","Nayar","Sinha","M","2006-06-01","Visakhapatnam","244010","Visakhapatnam","Chandigarh"
"PERF33672391","2015-12-24","Vasundhara","Jha","Ahuja","F","2013-07-31","Visakhapatnam","285051","Visakhapatnam","Uttar Pradesh"
"PERF32392392","2016-07-06","Akshita","Naik","Prajapat","F","1973-05-27","Mumbai","091483","Mumbai","Himachal Pradesh"
"PERF13142393","2014-03-15","Paramartha","Devar","Patil","M","1932-08-30","Thiruvananthapuram","825219","Thiruvananthapuram","Uttaranchal"
"PERF72712394","2022-05-25","Gaurang","Bhat","Mahajan","F","2003-03-05","Thiruvananthapuram","821857","Thiruvananthapuram","Karnataka"
"PERF63032395","2024-07-13","Shresthi","Mahajan","Bandopadhyay","M","1981-04-07","Kolkata","445041","Kolkata","West Bengal"
"PERF84052396","2019-09-09","Dulari","Khan","Sinha","M","1995-06-02","Hyderabad","265434","Hyderabad","Rajasthan"
"PERF77302397","2022-06-01","Jitendra","Gowda","Gowda","F","1965-03-26","Thiruvananthapuram","273710","Thiruvananthapuram","Himachal Pradesh"
"PERF11072398","2021-04-14","Ekaksh","Bandopadhyay","Nair","F","2001-08-05","Kolkata","920405","Kolkata","Mizoram"
"PERF95602399","2017-09-30","Shashi","Iyengar","Butt","F","2018-06-14","Mumbai","079865","Mumbai","Andaman and Nicobar Islands"
"PERF45972400","2020-11-21","Bhadran","Nayar","Bhattacharya","M","1933-05-07","New Delhi","460782","New Delhi","Orissa"
"PERF42032401","2023-07-20","Kumari","Chattopadhyay","Naik","F","1946-11-26","Chennai","366020","Chennai","Kerala"
"PERF12352402","2021-05-13","Hiranmay","Abbott","Agarwal","M","1970-04-26","Mumbai","876577","Mumbai","Meghalaya"
"PERF10342403","2017-09-27","Bela","Joshi","Kocchar","M","1948-12-13","Thiruvananthapuram","018472","Thiruvananthapuram","Dadar and Nagar Haveli"
"PERF33422404","2018-12-01","Somu","Varma","Chopra","M","2013-06-20","New Delhi","780158","New Delhi","Tamil Nadu"
"PERF19972405","2021-10-27","Aayushman","Ganaka","Chaturvedi","M","2022-06-30","Bengaluru","374494","Bengaluru","Lakshadweep"
"PERF1412406","2016-10-27","Chaaruchandra","Rana","Mahajan","F","2022-11-29","Chennai","886087","Chennai","Andhra Pradesh"
"PERF89902407","2021-02-01","Akshita","Dwivedi","Kaniyar","M","2022-12-26","Mumbai","217651","Mumbai","Chandigarh"
"PERF58802408","2019-05-29","Kalpana","Talwar","Gowda","M","2000-08-22","Chennai","469982","Chennai","Tamil Nadu"
"PERF17402409","2015-08-28","Kailash","Adiga","Dutta","F","1954-09-05","Bengaluru","838030","Bengaluru","Gujarat"
"PERF32102410","2024-05-08","Brahmdev","Iyengar","Bhattacharya","M","1949-05-13","Hyderabad","827217","Hyderabad","Assam"
"PERF7532411","2016-01-10","Jahnu","Menon","Dwivedi","M","1994-08-30","Kolkata","593910","Kolkata","Uttaranchal"
"PERF18212412","2018-08-21","Deeptiman","Deshpande","Adiga","M","1956-01-17","Mumbai","950474","Mumbai","Madya Pradesh"
"PERF2992413","2017-01-07","Gati","Kaniyar","Ahluwalia","F","2011-02-17","Kolkata","864523","Kolkata","Haryana"
"PERF78312414","2018-03-06","Mangala","Menon","Iyengar","F","1991-11-08","New Delhi","564246","New Delhi","Mizoram"
"PERF56802415","2021-08-21","Aaratrika","Khatri","Nayar","M","1933-09-09","Chennai","455943","Chennai","Pondicherry"
"PERF23142416","2015-09-29","Chandni","Arora","Varma","M","1950-12-19","Mumbai","981848","Mumbai","Mizoram"
"PERF56512417","2019-07-14","Bhavani","Patil","Achari","M","1991-11-10","Visakhapatnam","591479","Visakhapatnam","Haryana"
"PERF94232418","2019-09-12","Charuchandra","Pillai","Varrier","F","1991-12-30","Bengaluru","620617","Bengaluru","Gujarat"
"PERF60592419","2019-06-08","Anwesha","Gupta","Khanna","M","1960-11-04","Bengaluru","956539","Bengaluru","Meghalaya"
"PERF46992420","2024-05-02","Trilochan","Panicker","Khan","M","1965-10-22","Visakhapatnam","288673","Visakhapatnam","Tamil Nadu"
"PERF71302421","2020-02-15","Chiranjeev","Chopra","Marar","M","1967-01-30","Visakhapatnam","177610","Visakhapatnam","West Bengal"
"PERF19392422","2014-02-13","Bhoopat","Nehru","Abbott","M","2001-05-18","Visakhapatnam","406529","Visakhapatnam","Jharkhand"
"PERF76662423","2017-04-10","Divaakar","Shah","Ahluwalia","F","1939-03-08","Visakhapatnam","162141","Visakhapatnam","Tamil Nadu"
"PERF72032424","2019-10-24","Subhasini","Reddy","Acharya","M","2010-02-12","Thiruvananthapuram","442092","Thiruvananthapuram","Chhattisgarh"
"PERF64442425","2021-11-19","Annapurna","Kaniyar","Mehrotra","F","1964-05-16","Bengaluru","711813","Bengaluru","Chhattisgarh"
"PERF38112426","2015-02-24","Vasanti","Embranthiri","Somayaji","M","2013-09-30","Bengaluru","938728","Bengaluru","Bihar"
"PERF91952427","2017-06-15","Shashi","Varma","Verma","F","2017-03-15","New Delhi","543158","New Delhi","Daman and Diu"
"PERF90422428","2014-10-13","Aamod","Verma","Nehru","M","2007-03-09","New Delhi","129736","New Delhi","Assam"
"PERF19262429","2020-06-22","Damodara","Jain","Adiga","M","1957-03-27","Visakhapatnam","105328","Visakhapatnam","Dadar and Nagar Haveli"
"PERF72512430","2019-11-02","Jagadish","Adiga","Pillai","M","1963-01-30","Mumbai","940387","Mumbai","Sikkim"
"PERF38672431","2016-02-18","Dinesh","Abbott","Ganaka","F","2000-10-05","Chennai","640416","Chennai","Jammu and Kashmir"
"PERF78052432","2016-08-30","Dhananjay","Verma","Iyer","F","1943-08-03","Visakhapatnam","684872","Visakhapatnam","Tripura"
"PERF22462433","2020-03-23","Kumari","Pandey","Sethi","M","1961-11-14","Visakhapatnam","131478","Visakhapatnam","West Bengal"
"PERF47922434","2020-11-04","Gita","Reddy","Mehrotra","M","1938-06-16","Visakhapatnam","931107","Visakhapatnam","Andhra Pradesh"
"PERF45052435","2018-12-11","Opaline","Guneta","Desai","F","1985-07-18","Mumbai","903733","Mumbai","Tamil Nadu"
"PERF91142436","2024-04-27","Prasanna","Trivedi","Sinha","F","1951-07-11","Thiruvananthapuram","115357","Thiruvananthapuram","Assam"
"PERF16462437","2017-04-01","Indira","Mukhopadhyay","Singh","F","1930-11-17","Bengaluru","694401","Bengaluru","Maharashtra"
"PERF6482438","2020-11-03","Pranay","Mukhopadhyay","Bharadwaj","F","1963-10-11","Mumbai","249690","Mumbai","Arunachal Pradesh"
"PERF32152439","2014-09-02","Rukhmani","Jain","Pandey","F","1988-01-02","Mumbai","719807","Mumbai","Arunachal Pradesh"
"PERF11532440","2016-01-05","Gaurang","Chattopadhyay","Patel","M","1997-09-26","Thiruvananthapuram","094499","Thiruvananthapuram","Sikkim"
"PERF19992441","2022-12-15","Parvati","Marar","Patel","F","1958-06-22","Thiruvananthapuram","986240","Thiruvananthapuram","Himachal Pradesh"
"PERF782442","2019-03-15","Achyut","Verma","Sharma","F","2001-10-31","Chennai","780056","Chennai","Orissa"
"PERF73852443","2023-08-11","Niranjan","Acharya","Sharma","M","1956-04-10","Mumbai","213017","Mumbai","Andaman and Nicobar Islands"
"PERF65892444","2015-11-02","Arjun","Prajapat","Namboothiri","M","1957-06-07","Bengaluru","928100","Bengaluru","Haryana"
"PERF13422445","2015-03-31","Sachin","Guneta","Reddy","F","1954-02-13","Visakhapatnam","748756","Visakhapatnam","Assam"
"PERF72682446","2015-02-16","Menka","Kapoor","Mahajan","F","1991-05-10","Mumbai","874415","Mumbai","Haryana"
"PERF91092447","2022-10-19","Ekalavya","Naik","Bhat","F","1966-09-28","Mumbai","223651","Mumbai","Punjab"
"PERF99302448","2021-06-13","Chandradev","Pillai","Nayar","F","1983-02-02","Hyderabad","933121","Hyderabad","Daman and Diu"
"PERF70752449","2014-08-27","Atreyi","Shah","Malik","F","1970-07-14","Hyderabad","354370","Hyderabad","Madya Pradesh"
"PERF98962450","2023-07-23","Dhanadeepa","Prajapat","Tagore","F","2016-03-12","Mumbai","536741","Mumbai","Orissa"
"PERF61772451","2018-12-16","Gautam","Pillai","Deshpande","M","1988-11-01","Hyderabad","480660","Hyderabad","Goa"
"PERF13182452","2019-03-28","Hiranya","Abbott","Pothuvaal","F","1963-09-04","Bengaluru","966713","Bengaluru","Uttar Pradesh"
"PERF83412453","2019-09-05","Acharyanandana","Tandon","Mehra","M","1936-07-07","Chennai","707962","Chennai","Orissa"
"PERF4732454","2018-05-05","Bheeshma","Naik","Chopra","F","1981-01-19","Kolkata","012647","Kolkata","Daman and Diu"
"PERF91692455","2017-12-26","Chandramani","Somayaji","Iyengar","F","1935-02-18","Kolkata","497070","Kolkata","Maharashtra"
"PERF72002456","2015-05-14","Shubhaprada","Dwivedi","Gupta","M","2020-09-02","Thiruvananthapuram","319990","Thiruvananthapuram","Andhra Pradesh"
"PERF94072457","2016-06-10","Ojaswini","Achari","Ahluwalia","M","1976-06-18","Hyderabad","237847","Hyderabad","Maharashtra"
"PERF26152458","2016-11-22","Satish","Abbott","Naik","M","1996-09-28","Bengaluru","198266","Bengaluru","Madya Pradesh"
"PERF90952459","2020-09-15","Krishnadasa","Kaur","Nayar","M","1950-10-28","Visakhapatnam","864862","Visakhapatnam","Kerala"
"PERF77402460","2019-01-17","Dhara","Mishra","Dwivedi","F","2020-06-07","New Delhi","051030","New Delhi","Pondicherry"
"PERF27512461","2022-06-25","Sucheta","Varma","Gupta","F","1995-08-30","New Delhi","706281","New Delhi","Karnataka"
"PERF92552462","2016-12-11","Baalagopaal","Ganaka","Banerjee","F","2007-07-03","Bengaluru","731512","Bengaluru","Daman and Diu"
"PERF88252463","2015-04-30","Ekdant","Chaturvedi","Kaul","F","1961-09-11","Thiruvananthapuram","718495","Thiruvananthapuram","Mizoram"
"PERF19342464","2016-12-11","Sher","Singh","Mehrotra","F","1934-02-01","Thiruvananthapuram","302768","Thiruvananthapuram","Maharashtra"
"PERF53952465","2022-05-09","Pramila","Marar","Panicker","F","1956-12-19","Bengaluru","027494","Bengaluru","Tripura"
"PERF21412466","2014-03-31","Gajbaahu","Abbott","Achari","M","1943-10-09","Thiruvananthapuram","374683","Thiruvananthapuram","Himachal Pradesh"
"PERF89112467","2016-09-28","Lai","Joshi","Rana","F","1962-11-16","Mumbai","455573","Mumbai","Meghalaya"
"PERF33872468","2018-12-09","Giriraaj","Jain","Kaniyar","M","2014-01-20","Visakhapatnam","065849","Visakhapatnam","Chandigarh"
"PERF92912469","2015-09-30","Maheswar","Ahuja","Johar","M","1998-05-13","Thiruvananthapuram","923765","Thiruvananthapuram","Madya Pradesh"
"PERF27842470","2023-10-29","Bhadrak","Iyengar","Acharya","F","2016-02-23","Kolkata","657008","Kolkata","Daman and Diu"
"PERF39392471","2023-09-23","Baala","Guneta","Chaturvedi","M","1949-09-16","Chennai","481003","Chennai","Himachal Pradesh"
"PERF77082472","2021-03-30","Ankal","Jain","Kaul","M","1994-04-16","Mumbai","686044","Mumbai","Assam"
"PERF14192473","2017-02-17","Dwaipayana","Johar","Ahluwalia","F","1950-09-30","Kolkata","423517","Kolkata","Orissa"
"PERF14022474","2022-01-28","Ankal","Tandon","Embranthiri","F","2019-11-21","New Delhi","497847","New Delhi","Chhattisgarh"
"PERF40642475","2015-01-01","Vedanshi","Tagore","Somayaji","F","1977-02-15","New Delhi","315851","New Delhi","Jammu and Kashmir"
"PERF82512476","2016-04-23","Suma","Banerjee","Marar","F","1972-12-26","Thiruvananthapuram","899383","Thiruvananthapuram","Punjab"
"PERF47262477","2022-09-07","Dhanalakshmi","Pothuvaal","Achari","M","1939-09-28","Visakhapatnam","079454","Visakhapatnam","Arunachal Pradesh"
"PERF59102478","2022-09-05","Dhyanesh","Reddy","Mukhopadhyay","M","1932-03-08","Visakhapatnam","742152","Visakhapatnam","Gujarat"
"PERF95402479","2021-04-17","Lai","Ahuja","Asan","M","1985-06-20","Mumbai","370587","Mumbai","Tamil Nadu"
"PERF30602480","2017-11-18","Girik","Naik","Dhawan","M","1973-02-03","Mumbai","990273","Mumbai","Gujarat"
"PERF80362481","2017-04-16","Akshita","Nayar","Naik","M","2016-01-12","Thiruvananthapuram","136116","Thiruvananthapuram","Dadar and Nagar Haveli"
"PERF44812482","2021-11-08","Saraswati","Kaul","Chattopadhyay","F","1933-02-01","New Delhi","931924","New Delhi","Daman and Diu"
"PERF47992483","2019-01-15","Ameyatma","Chattopadhyay","Bandopadhyay","F","2017-09-21","Visakhapatnam","759916","Visakhapatnam","Andhra Pradesh"
"PERF53182484","2019-04-16","Chitrangada","Varman","Chaturvedi","M","1993-03-07","Kolkata","400451","Kolkata","Pondicherry"
"PERF32612485","2022-12-28","Tara","Patil","Ganaka","M","2002-12-08","Mumbai","072649","Mumbai","Andhra Pradesh"
"PERF71472486","2020-01-17","Aalok","Iyengar","Guneta","F","1990-01-14","Visakhapatnam","959732","Visakhapatnam","Sikkim"
"PERF51062487","2015-12-01","Dhanalakshmi","Kaniyar","Verma","M","2015-04-11","Kolkata","200231","Kolkata","Rajasthan"
"PERF11042488","2019-04-13","Harinakshi","Abbott","Asan","M","1999-12-07","New Delhi","339743","New Delhi","Daman and Diu"
"PERF68602489","2021-01-01","Brahmdev","Guneta","Guha","M","1996-08-13","Kolkata","508879","Kolkata","Goa"
"PERF47402490","2022-01-02","Charak","Nehru","Arora","F","1997-08-22","New Delhi","829169","New Delhi","Rajasthan"
"PERF7542491","2020-01-29","Bankimchandra","Marar","Pillai","M","2002-08-26","Chennai","002904","Chennai","Bihar"
"PERF7252492","2017-01-02","Vidya","Kaur","Achari","F","1996-06-03","Mumbai","491442","Mumbai","Maharashtra"
"PERF61422493","2018-05-15","Aanandaswarup","Dwivedi","Sharma","F","1969-09-07","Mumbai","417008","Mumbai","Karnataka"
"PERF27672494","2023-06-10","Vrund","Bhattacharya","Ganaka","M","1956-08-09","Thiruvananthapuram","333226","Thiruvananthapuram","Goa"
"PERF62262495","2021-04-26","Rohan","Saini","Banerjee","F","2011-09-19","Bengaluru","884259","Bengaluru","Bihar"
"PERF61212496","2020-03-26","Deven","Dhawan","Bhat","F","1984-10-30","Visakhapatnam","666244","Visakhapatnam","Mizoram"
"PERF75052497","2018-03-15","Kama","Reddy","Jain","F","1986-05-23","Bengaluru","257371","Bengaluru","Punjab"
"PERF42582498","2017-08-18","Bhishma","Joshi","Somayaji","M","1934-03-30","Kolkata","711865","Kolkata","Tripura"
"PERF20612499","2019-02-20","Anaadi","Shah","Gill","F","2023-06-19","Mumbai","012619","Mumbai","Meghalaya"
"PERF32022500","2023-03-17","Gudakesa","Jha","Asan","F","1964-12-30","Mumbai","931540","Mumbai","Sikkim"
"PERF38302501","2023-03-21","Aruna","Devar","Ahluwalia","M","1935-09-21","Thiruvananthapuram","430504","Thiruvananthapuram","Chhattisgarh"
"PERF33162502","2018-04-20","Vaidehi","Malik","Acharya","M","1981-05-22","Kolkata","271886","Kolkata","Punjab"
"PERF22022503","2016-12-31","Anusuya","Verma","Prajapat","F","1986-03-06","Chennai","924020","Chennai","West Bengal"
"PERF19772504","2014-09-12","Brajesh","Guneta","Iyer","F","1993-02-03","Kolkata","850404","Kolkata","Jammu and Kashmir"
"PERF46392505","2015-05-18","Jagmeet","Kaul","Bhat","M","1947-11-25","New Delhi","598521","New Delhi","Himachal Pradesh"
"PERF25752506","2022-12-27","Bilva","Pandey","Jha","M","1941-10-24","New Delhi","033857","New Delhi","Manipur"
"PERF65352507","2017-06-18","Bhadrak","Bhattacharya","Malik","F","1988-10-19","Bengaluru","349260","Bengaluru","Tamil Nadu"
"PERF66152508","2017-03-18","Vaishnavi","Shah","Kakkar","F","1952-06-14","New Delhi","441060","New Delhi","Jammu and Kashmir"
"PERF55712509","2021-06-05","Bhagwanti","Somayaji","Chattopadhyay","M","2012-01-04","Thiruvananthapuram","272601","Thiruvananthapuram","Rajasthan"
"PERF32762510","2019-06-24","Udit","Chopra","Sethi","M","2004-06-25","Hyderabad","933764","Hyderabad","Haryana"
"PERF57112511","2014-07-26","Chakrika","Acharya","Trivedi","M","1950-07-02","Bengaluru","641324","Bengaluru","Meghalaya"
"PERF92512","2018-03-14","Nagabhushanam","Khan","Ahuja","M","1931-10-30","Thiruvananthapuram","507981","Thiruvananthapuram","Maharashtra"
"PERF222513","2019-10-30","Gajadhar","Swarup","Bhat","M","1969-06-01","Hyderabad","054024","Hyderabad","West Bengal"
"PERF84592514","2015-12-12","Ananda","Varma","Achari","F","1949-09-30","New Delhi","549675","New Delhi","Chhattisgarh"
"PERF72202515","2019-10-14","Bandhu","Somayaji","Naik","M","1942-07-27","Mumbai","236877","Mumbai","Madya Pradesh"
"PERF69562516","2023-02-25","Devi","Pandey","Naik","M","1946-03-14","Chennai","305605","Chennai","Jammu and Kashmir"
"PERF99382517","2019-01-02","Prasanna","Bhattathiri","Varman","M","2000-01-15","Bengaluru","684531","Bengaluru","Madya Pradesh"
"PERF57852518","2015-11-22","Sachin","Saini","Saini","F","1946-10-16","Kolkata","945635","Kolkata","Karnataka"
"PERF60392519","2021-04-05","Daevika","Kapoor","Khanna","M","2022-04-03","Bengaluru","764318","Bengaluru","Tamil Nadu"
"PERF50742520","2020-03-02","Gopee","Nair","Guneta","F","2023-06-29","Chennai","486744","Chennai","Chhattisgarh"
"PERF3052521","2014-03-17","Chiranjeeve","Adiga","Jha","F","1983-12-19","Thiruvananthapuram","241218","Thiruvananthapuram","Assam"
"PERF53522522","2016-08-16","Urmila","Bandopadhyay","Namboothiri","M","2004-11-22","Hyderabad","358327","Hyderabad","Nagaland"
"PERF34992523","2023-11-29","Abhisyanta","Khatri","Bhat","M","1938-02-25","Mumbai","470346","Mumbai","Andhra Pradesh"
"PERF60442524","2024-03-26","Amish","Bhattathiri","Saini","M","2006-06-26","Hyderabad","701961","Hyderabad","Himachal Pradesh"
"PERF39372525","2021-03-13","Amaresh","Abbott","Sethi","M","1980-04-22","Kolkata","159698","Kolkata","Arunachal Pradesh"
"PERF93072526","2023-12-14","Hamsini","Achari","Kocchar","F","2024-02-05","Kolkata","043919","Kolkata","Uttar Pradesh"
"PERF82952527","2021-07-14","Chandran","Sinha","Mukhopadhyay","M","2006-04-15","Chennai","736458","Chennai","Haryana"
"PERF80312528","2022-05-29","Trisha","Mishra","Iyer","F","2003-01-06","Visakhapatnam","019163","Visakhapatnam","Uttaranchal"
"PERF1432529","2018-05-09","Eshana","Pandey","Pandey","F","1991-10-04","Chennai","063273","Chennai","Manipur"
"PERF33362530","2016-02-08","Damodara","Verma","Acharya","M","2018-01-06","Visakhapatnam","050829","Visakhapatnam","Uttaranchal"
"PERF64492531","2021-08-31","Dhyanesh","Guneta","Butt","M","2017-01-26","Chennai","126489","Chennai","Jammu and Kashmir"
"PERF84802532","2017-10-05","Jitendra","Namboothiri","Somayaji","M","1972-01-27","New Delhi","650524","New Delhi","Assam"
"PERF52612533","2018-06-01","Bhadrak","Bhattathiri","Dutta","F","2010-07-27","Mumbai","854496","Mumbai","Sikkim"
"PERF29482534","2017-06-21","Bhagirathi","Dutta","Panicker","F","1950-03-02","Chennai","698632","Chennai","Kerala"
"PERF27562535","2023-10-26","Chetan","Guneta","Dhawan","F","1976-09-11","Bengaluru","975004","Bengaluru","Uttar Pradesh"
"PERF62322536","2020-06-08","Draupadi","Rana","Kakkar","F","1932-06-18","Chennai","161735","Chennai","Pondicherry"
"PERF95662537","2017-10-02","Sweta","Jha","Achari","F","1967-04-09","New Delhi","217196","New Delhi","Himachal Pradesh"
"PERF27792538","2020-08-03","Kanaka","Gandhi","Singh","F","1994-01-11","Bengaluru","012917","Bengaluru","Andaman and Nicobar Islands"
"PERF99482539","2024-05-02","Rukmin","Kaul","Patil","M","1989-05-07","Hyderabad","682065","Hyderabad","Punjab"
"PERF70252540","2017-06-26","Anandamayi","Chattopadhyay","Khatri","F","1990-01-27","Hyderabad","553963","Hyderabad","Uttaranchal"
"PERF6292541","2023-01-13","Charvi","Gandhi","Nayar","M","1946-05-23","Hyderabad","624138","Hyderabad","Pondicherry"
"PERF34632542","2015-07-27","Chandramauli","Shukla","Acharya","M","1995-06-02","Mumbai","113950","Mumbai","Lakshadweep"
"PERF69492543","2017-09-21","Gautam","Embranthiri","Talwar","M","1973-01-14","Chennai","189564","Chennai","Orissa"
"PERF67272544","2021-02-22","Dhanesh","Pandey","Namboothiri","M","2004-01-13","Hyderabad","484098","Hyderabad","Uttaranchal"
"PERF14332545","2016-10-23","Kumuda","Singh","Bharadwaj","M","1999-11-13","Chennai","514431","Chennai","Tamil Nadu"
"PERF69322546","2016-04-11","Vimala","Malik","Gupta","M","1945-05-18","Kolkata","267592","Kolkata","Assam"
"PERF26242547","2024-04-18","Ravi","Ganaka","Naik","M","2015-12-18","Kolkata","348590","Kolkata","Rajasthan"
"PERF1852548","2016-06-30","Amodini","Bhat","Dutta","F","1982-02-27","New Delhi","842730","New Delhi","Mizoram"
"PERF47242549","2018-05-08","Aatmaj","Abbott","Namboothiri","M","1988-10-07","Mumbai","295821","Mumbai","Manipur"
"PERF89472550","2021-07-16","Durga","Singh","Kaur","F","2019-08-17","Hyderabad","289986","Hyderabad","Kerala"
"PERF17112551","2020-08-09","Hiranmay","Johar","Adiga","F","1958-11-19","Thiruvananthapuram","654337","Thiruvananthapuram","Delhi"
"PERF17982552","2018-12-01","Anwesha","Bharadwaj","Guneta","M","2008-03-19","Bengaluru","927416","Bengaluru","Himachal Pradesh"
"PERF7202553","2017-09-22","Bhaves","Kaur","Reddy","F","1986-03-30","Mumbai","567107","Mumbai","Karnataka"
"PERF71722554","2019-03-28","Veda","Varrier","Shah","M","1955-05-21","Chennai","240498","Chennai","Assam"
"PERF3242555","2018-12-14","Opaline","Mehra","Agarwal","F","1948-04-27","Visakhapatnam","976237","Visakhapatnam","Nagaland"
"PERF15542556","2016-10-24","Dhananjay","Mehra","Khanna","M","1951-03-21","Hyderabad","385835","Hyderabad","Manipur"
"PERF20582557","2022-10-04","Nikita","Chattopadhyay","Ganaka","F","1982-03-25","Chennai","512427","Chennai","Tripura"
"PERF68112558","2017-08-07","Shwet","Kocchar","Mishra","F","1979-08-12","Visakhapatnam","096067","Visakhapatnam","Manipur"
"PERF75582559","2017-05-02","Dhatri","Nair","Embranthiri","F","1964-04-17","Visakhapatnam","479728","Visakhapatnam","Bihar"
"PERF33432560","2024-03-15","Shashi","Khanna","Guneta","F","1943-05-07","Thiruvananthapuram","318279","Thiruvananthapuram","Chandigarh"
"PERF68952561","2016-11-12","Meenakshi","Khanna","Pilla","M","1975-10-20","Mumbai","598464","Mumbai","Karnataka"
"PERF13732562","2014-05-17","Anila","Singh","Kaur","M","2020-06-04","Kolkata","685418","Kolkata","Gujarat"
"PERF16772563","2018-01-26","Anusuya","Nayar","Ahuja","M","1957-06-04","Hyderabad","263789","Hyderabad","Maharashtra"
"PERF31402564","2022-11-30","Gouranga","Agarwal","Nayar","M","1942-02-01","Kolkata","602467","Kolkata","Haryana"
"PERF78262565","2018-07-26","Bhupen","Shah","Tandon","M","1932-06-06","New Delhi","832314","New Delhi","Dadar and Nagar Haveli"
"PERF72972566","2021-10-16","Hiranya","Rana","Sharma","M","2018-05-27","Hyderabad","386176","Hyderabad","West Bengal"
"PERF53782567","2022-07-27","Laal","Kapoor","Varma","F","1957-09-05","Chennai","108668","Chennai","Daman and Diu"
"PERF3932568","2016-12-13","Bhramar","Gandhi","Kocchar","M","1935-05-09","New Delhi","472709","New Delhi","Kerala"
"PERF85172569","2022-01-25","Hari","Achari","Varma","M","1977-05-23","Visakhapatnam","769108","Visakhapatnam","Andhra Pradesh"
"PERF94242570","2023-10-09","Baalaaditya","Tagore","Jha","M","2017-11-17","Kolkata","485704","Kolkata","Nagaland"
"PERF34082571","2022-02-27","Rageswari","Embranthiri","Embranthiri","F","1948-08-16","Chennai","290055","Chennai","Jharkhand"
"PERF29852572","2018-11-26","Avantika","Marar","Bandopadhyay","F","1971-08-22","Hyderabad","690498","Hyderabad","Haryana"
"PERF27322573","2021-09-20","Gudakesha","Reddy","Kaur","F","2009-01-01","Visakhapatnam","330165","Visakhapatnam","Tamil Nadu"
"PERF47892574","2015-05-05","Ambar","Ahuja","Gupta","F","1936-07-05","Mumbai","381370","Mumbai","Bihar"
"PERF85022575","2017-03-24","Soma","Talwar","Gandhi","F","1983-02-25","Hyderabad","956315","Hyderabad","Uttaranchal"
"PERF17602576","2021-09-07","Divya","Deshpande","Mehra","F","1976-04-03","Chennai","923477","Chennai","Daman and Diu"
"PERF9902577","2015-07-21","Himadri","Sharma","Ganaka","M","1962-02-14","Bengaluru","009736","Bengaluru","Haryana"
"PERF61742578","2019-04-05","Mandakini","Iyer","Khanna","M","1990-12-29","Thiruvananthapuram","912269","Thiruvananthapuram","Nagaland"
"PERF91242579","2015-11-24","Jagdish","Chopra","Rana","F","1994-08-12","Hyderabad","665545","Hyderabad","Orissa"
"PERF55802580","2020-07-10","Abhaya","Pandey","Patil","M","1940-05-28","Visakhapatnam","488505","Visakhapatnam","Chandigarh"
"PERF73482581","2024-01-02","Bhaves","Dwivedi","Singh","M","1974-12-14","Mumbai","307461","Mumbai","Haryana"
"PERF71932582","2018-10-11","Himadri","Desai","Iyengar","F","2017-03-20","Kolkata","850175","Kolkata","Jammu and Kashmir"
"PERF3942583","2021-07-14","Chakravartee","Patel","Patil","M","2008-06-15","Hyderabad","602016","Hyderabad","Rajasthan"
"PERF50532584","2018-04-12","Ritesh","Verma","Varrier","F","1951-04-17","Mumbai","871472","Mumbai","Jammu and Kashmir"
"PERF61042585","2020-12-15","Rajan","Tandon","Tandon","F","2007-05-02","Thiruvananthapuram","515137","Thiruvananthapuram","Andaman and Nicobar Islands"
"PERF95452586","2023-03-13","Vrund","Malik","Achari","M","1943-03-10","Thiruvananthapuram","634000","Thiruvananthapuram","Himachal Pradesh"
"PERF99002587","2023-01-07","Bhadraksh","Khatri","Iyer","F","2022-08-08","Chennai","160874","Chennai","Arunachal Pradesh"
"PERF11092588","2018-09-22","Divaakar","Varma","Singh","F","2005-06-29","Mumbai","254354","Mumbai","Maharashtra"
"PERF68872589","2019-12-26","Adripathi","Guneta","Dwivedi","F","1950-11-27","Kolkata","193406","Kolkata","Tripura"
"PERF39202590","2021-07-17","Adinath","Rana","Kaul","M","1995-02-15","Bengaluru","748163","Bengaluru","Punjab"
"PERF12812591","2014-02-16","Prasanna","Achari","Chaturvedi","M","2015-03-05","Kolkata","546299","Kolkata","Manipur"
"PERF72242592","2020-11-26","Deeptimoyee","Dutta","Patil","M","1979-08-22","Visakhapatnam","584966","Visakhapatnam","Jharkhand"
"PERF95202593","2016-09-11","Mohini","Naik","Dubashi","M","1980-09-23","Chennai","857433","Chennai","Andaman and Nicobar Islands"
"PERF50912594","2021-02-06","Kalpana","Reddy","Jha","F","1943-03-09","Kolkata","829424","Kolkata","Mizoram"
"PERF58882595","2015-09-30","Menaka","Bhat","Verma","M","1959-04-27","Visakhapatnam","865881","Visakhapatnam","Himachal Pradesh"
"PERF36142596","2022-05-10","Anjushree","Varma","Iyengar","M","1986-07-28","Kolkata","444444","Kolkata","Tripura"
"PERF77002597","2022-06-11","Digambara","Bhattacharya","Abbott","M","2002-09-11","Chennai","474674","Chennai","Mizoram"
"PERF25532598","2017-08-09","Suma","Abbott","Khan","M","1985-10-06","Bengaluru","654146","Bengaluru","Andhra Pradesh"
"PERF96662599","2020-04-07","Bhuvaneshwar","Gowda","Talwar","M","1998-05-23","Chennai","100669","Chennai","Haryana"
"PERF12292600","2017-03-14","Pramila","Pandey","Achari","F","1982-03-09","Mumbai","369509","Mumbai","Uttaranchal"
"PERF20532601","2014-07-28","Chidaatma","Dutta","Pillai","F","1999-04-14","Chennai","313539","Chennai","Goa"
"PERF17242602","2019-08-03","Malati","Banerjee","Mehrotra","M","1993-10-24","Visakhapatnam","193616","Visakhapatnam","Jammu and Kashmir"
"PERF28522603","2016-04-29","Dipesh","Tandon","Naik","F","1993-12-17","Bengaluru","667829","Bengaluru","Bihar"
"PERF22722604","2018-09-06","Ajeet","Naik","Nehru","M","2013-04-22","Kolkata","549501","Kolkata","Pondicherry"
"PERF72242605","2019-04-22","Vimal","Patil","Desai","F","1968-12-25","Mumbai","340818","Mumbai","Lakshadweep"
"PERF85992606","2020-07-11","Dinesh","Menon","Sinha","F","1934-02-21","Thiruvananthapuram","648517","Thiruvananthapuram","Punjab"
"PERF41312607","2023-07-08","Baalagopaal","Chaturvedi","Varma","F","1959-07-22","Bengaluru","727919","Bengaluru","Haryana"
"PERF58752608","2021-02-20","Advaya","Malik","Marar","F","1944-12-06","Bengaluru","962370","Bengaluru","Bihar"
"PERF84032609","2016-12-28","Bela","Pilla","Panicker","M","1985-10-27","Kolkata","468727","Kolkata","Nagaland"
"PERF84562610","2015-01-06","Eshana","Bharadwaj","Gandhi","F","2008-05-25","Chennai","462706","Chennai","Lakshadweep"
"PERF88942611","2023-11-30","Kumuda","Joshi","Rana","F","1939-07-30","Kolkata","624463","Kolkata","Manipur"
"PERF70132612","2021-07-14","Vasudha","Chattopadhyay","Kakkar","M","1932-04-12","Visakhapatnam","947208","Visakhapatnam","Delhi"
"PERF21762613","2019-04-28","Aasa","Kaniyar","Mehrotra","F","2010-09-27","Chennai","284119","Chennai","Himachal Pradesh"
"PERF73722614","2021-10-30","Vaishno","Nair","Deshpande","M","1942-11-04","Bengaluru","192786","Bengaluru","Uttaranchal"
"PERF56242615","2019-04-22","Aanjaneya","Pillai","Talwar","F","2005-03-25","Mumbai","123533","Mumbai","Orissa"
"PERF7092616","2022-04-08","Chiranjeeve","Kaniyar","Chattopadhyay","F","1934-04-02","Mumbai","407840","Mumbai","Nagaland"
"PERF17052617","2023-11-04","Gouranga","Kapoor","Pothuvaal","F","1975-03-09","Thiruvananthapuram","513610","Thiruvananthapuram","Lakshadweep"
"PERF74782618","2022-12-08","Chapala","Pillai","Gowda","M","2014-07-05","Thiruvananthapuram","014166","Thiruvananthapuram","Pondicherry"
"PERF74912619","2014-12-01","Girindra","Ahuja","Prajapat","F","1990-05-20","Visakhapatnam","115242","Visakhapatnam","Gujarat"
"PERF34302620","2021-01-01","Avantika","Pillai","Khatri","F","1959-11-19","New Delhi","022893","New Delhi","Uttar Pradesh"
"PERF97382621","2017-12-22","Shubhaprada","Kocchar","Nambeesan","F","1989-11-07","Chennai","213555","Chennai","Bihar"
"PERF59922622","2017-09-20","Agneya","Bhat","Kaur","F","1976-09-03","Visakhapatnam","798083","Visakhapatnam","Andaman and Nicobar Islands"
"PERF12712623","2023-04-28","Kashyapi","Khan","Bhat","F","1935-10-06","Thiruvananthapuram","263013","Thiruvananthapuram","Karnataka"
"PERF11802624","2023-07-12","Shankar","Adiga","Gupta","F","2000-05-30","Chennai","045576","Chennai","Gujarat"
"PERF85472625","2024-06-03","Adhrit","Khatri","Varrier","M","2022-06-29","Thiruvananthapuram","848625","Thiruvananthapuram","Rajasthan"
"PERF54002626","2022-06-08","Ramaa","Naik","Dhawan","F","2016-10-25","Hyderabad","574209","Hyderabad","Jharkhand"
"PERF27142627","2022-05-28","Sarada","Bhat","Kaur","M","1958-07-01","New Delhi","482753","New Delhi","Delhi"
"PERF71982628","2022-10-28","Anjushree","Guha","Malik","M","1975-09-11","Kolkata","593993","Kolkata","Tamil Nadu"
"PERF71392629","2016-03-02","Kanti","Mahajan","Mahajan","F","1956-07-23","Hyderabad","103926","Hyderabad","Daman and Diu"
"PERF92302630","2023-08-19","Sushil","Tagore","Kaur","F","1942-12-20","Mumbai","867269","Mumbai","Mizoram"
"PERF72382631","2019-07-26","Siddhi","Khan","Johar","F","1968-06-30","Hyderabad","652503","Hyderabad","Tripura"
"PERF86902632","2020-12-04","Prema","Chopra","Shah","M","1949-06-27","Mumbai","589077","Mumbai","Tamil Nadu"
"PERF46552633","2022-07-17","Navin","Ahluwalia","Mehrotra","F","1981-11-25","Kolkata","029578","Kolkata","Jharkhand"
"PERF52012634","2022-03-03","Bhardwaj","Kaniyar","Pillai","F","1988-08-22","Thiruvananthapuram","697032","Thiruvananthapuram","Mizoram"
"PERF20072635","2016-11-11","Vidur","Butt","Gill","M","1947-09-14","Chennai","409457","Chennai","Delhi"
"PERF31402636","2023-07-09","Adityanandana","Bhattacharya","Kakkar","M","1930-03-29","Chennai","147366","Chennai","Meghalaya"
"PERF45852637","2018-02-26","Ashok","Menon","Prajapat","M","1934-12-14","Mumbai","313463","Mumbai","Haryana"
"PERF62702638","2023-11-08","Ranjit","Deshpande","Pilla","M","1955-07-05","Bengaluru","770363","Bengaluru","Chandigarh"
"PERF59622639","2020-05-22","Garuda","Kaniyar","Tagore","F","2006-12-11","Bengaluru","367758","Bengaluru","Manipur"
"PERF43682640","2014-02-21","Chandramohan","Mukhopadhyay","Guneta","F","2003-02-04","Mumbai","129703","Mumbai","Pondicherry"
"PERF40742641","2016-03-21","Shrishti","Naik","Iyer","M","1971-08-23","New Delhi","032923","New Delhi","Andaman and Nicobar Islands"
"PERF88652642","2021-08-11","Laxmi","Pothuvaal","Gandhi","M","1934-05-02","Bengaluru","068075","Bengaluru","Madya Pradesh"
"PERF96312643","2016-09-15","Dhanu","Jha","Sinha","M","1950-09-11","Thiruvananthapuram","516282","Thiruvananthapuram","Daman and Diu"
"PERF82922644","2020-09-22","Brahma","Iyengar","Mishra","M","1952-11-11","Kolkata","192983","Kolkata","Tamil Nadu"
"PERF78182645","2014-02-27","Bhamini","Mehra","Varma","F","1943-01-26","Hyderabad","643589","Hyderabad","Assam"
"PERF37072646","2022-12-12","Kalyani","Patil","Kocchar","M","1941-10-18","Mumbai","850473","Mumbai","Haryana"
"PERF10172647","2019-10-22","Vishnu","Menon","Gowda","F","1969-11-11","Kolkata","222016","Kolkata","Himachal Pradesh"
"PERF12322648","2018-08-10","Bhooshit","Ganaka","Shah","F","1982-03-08","Mumbai","434975","Mumbai","Gujarat"
"PERF83232649","2023-06-03","Anaadi","Johar","Ahuja","M","1966-07-05","New Delhi","920825","New Delhi","Rajasthan"
"PERF24112650","2019-05-18","Archan","Kapoor","Desai","M","1998-09-03","Hyderabad","803388","Hyderabad","West Bengal"
"PERF32582651","2018-12-05","Akshata","Shukla","Ahuja","M","2004-12-29","Visakhapatnam","022899","Visakhapatnam","Arunachal Pradesh"
"PERF1182652","2022-02-07","Gangesh","Patel","Dubashi","F","1982-03-12","Visakhapatnam","484868","Visakhapatnam","Dadar and Nagar Haveli"
"PERF77622653","2014-10-21","Marut","Acharya","Dubashi","F","1959-09-07","Thiruvananthapuram","696544","Thiruvananthapuram","Chhattisgarh"
"PERF39252654","2019-04-07","Aayushmaan","Dubashi","Kaniyar","M","1970-09-07","Kolkata","053135","Kolkata","Kerala"
"PERF47282655","2017-09-23","Charvi","Asan","Shah","F","1966-05-01","New Delhi","507215","New Delhi","Rajasthan"
"PERF98662656","2022-10-04","Goswami","Sethi","Achari","M","1979-05-25","Mumbai","232255","Mumbai","Tamil Nadu"
"PERF76062657","2020-07-18","Dron","Sharma","Ahuja","F","1930-12-30","Bengaluru","564978","Bengaluru","Maharashtra"
"PERF41422658","2016-10-20","Vrinda","Bhattacharya","Reddy","M","1982-05-16","Thiruvananthapuram","514046","Thiruvananthapuram","Dadar and Nagar Haveli"
"PERF26512659","2023-09-14","Deeptendu","Ahuja","Dutta","M","1953-10-18","Visakhapatnam","359258","Visakhapatnam","Delhi"
"PERF23882660","2018-07-05","Ekaparnika","Adiga","Khatri","M","1951-03-21","Thiruvananthapuram","449208","Thiruvananthapuram","Dadar and Nagar Haveli"
"PERF11672661","2018-11-10","Jagathi","Jha","Asan","F","2017-01-19","Chennai","298692","Chennai","Himachal Pradesh"
"PERF87022662","2017-04-21","Ayushmati","Ahluwalia","Pandey","F","2024-01-09","Kolkata","042155","Kolkata","Delhi"
"PERF19972663","2022-08-13","Arjun","Abbott","Tagore","M","2012-02-19","New Delhi","116565","New Delhi","Madya Pradesh"
"PERF50502664","2015-08-13","Triloki","Talwar","Kaur","M","1955-08-16","Kolkata","777661","Kolkata","Chhattisgarh"
"PERF3692665","2018-04-16","Brahmdev","Patel","Pillai","F","1977-01-18","New Delhi","314109","New Delhi","Haryana"
"PERF79022666","2021-09-16","Rohana","Mehra","Bhattathiri","F","1934-11-15","New Delhi","700191","New Delhi","Daman and Diu"
"PERF61532667","2018-11-10","Gita","Kaniyar","Mehrotra","M","2006-07-24","New Delhi","744965","New Delhi","Kerala"
"PERF5032668","2015-04-01","Ashok","Pillai","Agarwal","M","1990-09-29","New Delhi","114464","New Delhi","Lakshadweep"
"PERF77442669","2017-03-30","Bhilangana","Marar","Shukla","F","1985-08-28","Visakhapatnam","062026","Visakhapatnam","Manipur"
"PERF42972670","2014-07-16","Ekaling","Varma","Nambeesan","M","1953-07-15","Bengaluru","348910","Bengaluru","Manipur"
"PERF62042671","2017-06-12","Chatura","Ganaka","Varman","F","1966-07-17","Mumbai","546643","Mumbai","Chhattisgarh"
"PERF29832672","2020-02-03","Chidambaram","Menon","Butt","M","2016-09-15","Thiruvananthapuram","934655","Thiruvananthapuram","Lakshadweep"
"PERF88822673","2017-02-15","Bhima","Abbott","Chopra","F","1970-09-08","New Delhi","682069","New Delhi","Tamil Nadu"
"PERF65552674","2016-12-06","Devi","Dhawan","Abbott","M","1957-04-17","Mumbai","048669","Mumbai","Kerala"
"PERF50322675","2016-03-06","Mukesh","Asan","Khan","M","1947-04-20","New Delhi","420158","New Delhi","Chandigarh"
"PERF78812676","2020-09-02","Arnesh","Mukhopadhyay","Tandon","F","2011-12-05","Hyderabad","852846","Hyderabad","Pondicherry"
"PERF65612677","2022-08-06","Anagh","Arora","Chaturvedi","F","2019-09-10","New Delhi","358003","New Delhi","Kerala"
"PERF52052678","2018-10-26","Sanka","Panicker","Gandhi","M","1973-02-03","Mumbai","731473","Mumbai","Uttar Pradesh"
"PERF78852679","2014-04-27","Bhushit","Tandon","Malik","M","1935-11-03","Bengaluru","908312","Bengaluru","Andaman and Nicobar Islands"
"PERF48602680","2014-07-08","Dhanvin","Devar","Abbott","F","2006-04-24","Mumbai","840657","Mumbai","Meghalaya"
"PERF62462681","2016-07-02","Krishnadas","Mehra","Kakkar","F","1943-09-17","Mumbai","261238","Mumbai","Assam"
"PERF94322682","2024-07-17","Puneet","Varma","Nehru","M","1985-08-02","Chennai","968326","Chennai","Kerala"
"PERF51192683","2015-01-27","Shivakari","Sharma","Chattopadhyay","F","1988-06-21","New Delhi","696326","New Delhi","Gujarat"
"PERF72842684","2018-12-23","Aalok","Dwivedi","Varma","M","1935-02-02","Hyderabad","207395","Hyderabad","Bihar"
"PERF84792685","2019-02-25","Sheela","Acharya","Verma","F","1975-05-05","New Delhi","610848","New Delhi","Dadar and Nagar Haveli"
"PERF65822686","2020-05-15","Dhanpati","Devar","Pilla","F","1935-03-29","New Delhi","008066","New Delhi","Chandigarh"
"PERF85802687","2018-12-19","Urmila","Mehra","Varma","M","1972-09-30","Bengaluru","095011","Bengaluru","Orissa"
"PERF43552688","2022-09-26","Bhamini","Bhattacharya","Dhawan","F","1997-07-15","Chennai","562432","Chennai","Rajasthan"
"PERF40902689","2016-10-25","Ajit","Mehra","Ganaka","M","2009-11-18","Hyderabad","088122","Hyderabad","Mizoram"
"PERF53802690","2022-02-03","Subhash","Marar","Embranthiri","F","1952-07-10","Visakhapatnam","186925","Visakhapatnam","Jammu and Kashmir"
"PERF27712691","2014-07-30","Tanushree","Dubashi","Marar","M","1979-05-12","Chennai","366418","Chennai","Uttaranchal"
"PERF9442692","2019-09-20","Dharani","Sinha","Verma","F","2019-09-23","Thiruvananthapuram","759000","Thiruvananthapuram","Lakshadweep"
"PERF8412693","2018-02-19","Atmaja","Ganaka","Chattopadhyay","F","2022-09-20","Hyderabad","013345","Hyderabad","Daman and Diu"
"PERF24272694","2019-08-25","Chaanakya","Chopra","Butt","F","1941-06-16","Thiruvananthapuram","629475","Thiruvananthapuram","Uttar Pradesh"
"PERF32062695","2022-04-21","Dharitri","Khatri","Dhawan","M","1979-02-09","Bengaluru","137474","Bengaluru","Bihar"
"PERF22432696","2014-12-10","Sweta","Mahajan","Chaturvedi","M","1957-01-19","Visakhapatnam","415705","Visakhapatnam","Nagaland"
"PERF57252697","2014-07-19","Gemine","Reddy","Bharadwaj","M","1953-03-12","Hyderabad","136664","Hyderabad","Andaman and Nicobar Islands"
"PERF67232698","2019-12-04","Mukesh","Bharadwaj","Ahuja","M","1953-04-28","New Delhi","552212","New Delhi","Goa"
"PERF49062699","2014-11-21","Aagam","Adiga","Kocchar","F","2006-04-18","Visakhapatnam","753705","Visakhapatnam","Dadar and Nagar Haveli"
"PERF47762700","2024-02-28","Sucheta","Khatri","Kaniyar","M","2016-11-09","Visakhapatnam","913787","Visakhapatnam","Arunachal Pradesh"
"PERF1712701","2018-11-18","Akula","Asan","Adiga","M","2007-09-18","Bengaluru","228622","Bengaluru","Rajasthan"
"PERF94802702","2020-06-14","Rajendra","Asan","Sethi","F","1998-12-09","Bengaluru","979229","Bengaluru","Bihar"
"PERF78822703","2023-08-27","Gemini","Verma","Malik","M","1934-10-03","Mumbai","684714","Mumbai","Madya Pradesh"
"PERF2812704","2022-06-12","Eshana","Khan","Kaniyar","F","1972-04-28","Chennai","818466","Chennai","Meghalaya"
"PERF39472705","2019-11-21","Gopee","Achari","Kaul","M","1952-07-05","Chennai","022160","Chennai","Jharkhand"
"PERF78452706","2014-03-27","Sanjay","Acharya","Chattopadhyay","F","2018-09-20","Visakhapatnam","744380","Visakhapatnam","Sikkim"
"PERF9042707","2019-03-13","Malati","Patel","Dubashi","F","2013-05-27","Chennai","049337","Chennai","Meghalaya"
"PERF1962708","2024-02-17","Girja","Prajapat","Bandopadhyay","F","1954-09-26","New Delhi","406410","New Delhi","Nagaland"
"PERF21482709","2022-06-14","Sanka","Nambeesan","Bhattathiri","M","1932-12-31","Mumbai","054726","Mumbai","Madya Pradesh"
"PERF39802710","2015-03-31","Jaya","Malik","Tandon","F","1946-01-25","Thiruvananthapuram","074443","Thiruvananthapuram","Sikkim"
"PERF37652711","2023-11-17","Dhara","Ganaka","Kakkar","F","1940-05-11","Bengaluru","298684","Bengaluru","Mizoram"
"PERF1712712","2015-09-12","Shresthi","Marar","Kocchar","M","2009-03-01","Thiruvananthapuram","964381","Thiruvananthapuram","Delhi"
"PERF90262713","2018-07-30","Naveen","Gowda","Johar","M","2011-01-21","Mumbai","184079","Mumbai","Chhattisgarh"
"PERF54052714","2022-09-11","Ranjit","Prajapat","Saini","M","1989-02-06","New Delhi","659369","New Delhi","Meghalaya"
"PERF60522715","2015-03-04","Naval","Kocchar","Nambeesan","M","1968-06-10","Bengaluru","488824","Bengaluru","Meghalaya"
"PERF98552716","2018-10-17","Aagam","Bharadwaj","Guha","M","1982-04-15","Visakhapatnam","229710","Visakhapatnam","Punjab"
"PERF88652717","2016-10-14","Kamala","Kocchar","Agarwal","F","1960-08-03","New Delhi","105431","New Delhi","Sikkim"
"PERF58982718","2020-12-16","Akshayakeerti","Joshi","Talwar","F","1958-09-17","Kolkata","069466","Kolkata","Meghalaya"
"PERF85072719","2015-04-17","Rati","Chattopadhyay","Ahuja","M","1966-10-16","Chennai","534305","Chennai","Lakshadweep"
"PERF71252720","2015-01-08","Bhoopati","Reddy","Bharadwaj","M","1930-08-14","Chennai","490047","Chennai","Madya Pradesh"
"PERF7202721","2015-09-02","Devi","Tagore","Varman","F","1931-09-21","New Delhi","264511","New Delhi","Gujarat"
"PERF30192722","2021-10-19","Sushil","Kaniyar","Menon","M","1934-12-14","Thiruvananthapuram","726797","Thiruvananthapuram","Arunachal Pradesh"
"PERF18102723","2017-06-30","Girja","Reddy","Sharma","F","1968-11-19","Visakhapatnam","946129","Visakhapatnam","Punjab"
"PERF45142724","2018-03-30","Sarla","Nambeesan","Deshpande","M","1984-03-26","New Delhi","946963","New Delhi","Karnataka"
"PERF90552725","2021-01-22","Aaratrika","Chattopadhyay","Kaul","F","1965-11-15","Hyderabad","689907","Hyderabad","Pondicherry"
"PERF93642726","2023-01-09","Vasundhara","Patel","Sethi","M","2011-01-14","Visakhapatnam","321126","Visakhapatnam","Meghalaya"
"PERF21792727","2022-09-26","Rageshwari","Dhawan","Verma","M","2015-09-07","Chennai","052949","Chennai","Meghalaya"
"PERF9432728","2021-05-24","Dhana","Shukla","Reddy","F","1938-04-29","Hyderabad","315601","Hyderabad","Jharkhand"
"PERF90902729","2022-11-21","Aasha","Bhattacharya","Pilla","M","2022-03-01","Chennai","241228","Chennai","Maharashtra"
"PERF482730","2023-07-05","Damayanti","Bharadwaj","Varman","F","2009-03-21","Hyderabad","238128","Hyderabad","Daman and Diu"
"PERF50982731","2022-06-19","Krishna","Talwar","Abbott","M","1932-08-27","New Delhi","480605","New Delhi","Karnataka"
"PERF81192732","2023-12-06","Ranjit","Nambeesan","Reddy","F","1959-09-06","Hyderabad","413339","Hyderabad","Jharkhand"
"PERF50202733","2015-03-21","Shanti","Gandhi","Bandopadhyay","F","1947-09-07","New Delhi","216835","New Delhi","Jammu and Kashmir"
"PERF67782734","2015-10-13","Nawal","Sinha","Talwar","F","2006-04-15","Chennai","160998","Chennai","Lakshadweep"
"PERF10752735","2023-12-29","Bhaaswar","Sinha","Guha","F","2009-06-26","Visakhapatnam","260472","Visakhapatnam","Meghalaya"
"PERF98442736","2019-09-03","Bhasvan","Chopra","Varrier","F","1941-08-30","Chennai","547606","Chennai","Haryana"
"PERF3572737","2019-02-25","Chiranjeeve","Guha","Patel","M","1964-04-18","Mumbai","097273","Mumbai","Andaman and Nicobar Islands"
"PERF38882738","2017-05-14","Gayatri","Shukla","Kaur","F","1956-05-28","Kolkata","492758","Kolkata","Orissa"
"PERF28792739","2024-05-08","Dipesh","Khan","Joshi","M","1977-06-28","New Delhi","561393","New Delhi","Jammu and Kashmir"
"PERF85022740","2016-12-15","Akula","Chaturvedi","Guha","M","1991-10-10","Bengaluru","823256","Bengaluru","Karnataka"
"PERF56372741","2020-03-05","Devangana","Verma","Pilla","F","1962-03-16","Mumbai","072851","Mumbai","Himachal Pradesh"
"PERF27192742","2016-07-07","Anjaneya","Sethi","Gandhi","M","1958-09-20","Mumbai","008605","Mumbai","Chandigarh"
"PERF63192743","2018-11-06","Soma","Khan","Nair","F","1954-11-13","Chennai","184185","Chennai","Nagaland"
"PERF88442744","2015-10-06","Chetan","Kocchar","Saini","F","1973-08-23","New Delhi","067713","New Delhi","Gujarat"
"PERF37042745","2016-02-20","Nirbhay","Bandopadhyay","Mishra","F","2015-04-19","New Delhi","332017","New Delhi","Tamil Nadu"
"PERF70662746","2017-03-16","Gauranga","Kaniyar","Adiga","F","2003-08-30","New Delhi","190134","New Delhi","Madya Pradesh"
"PERF14792747","2022-06-05","Deven","Pilla","Singh","M","1950-10-02","Visakhapatnam","382671","Visakhapatnam","Meghalaya"
"PERF32732748","2017-10-01","Bala","Khan","Achari","F","1937-12-10","New Delhi","595143","New Delhi","Rajasthan"
"PERF71122749","2016-08-12","Dhaanyalakshmi","Bhattacharya","Gandhi","M","1935-01-08","Bengaluru","045581","Bengaluru","Maharashtra"
"PERF84352750","2019-08-20","Chandrakala","Johar","Dhawan","F","1947-03-01","Mumbai","193811","Mumbai","Lakshadweep"
"PERF87492751","2015-09-22","Bhadrak","Arora","Mehra","M","1971-01-10","New Delhi","339108","New Delhi","Sikkim"
"PERF98572752","2014-03-09","Aanand","Deshpande","Marar","F","1952-10-02","Visakhapatnam","921892","Visakhapatnam","Daman and Diu"
"PERF16712753","2018-08-01","Dhanalakshmi","Verma","Sinha","M","1942-09-24","Mumbai","927988","Mumbai","Meghalaya"
"PERF12172754","2016-12-18","Swarnalata","Joshi","Deshpande","M","2011-09-19","Hyderabad","368009","Hyderabad","Chhattisgarh"
"PERF42812755","2018-03-16","Jagadisha","Kaniyar","Khan","F","1990-03-30","Kolkata","608540","Kolkata","Punjab"
"PERF12272756","2014-05-17","Ganak","Mahajan","Menon","F","1995-06-09","Kolkata","163153","Kolkata","Jammu and Kashmir"
"PERF73952757","2014-05-15","Vidhur","Guneta","Shukla","F","1982-01-26","Chennai","875426","Chennai","Tripura"
"PERF79612758","2015-10-09","Balagopal","Asan","Prajapat","M","1961-03-22","Chennai","277692","Chennai","Haryana"
"PERF89312759","2014-12-07","Chetan","Iyer","Pothuvaal","F","2005-11-02","Kolkata","570076","Kolkata","Chandigarh"
"PERF6692760","2024-04-02","Purushottam","Ahluwalia","Sinha","M","1947-11-28","Hyderabad","092592","Hyderabad","Madya Pradesh"
"PERF8162761","2022-12-23","Somnath","Devar","Kocchar","M","1957-08-02","Bengaluru","583329","Bengaluru","Delhi"
"PERF85982762","2014-02-12","Bhardwaj","Trivedi","Mukhopadhyay","F","1960-07-07","Hyderabad","489378","Hyderabad","Arunachal Pradesh"
"PERF44412763","2016-01-04","Gopal","Devar","Tandon","M","1994-11-04","Visakhapatnam","912345","Visakhapatnam","Jharkhand"
"PERF14602764","2019-03-24","Soma","Singh","Devar","M","1935-04-08","Mumbai","170741","Mumbai","Assam"
"PERF96342765","2018-08-01","Amodini","Chaturvedi","Ahluwalia","F","1994-09-02","Bengaluru","132341","Bengaluru","Pondicherry"
"PERF99702766","2020-05-14","Chiranjeev","Dubashi","Nair","F","1940-06-03","Chennai","014719","Chennai","Jharkhand"
"PERF712767","2024-05-19","Giriraaj","Chopra","Chaturvedi","F","1990-09-18","Thiruvananthapuram","944327","Thiruvananthapuram","Tripura"
"PERF17692768","2021-05-07","Aryan","Pandey","Sinha","M","1958-03-31","Chennai","829483","Chennai","Sikkim"
"PERF71042769","2024-02-19","Chandradev","Tandon","Mahajan","F","1941-06-09","Chennai","676470","Chennai","Madya Pradesh"
"PERF19462770","2024-06-19","Suryakantam","Sethi","Dutta","F","2002-12-01","Mumbai","958987","Mumbai","Madya Pradesh"
"PERF97572771","2023-11-09","Chandi","Khanna","Arora","F","1957-09-03","New Delhi","663069","New Delhi","Gujarat"
"PERF88452772","2015-12-05","Adikavi","Achari","Guneta","F","1974-08-31","Chennai","857444","Chennai","Goa"
"PERF94602773","2022-04-30","Goswami","Pothuvaal","Iyengar","F","1944-02-13","Mumbai","410139","Mumbai","Tripura"
"PERF92942774","2021-10-21","Shobhana","Adiga","Gupta","M","1952-05-18","Mumbai","361376","Mumbai","Jammu and Kashmir"
"PERF36932775","2018-05-24","Chakor","Jha","Verma","M","2022-06-30","Hyderabad","261535","Hyderabad","Uttaranchal"
"PERF93432776","2021-01-15","Purnima","Desai","Khanna","M","1985-09-30","Mumbai","607597","Mumbai","Tamil Nadu"
"PERF19422777","2019-08-26","Vrund","Rana","Panicker","F","1948-02-24","Mumbai","796548","Mumbai","Sikkim"
"PERF90872778","2014-10-09","Kailash","Panicker","Shukla","M","1982-05-04","Bengaluru","307117","Bengaluru","Pondicherry"
"PERF75782779","2018-02-01","Ekdant","Embranthiri","Deshpande","M","1998-06-13","Thiruvananthapuram","457552","Thiruvananthapuram","Orissa"
"PERF32652780","2022-02-25","Bilva","Pillai","Pandey","F","1996-06-24","Hyderabad","918417","Hyderabad","Andaman and Nicobar Islands"
"PERF62452781","2020-05-11","Birjesh","Abbott","Patil","F","1969-02-05","Bengaluru","034725","Bengaluru","Andaman and Nicobar Islands"
"PERF32492782","2014-06-17","Dhanvin","Pilla","Kakkar","F","1935-09-27","New Delhi","199187","New Delhi","Mizoram"
"PERF56592783","2020-10-16","Leela","Singh","Deshpande","F","2005-10-23","Visakhapatnam","466106","Visakhapatnam","Assam"
"PERF11922784","2022-10-13","Gautami","Jain","Pilla","M","2005-04-16","Hyderabad","731028","Hyderabad","Punjab"
"PERF50222785","2018-10-10","Shresthi","Ahluwalia","Achari","M","2011-06-22","New Delhi","483906","New Delhi","Mizoram"
"PERF47752786","2019-11-12","Kanishka","Gowda","Saini","F","1975-11-24","New Delhi","392998","New Delhi","Pondicherry"
"PERF38622787","2014-06-10","Nagabhushanam","Mehra","Johar","M","1961-08-02","Chennai","816609","Chennai","West Bengal"
"PERF23772788","2021-10-09","Brahmaanand","Gowda","Menon","F","1932-09-25","Bengaluru","371394","Bengaluru","Pondicherry"
"PERF83562789","2015-08-22","Pranay","Pillai","Naik","F","1952-10-19","Chennai","750043","Chennai","Haryana"
"PERF81062790","2020-12-22","Vaijayanthi","Pillai","Dwivedi","F","1957-12-19","Visakhapatnam","405885","Visakhapatnam","Tripura"
"PERF43432791","2019-08-18","Girish","Asan","Kaniyar","F","2003-05-23","Bengaluru","118995","Bengaluru","Manipur"
"PERF97412792","2022-09-09","Ayushmati","Jha","Mehra","F","2016-02-16","Bengaluru","030868","Bengaluru","Chhattisgarh"
"PERF25352793","2017-11-27","Tanushri","Dubashi","Shah","M","2022-01-23","Hyderabad","152865","Hyderabad","Assam"
"PERF98912794","2021-06-18","Chakrika","Agarwal","Gupta","M","2012-08-18","Mumbai","753816","Mumbai","Maharashtra"
"PERF52872795","2018-08-11","Sweta","Bhat","Tagore","F","1981-05-21","Hyderabad","992212","Hyderabad","Andaman and Nicobar Islands"
"PERF52632796","2014-11-10","Subhash","Trivedi","Asan","F","1971-05-01","Hyderabad","677131","Hyderabad","Punjab"
"PERF27332797","2019-06-15","Gandharv","Marar","Bhat","F","1993-07-06","Visakhapatnam","127309","Visakhapatnam","Punjab"
"PERF57892798","2022-08-04","Chaturaanan","Deshpande","Achari","M","2023-12-30","Bengaluru","903209","Bengaluru","Chhattisgarh"
"PERF77822799","2014-05-04","Charvi","Kakkar","Panicker","M","1997-11-24","Kolkata","828702","Kolkata","Andhra Pradesh"
"PERF22332800","2018-05-17","Kama","Devar","Mukhopadhyay","F","1939-01-22","Hyderabad","807682","Hyderabad","Meghalaya"
"PERF35812801","2023-04-15","Devasree","Somayaji","Khan","F","1940-02-24","New Delhi","049742","New Delhi","Madya Pradesh"
"PERF12362802","2024-07-01","Kannen","Nair","Deshpande","M","1973-04-21","Thiruvananthapuram","504866","Thiruvananthapuram","West Bengal"
"PERF22262803","2023-05-11","Prema","Singh","Somayaji","M","1962-11-23","New Delhi","630715","New Delhi","Meghalaya"
"PERF66672804","2023-02-06","Brahmanandam","Guneta","Shukla","M","1998-12-04","Visakhapatnam","721984","Visakhapatnam","Gujarat"
"PERF33432805","2020-09-13","Damodara","Reddy","Desai","M","1952-07-21","Thiruvananthapuram","969130","Thiruvananthapuram","Dadar and Nagar Haveli"
"PERF6492806","2018-05-25","Goswami","Arora","Panicker","M","1949-01-13","Bengaluru","370757","Bengaluru","Madya Pradesh"
"PERF11812807","2022-05-20","Naveen","Bhattathiri","Chattopadhyay","F","1979-09-11","Kolkata","966869","Kolkata","Goa"
"PERF32682808","2022-08-15","Bhagwanti","Devar","Trivedi","M","1965-04-16","New Delhi","725057","New Delhi","Goa"
"PERF47822809","2019-04-13","Anusuya","Chopra","Marar","M","2019-10-09","Kolkata","143520","Kolkata","Sikkim"
"PERF85892810","2015-12-05","Shashi","Mukhopadhyay","Asan","F","1947-08-16","Bengaluru","738280","Bengaluru","Jharkhand"
"PERF13082811","2021-09-01","Bankimchandra","Ahluwalia","Patel","M","1953-10-25","Bengaluru","292196","Bengaluru","Chhattisgarh"
"PERF1832812","2021-03-15","Mina","Nair","Bhattacharya","M","1989-02-19","Visakhapatnam","458656","Visakhapatnam","Mizoram"
"PERF32382813","2016-11-05","Deeptanshu","Kaniyar","Dutta","M","1966-06-27","Hyderabad","389165","Hyderabad","Sikkim"
"PERF33782814","2022-04-03","Sharda","Kaniyar","Gupta","F","1998-08-04","Thiruvananthapuram","721564","Thiruvananthapuram","Uttaranchal"
"PERF56832815","2022-09-17","Narinder","Guha","Chattopadhyay","M","1931-03-08","Kolkata","548525","Kolkata","Lakshadweep"
"PERF81052816","2014-05-30","Sukanya","Gowda","Somayaji","F","1952-11-14","Hyderabad","785445","Hyderabad","Chandigarh"
"PERF7112817","2021-03-30","Jagathi","Chaturvedi","Guha","F","2013-11-10","Mumbai","084557","Mumbai","Jammu and Kashmir"
"PERF85422818","2014-08-14","Elakshi","Butt","Shukla","M","1976-01-17","Bengaluru","422270","Bengaluru","West Bengal"
"PERF74512819","2021-03-19","Parvati","Verma","Nair","M","1940-07-01","Bengaluru","433834","Bengaluru","Lakshadweep"
"PERF35502820","2015-01-12","Meenakshi","Gowda","Menon","M","2010-09-03","Chennai","294370","Chennai","Lakshadweep"
"PERF67212821","2023-09-20","Narinder","Prajapat","Nayar","F","2009-08-26","Hyderabad","045848","Hyderabad","Tamil Nadu"
"PERF12882822","2022-02-02","Rajiv","Malik","Bhattacharya","F","2013-12-14","Bengaluru","527547","Bengaluru","Arunachal Pradesh"
"PERF32292823","2022-03-19","Himani","Chaturvedi","Bandopadhyay","F","1968-10-31","Kolkata","408032","Kolkata","Uttar Pradesh"
"PERF62722824","2021-01-14","Kalinda","Chattopadhyay","Arora","M","1948-11-01","Mumbai","411319","Mumbai","Himachal Pradesh"
"PERF92552825","2021-10-16","Chatura","Pillai","Guneta","F","1980-08-23","Mumbai","294928","Mumbai","Himachal Pradesh"
"PERF90332826","2016-09-08","Chanakya","Tandon","Trivedi","F","1967-06-07","Hyderabad","151790","Hyderabad","Manipur"
"PERF47092827","2016-01-31","Bhaves","Reddy","Kaniyar","M","1974-03-08","Hyderabad","162702","Hyderabad","Gujarat"
"PERF83762828","2021-12-11","Madhuri","Desai","Varrier","F","1998-03-08","New Delhi","401353","New Delhi","Nagaland"
"PERF72292829","2015-12-26","Dhanpati","Devar","Trivedi","F","1984-01-07","Thiruvananthapuram","562279","Thiruvananthapuram","Sikkim"
"PERF46522830","2017-11-04","Ekaaksh","Namboothiri","Pothuvaal","F","2009-11-13","Chennai","004525","Chennai","Dadar and Nagar Haveli"
"PERF64802831","2022-09-12","Shwet","Acharya","Jain","M","1980-12-18","Chennai","191420","Chennai","Himachal Pradesh"
"PERF30272832","2015-02-13","Shantanu","Abbott","Khan","F","2012-11-11","New Delhi","861399","New Delhi","Punjab"
"PERF83942833","2024-07-14","Tejas","Asan","Nambeesan","M","1968-06-30","Bengaluru","739992","Bengaluru","Tamil Nadu"
"PERF87352834","2017-10-13","Mohana","Bharadwaj","Acharya","F","1962-09-20","Chennai","758485","Chennai","Daman and Diu"
"PERF79022835","2017-11-11","Kamala","Arora","Kaniyar","M","2006-06-13","Mumbai","122807","Mumbai","Punjab"
"PERF25592836","2014-06-28","Eshana","Nehru","Varman","F","1983-11-20","Chennai","254699","Chennai","Orissa"
"PERF92552837","2023-06-14","Dhananjay","Marar","Mishra","M","1931-05-25","Visakhapatnam","108567","Visakhapatnam","Tripura"
"PERF55852838","2016-09-14","Siddhi","Menon","Varman","F","2000-06-08","Thiruvananthapuram","854130","Thiruvananthapuram","Haryana"
"PERF61132839","2023-04-10","Geeta","Khanna","Kocchar","F","1949-11-20","Chennai","380191","Chennai","Pondicherry"
"PERF27482840","2023-11-13","Chaanakya","Bharadwaj","Agarwal","M","1977-12-22","Thiruvananthapuram","280135","Thiruvananthapuram","Andaman and Nicobar Islands"
"PERF64152841","2021-03-22","Digambar","Kapoor","Bhattathiri","F","2022-07-02","Mumbai","570062","Mumbai","Haryana"
"PERF23222842","2015-05-24","Ghanaanand","Namboothiri","Kaur","F","1936-11-14","Bengaluru","639851","Bengaluru","Kerala"
"PERF51332843","2015-11-24","Alok","Mukhopadhyay","Arora","F","2010-11-24","Hyderabad","142281","Hyderabad","West Bengal"
"PERF51962844","2016-12-26","Aadinath","Agarwal","Bhat","F","1978-03-28","Visakhapatnam","476028","Visakhapatnam","Pondicherry"
"PERF89252845","2024-06-23","Devi","Dhawan","Pillai","M","1963-12-12","Kolkata","500477","Kolkata","West Bengal"
"PERF28392846","2018-12-03","Chakravartee","Menon","Dwivedi","F","1939-07-17","Visakhapatnam","455355","Visakhapatnam","Andhra Pradesh"
"PERF16872847","2015-01-26","Aagam","Johar","Dwivedi","F","2022-06-18","Hyderabad","740329","Hyderabad","Andaman and Nicobar Islands"
"PERF64352848","2020-12-19","Aaditya","Mehra","Namboothiri","M","1945-01-10","Visakhapatnam","502707","Visakhapatnam","Arunachal Pradesh"
"PERF20972849","2014-05-31","Deeptendu","Sharma","Sinha","M","2006-04-02","Chennai","376799","Chennai","Mizoram"
"PERF5642850","2021-04-26","Chandra","Kapoor","Gandhi","M","1962-02-12","Mumbai","735337","Mumbai","West Bengal"
"PERF67272851","2016-02-26","Dhana","Pandey","Abbott","M","1944-04-25","New Delhi","926925","New Delhi","Jammu and Kashmir"
"PERF94812852","2019-02-23","Gajabahu","Achari","Deshpande","M","1982-08-13","Hyderabad","147746","Hyderabad","Nagaland"
"PERF90202853","2018-07-25","Vasudeva","Deshpande","Somayaji","F","2002-09-07","Thiruvananthapuram","950287","Thiruvananthapuram","Haryana"
"PERF43692854","2020-08-10","Ganesh","Khatri","Ahluwalia","M","1982-04-29","Hyderabad","825986","Hyderabad","Himachal Pradesh"
"PERF91422855","2018-06-17","Pushti","Chattopadhyay","Khatri","F","1969-07-06","Bengaluru","343509","Bengaluru","Mizoram"
"PERF54762856","2016-11-25","Vedanga","Varma","Menon","F","1938-08-16","Hyderabad","996102","Hyderabad","Andhra Pradesh"
"PERF12962857","2014-06-10","Goswamee","Banerjee","Saini","M","1959-06-26","Visakhapatnam","151020","Visakhapatnam","Rajasthan"
"PERF68862858","2023-05-09","Vrinda","Bhat","Asan","M","1973-07-01","Hyderabad","572199","Hyderabad","Nagaland"
"PERF812859","2023-01-12","Ujjawal","Ganaka","Varman","M","2019-02-19","Visakhapatnam","245643","Visakhapatnam","Dadar and Nagar Haveli"
"PERF33272860","2020-06-25","Paramartha","Mishra","Kapoor","F","1944-05-06","Bengaluru","343170","Bengaluru","Uttar Pradesh"
"PERF82902861","2018-01-02","Rita","Sinha","Nayar","M","2001-11-29","Kolkata","329239","Kolkata","Karnataka"
"PERF29752862","2018-07-13","Daevika","Rana","Tagore","F","1936-03-29","Hyderabad","232227","Hyderabad","Jammu and Kashmir"
"PERF13332863","2024-02-24","Adityanandana","Iyer","Chopra","M","1949-07-20","Thiruvananthapuram","492424","Thiruvananthapuram","Andaman and Nicobar Islands"
"PERF75432864","2017-09-07","Atmaja","Mukhopadhyay","Gowda","M","1948-08-03","Hyderabad","326742","Hyderabad","Lakshadweep"
"PERF412865","2014-09-22","Kanchan","Pandey","Kakkar","M","1935-10-22","Hyderabad","936910","Hyderabad","Mizoram"
"PERF31942866","2020-08-06","Sukanya","Khatri","Nehru","F","1945-05-09","Hyderabad","544180","Hyderabad","Goa"
"PERF74102867","2021-01-15","Umang","Bhattathiri","Kaur","F","1971-10-13","Bengaluru","682223","Bengaluru","Uttaranchal"
"PERF97532868","2021-01-21","Kanti","Prajapat","Varrier","F","1971-06-11","Thiruvananthapuram","528093","Thiruvananthapuram","Jharkhand"
"PERF45572869","2014-09-03","Durgeshwari","Dubashi","Dhawan","F","1963-03-06","Mumbai","162568","Mumbai","Rajasthan"
"PERF58762870","2019-07-03","Vedanga","Johar","Tandon","M","1952-08-31","Chennai","837493","Chennai","Goa"
"PERF26962871","2018-04-29","Arya","Iyengar","Devar","F","2002-11-03","Hyderabad","113444","Hyderabad","Rajasthan"
"PERF13172872","2024-02-28","Deependra","Iyer","Adiga","M","1976-04-19","Kolkata","637162","Kolkata","Manipur"
"PERF62972873","2023-06-24","Himani","Chopra","Panicker","M","2001-09-11","New Delhi","947653","New Delhi","Andhra Pradesh"
"PERF20642874","2019-07-08","Ashok","Acharya","Marar","F","2019-02-26","Chennai","577795","Chennai","Uttar Pradesh"
"PERF6372875","2023-11-20","Gayatri","Varrier","Jha","F","1957-06-21","Mumbai","280071","Mumbai","Mizoram"
"PERF942876","2022-09-29","Ekaksh","Banerjee","Guneta","M","1931-08-07","Mumbai","585113","Mumbai","Tripura"
"PERF62332877","2022-08-20","Dipali","Panicker","Asan","M","1958-06-22","Chennai","140375","Chennai","Kerala"
"PERF35852878","2020-09-09","Abani","Chopra","Verma","F","1958-04-13","Chennai","592026","Chennai","Haryana"
"PERF45182879","2019-01-12","Archan","Iyer","Devar","F","1963-01-22","Chennai","278700","Chennai","Tamil Nadu"
"PERF31442880","2020-04-05","Kannen","Shukla","Devar","M","2016-10-07","New Delhi","488528","New Delhi","Sikkim"
"PERF20932881","2017-06-14","Devagya","Bhat","Somayaji","F","1937-06-14","Thiruvananthapuram","439833","Thiruvananthapuram","Uttar Pradesh"
"PERF15632882","2022-03-02","Vasudeva","Butt","Varman","F","2013-04-04","Visakhapatnam","975287","Visakhapatnam","Uttaranchal"
"PERF59142883","2019-04-25","Daevika","Kaur","Kocchar","M","1933-02-26","Mumbai","855684","Mumbai","Andaman and Nicobar Islands"
"PERF24102884","2020-07-05","Devvrat","Nambeesan","Nehru","M","1979-07-15","Kolkata","709348","Kolkata","Mizoram"
"PERF13162885","2022-04-22","Dhanesh","Chattopadhyay","Nambeesan","F","2022-02-09","New Delhi","396490","New Delhi","Bihar"
"PERF79272886","2016-11-07","Baijayanti","Ganaka","Dutta","F","1954-10-19","Hyderabad","849260","Hyderabad","Arunachal Pradesh"
"PERF65632887","2017-01-30","Rageshwari","Bharadwaj","Chaturvedi","F","1989-10-19","Bengaluru","574120","Bengaluru","Lakshadweep"
"PERF96592888","2018-08-07","Aagney","Nayar","Varma","M","2011-12-29","Kolkata","360661","Kolkata","Himachal Pradesh"
"PERF36192889","2024-06-07","Akshata","Pillai","Joshi","F","2006-01-07","Kolkata","193354","Kolkata","Daman and Diu"
"PERF26842890","2015-06-15","Gajadhar","Varman","Butt","F","1942-09-05","Hyderabad","503945","Hyderabad","Rajasthan"
"PERF27492891","2018-10-08","Sachin","Pandey","Varma","M","1979-06-25","Hyderabad","226990","Hyderabad","Chandigarh"
"PERF79412892","2015-03-21","Girindra","Johar","Kakkar","M","1948-01-28","Thiruvananthapuram","590959","Thiruvananthapuram","Haryana"
"PERF24452893","2016-03-26","Sloka","Tagore","Kaniyar","F","1968-09-18","Thiruvananthapuram","345515","Thiruvananthapuram","Kerala"
"PERF38312894","2017-06-07","Aadidev","Mehrotra","Mehra","M","1973-11-05","Bengaluru","833171","Bengaluru","Himachal Pradesh"
"PERF2612895","2016-06-03","Shreya","Bhattacharya","Khan","F","1989-01-30","Visakhapatnam","722316","Visakhapatnam","Sikkim"
"PERF57812896","2020-03-08","Deeksha","Malik","Khan","F","2007-07-27","Mumbai","862867","Mumbai","Tripura"
"PERF21372897","2019-05-27","Dhanapati","Ahuja","Iyer","M","1956-04-17","Bengaluru","440391","Bengaluru","Maharashtra"
"PERF73652898","2014-12-12","Dhyaneshwar","Deshpande","Varrier","M","1965-11-02","Mumbai","451575","Mumbai","Meghalaya"
"PERF39482899","2016-11-03","Rupinder","Prajapat","Tandon","F","1954-05-14","Mumbai","471124","Mumbai","Andaman and Nicobar Islands"
"PERF71132900","2024-06-19","Devesh","Iyengar","Shah","F","1957-10-07","Kolkata","582202","Kolkata","Gujarat"
"PERF15992901","2014-07-29","Devajyoti","Mishra","Somayaji","F","1966-09-05","Visakhapatnam","074189","Visakhapatnam","Tamil Nadu"
"PERF27722902","2017-03-16","Kartik","Bhattacharya","Naik","M","1994-07-02","Kolkata","636917","Kolkata","Daman and Diu"
"PERF77792903","2017-06-26","Raj","Jha","Malik","F","1995-11-23","Mumbai","528702","Mumbai","Manipur"
"PERF76012904","2017-08-30","Deeptimoyee","Pandey","Khatri","M","2017-04-06","Bengaluru","905474","Bengaluru","Maharashtra"
"PERF20442905","2021-01-21","Ankal","Acharya","Varma","M","1966-07-02","Thiruvananthapuram","675163","Thiruvananthapuram","Pondicherry"
"PERF17342906","2014-06-26","Sitara","Joshi","Pothuvaal","F","1966-07-19","New Delhi","492885","New Delhi","Daman and Diu"
"PERF60132907","2019-05-24","Vishnu","Ganaka","Chaturvedi","M","1933-07-18","Mumbai","600277","Mumbai","Dadar and Nagar Haveli"
"PERF16632908","2023-11-16","Dinakar","Butt","Kocchar","F","2024-01-10","New Delhi","690514","New Delhi","Bihar"
"PERF19142909","2015-01-01","Swami","Sharma","Nambeesan","F","1932-04-06","Visakhapatnam","392479","Visakhapatnam","Madya Pradesh"
"PERF33742910","2018-07-19","Deeptendu","Mahajan","Devar","F","2005-10-01","Visakhapatnam","074623","Visakhapatnam","Sikkim"
"PERF84482911","2017-09-05","Mohinder","Bharadwaj","Chattopadhyay","M","1931-09-03","Kolkata","923907","Kolkata","Mizoram"
"PERF96082912","2017-10-06","Chandranath","Jha","Mukhopadhyay","M","1933-05-08","Hyderabad","340872","Hyderabad","Chhattisgarh"
"PERF56092913","2014-07-20","Subhash","Chaturvedi","Mahajan","F","1974-03-22","Thiruvananthapuram","140071","Thiruvananthapuram","Delhi"
"PERF7222914","2024-02-04","Mandakini","Malik","Kocchar","F","1997-07-04","Mumbai","798534","Mumbai","Daman and Diu"
"PERF59882915","2022-06-08","Anand","Kaniyar","Nehru","M","1979-02-10","Visakhapatnam","429098","Visakhapatnam","Haryana"
"PERF70092916","2019-01-04","Jai","Pilla","Singh","M","1974-09-02","Thiruvananthapuram","325060","Thiruvananthapuram","Assam"
"PERF4902917","2016-08-02","Anilabh","Chattopadhyay","Bandopadhyay","M","2015-08-17","Visakhapatnam","992229","Visakhapatnam","Meghalaya"
"PERF54962918","2015-03-19","Varalakshmi","Chopra","Marar","M","1939-07-12","Kolkata","939674","Kolkata","Madya Pradesh"
"PERF84672919","2024-06-02","Vrinda","Varman","Verma","M","1986-04-18","Thiruvananthapuram","523402","Thiruvananthapuram","Kerala"
"PERF28832920","2014-07-18","Gobinda","Jha","Bhattacharya","M","2010-06-14","Chennai","146496","Chennai","Manipur"
"PERF33582921","2023-01-09","Padma","Asan","Bandopadhyay","F","1970-03-08","Mumbai","143498","Mumbai","Bihar"
"PERF48422922","2021-04-05","Chaaruchandra","Kaur","Adiga","F","2016-01-20","Bengaluru","741514","Bengaluru","Delhi"
"PERF90802923","2024-02-24","Aasha","Mahajan","Malik","F","1983-07-07","Hyderabad","625541","Hyderabad","Nagaland"
"PERF88082924","2020-08-17","Javas","Varrier","Guneta","M","2020-08-04","Kolkata","012602","Kolkata","Jharkhand"
"PERF12442925","2020-06-10","Vaishnavi","Mehra","Kocchar","M","1942-12-08","Chennai","933257","Chennai","Orissa"
"PERF39232926","2017-04-02","Chandramani","Embranthiri","Sharma","F","1954-03-16","Kolkata","190531","Kolkata","Dadar and Nagar Haveli"
"PERF83532927","2019-06-19","Goswami","Pothuvaal","Varman","F","2005-11-04","Mumbai","012594","Mumbai","Haryana"
"PERF21572928","2021-01-16","Rageshwari","Mahajan","Gill","M","1985-04-28","Visakhapatnam","329888","Visakhapatnam","Maharashtra"
"PERF76742929","2015-08-10","Yoginder","Bhattacharya","Gupta","F","2004-01-19","Thiruvananthapuram","781726","Thiruvananthapuram","Lakshadweep"
"PERF92482930","2021-02-14","Brahmabrata","Varrier","Chattopadhyay","M","1980-02-22","Visakhapatnam","197966","Visakhapatnam","Tamil Nadu"
"PERF2542931","2023-10-24","Gitanjali","Chattopadhyay","Gandhi","M","2003-01-07","Bengaluru","040140","Bengaluru","Uttaranchal"
"PERF39832932","2020-01-09","Ojaswini","Varma","Banerjee","F","1961-03-17","Chennai","395604","Chennai","Arunachal Pradesh"
"PERF98712933","2018-04-17","Mangalya","Dhawan","Tagore","F","1943-10-01","New Delhi","260991","New Delhi","Tripura"
"PERF71042934","2021-08-02","Devagya","Pandey","Kocchar","M","1979-07-02","Thiruvananthapuram","630200","Thiruvananthapuram","Assam"
"PERF30562935","2018-09-30","Subodh","Khatri","Varma","F","2022-07-13","Hyderabad","850867","Hyderabad","Jammu and Kashmir"
"PERF71982936","2019-10-27","Adikavi","Nayar","Sinha","M","1992-10-26","New Delhi","336437","New Delhi","Uttar Pradesh"
"PERF68882937","2019-08-16","Aanand","Mahajan","Guneta","M","1994-03-14","New Delhi","401901","New Delhi","Uttar Pradesh"
"PERF37962938","2023-07-14","Aashritha","Deshpande","Agarwal","F","1932-10-26","Hyderabad","688317","Hyderabad","Assam"
"PERF87952939","2019-04-02","Manjusha","Bandopadhyay","Panicker","M","1979-04-25","Thiruvananthapuram","765821","Thiruvananthapuram","Daman and Diu"
"PERF50692940","2016-08-09","Brahma","Johar","Asan","M","2017-06-03","Kolkata","110433","Kolkata","Goa"
"PERF20162941","2014-03-06","Udit","Nambeesan","Jha","M","1942-05-31","Kolkata","748261","Kolkata","Tamil Nadu"
"PERF45602942","2017-03-25","Ananda","Swarup","Nehru","M","1987-01-22","New Delhi","257689","New Delhi","Haryana"
"PERF45652943","2023-06-05","Akshayakeerti","Sethi","Jain","M","2017-08-18","Hyderabad","372476","Hyderabad","Rajasthan"
"PERF74572944","2014-05-09","Bandhu","Pothuvaal","Adiga","F","1990-04-23","Kolkata","097300","Kolkata","Punjab"
"PERF11582945","2018-12-31","Dhyanesh","Panicker","Kaniyar","M","1930-05-01","Chennai","893513","Chennai","Rajasthan"
"PERF42812946","2021-05-10","Subodh","Sharma","Devar","M","2002-07-18","Hyderabad","799949","Hyderabad","Gujarat"
"PERF88532947","2020-10-31","Chandini","Bhattacharya","Sharma","F","2017-06-25","Bengaluru","552323","Bengaluru","Rajasthan"
"PERF69102948","2023-04-30","Akshita","Talwar","Jha","F","1950-01-21","Visakhapatnam","783671","Visakhapatnam","Andhra Pradesh"
"PERF19642949","2014-09-15","Aditya","Tagore","Varman","F","1984-10-21","Kolkata","461054","Kolkata","Haryana"
"PERF27902950","2016-04-09","Bhaaswar","Iyengar","Rana","F","1996-09-30","Hyderabad","526660","Hyderabad","Madya Pradesh"
"PERF84542951","2023-06-04","Gangesh","Guneta","Varman","F","1999-01-21","Bengaluru","855813","Bengaluru","Kerala"
"PERF81902952","2015-06-28","Vidur","Nair","Dubashi","F","1951-08-17","Chennai","833050","Chennai","Punjab"
"PERF8512953","2022-03-13","Suresh","Ganaka","Jain","F","1936-07-06","Thiruvananthapuram","489668","Thiruvananthapuram","Tamil Nadu"
"PERF82242954","2022-06-14","Rajiv","Pilla","Achari","F","1950-10-16","Thiruvananthapuram","444944","Thiruvananthapuram","Nagaland"
"PERF68982955","2016-06-03","Bakula","Butt","Gupta","M","1993-11-25","Kolkata","907240","Kolkata","Andaman and Nicobar Islands"
"PERF28422956","2014-03-22","Dharitri","Verma","Kocchar","F","1955-02-16","Bengaluru","628402","Bengaluru","Rajasthan"
"PERF47692957","2021-09-11","Anshula","Rana","Pandey","M","2010-02-24","Visakhapatnam","172975","Visakhapatnam","Chandigarh"
"PERF32352958","2018-02-11","Chatura","Nair","Varman","M","1931-08-03","New Delhi","274294","New Delhi","Andaman and Nicobar Islands"
"PERF22482959","2015-10-28","Aasha","Varrier","Arora","M","1973-07-12","Hyderabad","482168","Hyderabad","Assam"
"PERF77432960","2022-12-10","Naval","Acharya","Panicker","F","1999-11-01","Bengaluru","576148","Bengaluru","Lakshadweep"
"PERF24282961","2015-04-11","Nimit","Embranthiri","Naik","M","1976-02-03","Thiruvananthapuram","400018","Thiruvananthapuram","Uttar Pradesh"
"PERF97872962","2014-05-08","Dwaipayana","Dubashi","Mukhopadhyay","F","1985-02-17","Thiruvananthapuram","271466","Thiruvananthapuram","Jammu and Kashmir"
"PERF9342963","2015-04-21","Chandramauli","Trivedi","Adiga","M","2000-05-18","Kolkata","342785","Kolkata","Andhra Pradesh"
"PERF77072964","2022-05-29","Dhatri","Verma","Patel","M","1969-07-01","Chennai","910526","Chennai","Madya Pradesh"
"PERF37722965","2020-01-26","Vidya","Mehrotra","Joshi","M","1992-01-20","Chennai","274042","Chennai","Chhattisgarh"
"PERF31432966","2020-10-13","Jai","Singh","Shah","F","1985-09-18","Visakhapatnam","688980","Visakhapatnam","Nagaland"
"PERF98242967","2021-08-29","Shreya","Trivedi","Prajapat","M","1937-08-17","Bengaluru","567147","Bengaluru","Andaman and Nicobar Islands"
"PERF99502968","2016-02-02","Daksha","Trivedi","Bhat","M","2004-07-18","Thiruvananthapuram","327435","Thiruvananthapuram","Andaman and Nicobar Islands"
"PERF99332969","2021-06-14","Aruna","Gupta","Ahuja","F","1981-10-12","Hyderabad","849752","Hyderabad","Pondicherry"
"PERF9062970","2014-03-15","Kanak","Achari","Jain","M","1990-06-02","Bengaluru","282275","Bengaluru","Dadar and Nagar Haveli"
"PERF86972971","2016-04-10","Ghanaanand","Acharya","Kaniyar","F","1963-11-27","New Delhi","866819","New Delhi","Himachal Pradesh"
"PERF46502972","2024-06-27","Kannan","Guha","Ahluwalia","F","1993-03-23","Thiruvananthapuram","023044","Thiruvananthapuram","Jammu and Kashmir"
"PERF272973","2020-12-18","Alok","Mishra","Tandon","F","1979-08-07","New Delhi","557528","New Delhi","Meghalaya"
"PERF10782974","2014-04-14","Vaidehi","Guha","Patil","F","1968-07-12","Thiruvananthapuram","486907","Thiruvananthapuram","Lakshadweep"
"PERF34452975","2019-02-27","Lal","Mehra","Sethi","F","1942-06-23","Visakhapatnam","042815","Visakhapatnam","Andaman and Nicobar Islands"
"PERF9962976","2020-10-12","Balaaditya","Adiga","Marar","F","1964-04-18","Chennai","244336","Chennai","Tripura"
"PERF87732977","2017-04-19","Puneet","Varman","Khanna","F","2021-07-10","Thiruvananthapuram","718407","Thiruvananthapuram","Kerala"
"PERF68002978","2020-02-07","Dhanesh","Varrier","Mehra","M","1962-06-03","Mumbai","628046","Mumbai","Rajasthan"
"PERF51342979","2016-11-27","Prem","Chattopadhyay","Pilla","M","1941-04-23","Mumbai","842281","Mumbai","Karnataka"
"PERF59212980","2018-08-12","Gauraang","Joshi","Pillai","M","2013-06-13","New Delhi","044369","New Delhi","Mizoram"
"PERF10512981","2024-05-19","Jagdeep","Kapoor","Agarwal","M","1948-03-31","Chennai","501792","Chennai","Maharashtra"
"PERF24162982","2017-09-24","Anusuya","Nair","Khanna","F","1937-05-21","Kolkata","236056","Kolkata","Daman and Diu"
"PERF20282983","2018-02-11","Achintya","Malik","Tagore","M","1967-12-06","New Delhi","401001","New Delhi","Tamil Nadu"
"PERF94992984","2018-12-12","Bharadwaj","Dutta","Kaniyar","M","1988-09-25","Hyderabad","287446","Hyderabad","Karnataka"
"PERF16972985","2023-04-08","Bhilangana","Bhat","Bhat","F","1958-08-31","Kolkata","826514","Kolkata","Pondicherry"
"PERF39502986","2023-12-27","Agasti","Pandey","Varman","F","1972-02-03","Bengaluru","598527","Bengaluru","Dadar and Nagar Haveli"
"PERF1232987","2023-01-24","Dandapaani","Ahuja","Bhattacharya","M","2003-09-24","New Delhi","271035","New Delhi","Maharashtra"
"PERF8102988","2014-10-24","Asha","Khatri","Mehra","M","2007-10-26","Kolkata","753374","Kolkata","Karnataka"
"PERF90032989","2018-06-17","Adityanandana","Varrier","Gandhi","M","1966-11-21","Visakhapatnam","793826","Visakhapatnam","Chandigarh"
"PERF47752990","2016-12-30","Lila","Sharma","Menon","M","2024-06-13","Mumbai","314421","Mumbai","Madya Pradesh"
"PERF73212991","2020-10-13","Jagadish","Banerjee","Dwivedi","F","2005-11-07","Mumbai","371532","Mumbai","Jammu and Kashmir"
"PERF71962992","2022-06-08","Sushil","Iyer","Khanna","M","2014-12-20","Kolkata","754653","Kolkata","West Bengal"
"PERF83352993","2022-05-20","Prema","Kocchar","Shukla","M","1986-12-19","Thiruvananthapuram","548506","Thiruvananthapuram","Arunachal Pradesh"
"PERF49982994","2017-09-24","Dipali","Trivedi","Achari","M","1942-12-25","New Delhi","290069","New Delhi","Bihar"
"PERF3102995","2018-11-22","Bhanumati","Abbott","Ahuja","M","1969-02-09","Chennai","511354","Chennai","Goa"
"PERF11172996","2022-05-07","Harinarayan","Agarwal","Mishra","F","1934-05-11","New Delhi","061222","New Delhi","Assam"
"PERF94142997","2022-08-23","Mina","Verma","Nambeesan","M","1994-09-24","Kolkata","585344","Kolkata","Andaman and Nicobar Islands"
"PERF32432998","2014-07-04","Dayaanidhi","Kaul","Acharya","F","1985-03-24","New Delhi","939451","New Delhi","Haryana"
"PERF76042999","2018-11-23","Javas","Iyer","Khanna","M","1942-06-20","Thiruvananthapuram","791154","Thiruvananthapuram","Goa"
"PERF63523000","2020-02-10","Chiranjeev","Trivedi","Johar","F","1937-09-01","New Delhi","725697","New Delhi","Tamil Nadu"
"PERF44913001","2024-03-28","Abhaya","Gandhi","Pandey","F","1950-04-14","Mumbai","714156","Mumbai","Tamil Nadu"
"PERF49523002","2019-03-11","Chanda","Prajapat","Chaturvedi","M","1965-08-19","Hyderabad","184958","Hyderabad","Kerala"
"PERF86453003","2014-04-15","Dhanadeepa","Desai","Deshpande","F","2014-06-23","Thiruvananthapuram","411034","Thiruvananthapuram","Sikkim"
"PERF27733004","2020-10-03","Divjot","Jha","Patel","M","1931-02-22","Thiruvananthapuram","824308","Thiruvananthapuram","Andaman and Nicobar Islands"
"PERF68753005","2014-04-30","Sukanya","Embranthiri","Malik","M","2013-03-27","Bengaluru","596462","Bengaluru","Himachal Pradesh"
"PERF44643006","2017-03-14","Sharda","Kapoor","Embranthiri","M","1959-10-21","Mumbai","784098","Mumbai","Rajasthan"
"PERF59043007","2016-09-26","Veda","Tagore","Pilla","M","1986-05-17","New Delhi","914567","New Delhi","Gujarat"
"PERF21613008","2015-02-25","Chandrani","Iyengar","Mehra","F","1975-12-12","Mumbai","096816","Mumbai","Uttaranchal"
"PERF88373009","2024-01-18","Abani","Verma","Saini","F","1938-11-14","Visakhapatnam","232354","Visakhapatnam","Sikkim"
"PERF79273010","2015-12-23","Vaijayanti","Embranthiri","Namboothiri","M","1975-11-22","New Delhi","735643","New Delhi","West Bengal"
"PERF20613011","2015-09-24","Gopal","Kocchar","Pillai","F","1984-08-16","Hyderabad","223947","Hyderabad","Karnataka"
"PERF19153012","2020-01-15","Akshita","Chattopadhyay","Naik","M","2017-04-10","Mumbai","199216","Mumbai","Daman and Diu"
"PERF79123013","2020-09-29","Chitraksh","Adiga","Desai","F","1959-10-17","Visakhapatnam","629374","Visakhapatnam","Lakshadweep"
"PERF49183014","2015-12-15","Drona","Nehru","Tagore","F","1973-12-02","New Delhi","172031","New Delhi","Bihar"
"PERF23093015","2021-09-13","Bhaasvan","Bandopadhyay","Varman","M","2000-06-26","Mumbai","856247","Mumbai","Pondicherry"
"PERF25383016","2023-05-02","Chandramauli","Shukla","Desai","F","1994-09-30","Visakhapatnam","031206","Visakhapatnam","Dadar and Nagar Haveli"
"PERF60883017","2021-05-22","Girish","Shukla","Prajapat","M","1966-01-12","Hyderabad","675551","Hyderabad","Jharkhand"
"PERF67253018","2018-12-11","Trilochan","Shukla","Nair","F","1983-02-06","Chennai","338128","Chennai","Arunachal Pradesh"
"PERF79713019","2019-08-05","Trilok","Johar","Agarwal","M","1931-08-29","Thiruvananthapuram","830829","Thiruvananthapuram","Assam"
"PERF7123020","2022-01-10","Mahesh","Guneta","Bhattathiri","M","1945-02-20","Chennai","109218","Chennai","Rajasthan"
"PERF48093021","2020-09-06","Smita","Joshi","Gowda","M","1999-03-27","Bengaluru","248091","Bengaluru","Madya Pradesh"
"PERF96953022","2015-04-14","Manisha","Banerjee","Mukhopadhyay","M","2001-03-11","New Delhi","511436","New Delhi","Delhi"
"PERF29503023","2016-06-18","Dev","Rana","Chopra","F","2012-07-08","Chennai","184932","Chennai","Haryana"
"PERF64663024","2017-08-30","Manikya","Pothuvaal","Varrier","M","1980-01-28","Visakhapatnam","904946","Visakhapatnam","Chhattisgarh"
"PERF23713025","2021-06-25","Chitraksh","Khatri","Kakkar","M","1990-10-03","New Delhi","262491","New Delhi","Goa"
"PERF54893026","2017-04-12","Siddhran","Menon","Shah","F","1941-11-19","Mumbai","168780","Mumbai","West Bengal"
"PERF65733027","2022-07-03","Alok","Bandopadhyay","Mahajan","M","1944-03-11","New Delhi","588575","New Delhi","Manipur"
"PERF74143028","2024-01-09","Anunay","Guneta","Nayar","F","2001-04-02","New Delhi","555146","New Delhi","Lakshadweep"
"PERF77413029","2016-05-06","Deepankar","Gowda","Sethi","M","1970-04-28","Visakhapatnam","733291","Visakhapatnam","Jammu and Kashmir"
"PERF52753030","2021-05-21","Vaijayanti","Joshi","Kapoor","M","1940-07-29","Bengaluru","505598","Bengaluru","Sikkim"
"PERF43623031","2023-12-22","Shanti","Menon","Singh","M","2006-03-07","Mumbai","822627","Mumbai","Uttaranchal"
"PERF48843032","2023-04-11","Gauraang","Chaturvedi","Gupta","F","1972-01-13","Bengaluru","132067","Bengaluru","Orissa"
"PERF65153033","2022-09-01","Abhaya","Bhat","Pillai","F","1965-04-18","Thiruvananthapuram","175951","Thiruvananthapuram","Assam"
"PERF6553034","2023-04-27","Indra","Mehra","Bhattathiri","F","1954-01-11","New Delhi","567098","New Delhi","Chhattisgarh"
"PERF48493035","2018-12-20","Swarnalata","Nambeesan","Kapoor","F","1931-08-25","Thiruvananthapuram","819818","Thiruvananthapuram","Pondicherry"
"PERF96143036","2020-05-27","Devagya","Agarwal","Butt","F","2001-08-19","Mumbai","596083","Mumbai","Chhattisgarh"
"PERF72493037","2019-08-14","Deepali","Dutta","Varma","M","1998-09-16","New Delhi","275997","New Delhi","Assam"
"PERF63183038","2016-06-01","Urmila","Tagore","Pothuvaal","F","2005-04-28","Hyderabad","468205","Hyderabad","Lakshadweep"
"PERF10153039","2023-12-26","Bankimchandra","Varma","Talwar","F","1965-05-27","New Delhi","126918","New Delhi","Karnataka"
"PERF55773040","2014-08-18","Gandharv","Joshi","Tagore","M","1967-05-16","Chennai","103695","Chennai","Dadar and Nagar Haveli"
"PERF27733041","2019-02-11","Nagabhushanam","Kakkar","Shah","M","2012-08-01","Bengaluru","300880","Bengaluru","Andhra Pradesh"
"PERF18393042","2024-04-25","Anish","Mahajan","Kaul","M","1941-05-30","Hyderabad","080817","Hyderabad","Tamil Nadu"
"PERF12043043","2015-02-18","Gudakesa","Jha","Bhattathiri","M","1943-12-03","Visakhapatnam","739221","Visakhapatnam","Jharkhand"
"PERF89233044","2022-05-31","Somnath","Bandopadhyay","Trivedi","F","2024-01-09","Visakhapatnam","618178","Visakhapatnam","Tripura"
"PERF53143045","2017-04-08","Pushti","Jain","Namboothiri","M","1934-11-22","Hyderabad","690225","Hyderabad","Tamil Nadu"
"PERF16723046","2017-05-09","Aaratrika","Johar","Nair","F","1977-10-18","Thiruvananthapuram","379127","Thiruvananthapuram","Meghalaya"
"PERF58413047","2018-06-02","Deeksha","Panicker","Kaniyar","M","2009-12-13","Visakhapatnam","309493","Visakhapatnam","Chhattisgarh"
"PERF12753048","2018-03-30","Minakshi","Mehrotra","Embranthiri","M","2005-07-13","Visakhapatnam","982667","Visakhapatnam","Andhra Pradesh"
"PERF98643049","2017-12-11","Akshaj","Joshi","Gupta","M","1981-04-02","Mumbai","582597","Mumbai","Andaman and Nicobar Islands"
"PERF91713050","2020-10-08","Rohana","Acharya","Dwivedi","M","1965-09-25","Mumbai","764357","Mumbai","Assam"
"PERF4753051","2019-04-04","Bhaanumati","Namboothiri","Saini","F","1943-02-15","Kolkata","745028","Kolkata","Lakshadweep"
"PERF85483052","2016-12-25","Yogendra","Deshpande","Prajapat","F","1945-12-22","Chennai","879503","Chennai","Chhattisgarh"
"PERF15973053","2015-08-31","Deepesh","Tagore","Ganaka","M","1946-01-14","Chennai","958504","Chennai","Tamil Nadu"
"PERF42673054","2018-04-08","Mayoor","Shukla","Shah","F","1931-09-22","Bengaluru","555225","Bengaluru","Karnataka"
"PERF51663055","2016-01-19","Jaimini","Dhawan","Dhawan","M","1973-05-31","Mumbai","776619","Mumbai","West Bengal"
"PERF60193056","2014-09-19","Elakshi","Kocchar","Butt","M","1993-01-16","Chennai","495897","Chennai","Gujarat"
"PERF71603057","2022-06-16","Ananta","Bhattathiri","Patil","M","2024-03-20","New Delhi","989005","New Delhi","Jharkhand"
"PERF23013058","2016-06-09","Bhaanumati","Jha","Desai","F","2015-04-24","Kolkata","976269","Kolkata","Madya Pradesh"
"PERF14513059","2014-05-14","Swarnalata","Varrier","Devar","M","2005-03-29","Visakhapatnam","628664","Visakhapatnam","Mizoram"
"PERF31253060","2016-08-07","Saroja","Naik","Jha","M","2022-08-10","New Delhi","965259","New Delhi","Arunachal Pradesh"
"PERF4493061","2014-08-24","Dhanalakshmi","Mehra","Namboothiri","M","2014-04-22","Chennai","947381","Chennai","Arunachal Pradesh"
"PERF73363062","2022-06-14","Dayaanidhi","Dhawan","Varma","M","1968-03-03","Chennai","045363","Chennai","Karnataka"
"PERF77803063","2014-03-19","Sudeva","Mahajan","Johar","F","1997-01-14","Mumbai","370228","Mumbai","Arunachal Pradesh"
"PERF56583064","2017-07-25","Rageshwari","Tagore","Iyengar","F","1955-02-10","Kolkata","093639","Kolkata","Kerala"
"PERF47563065","2016-04-24","Bhagavaan","Mishra","Chopra","M","1935-12-07","Chennai","173031","Chennai","Karnataka"
"PERF99493066","2024-04-17","Avani","Nair","Dubashi","F","2020-08-16","Bengaluru","731881","Bengaluru","Daman and Diu"
"PERF77723067","2020-11-06","Meghnad","Kakkar","Dhawan","F","1997-01-22","Chennai","321921","Chennai","Bihar"
"PERF39733068","2020-09-03","Rudra","Jain","Sinha","F","2007-03-26","Kolkata","556795","Kolkata","Andaman and Nicobar Islands"
"PERF41233069","2015-04-22","Ekaling","Varrier","Ahluwalia","M","2017-04-17","New Delhi","649286","New Delhi","Orissa"
"PERF61443070","2022-07-04","Akshainie","Chattopadhyay","Dhawan","F","1978-02-24","Thiruvananthapuram","585947","Thiruvananthapuram","Tamil Nadu"
"PERF32723071","2016-08-07","Apsara","Varman","Singh","M","1999-08-11","Visakhapatnam","115742","Visakhapatnam","Chhattisgarh"
"PERF81713072","2024-05-11","Anshula","Kaniyar","Trivedi","F","1964-06-16","Visakhapatnam","287929","Visakhapatnam","Rajasthan"
"PERF64073073","2018-09-22","Ramesh","Mukhopadhyay","Dubashi","F","1948-06-20","Kolkata","197149","Kolkata","Jharkhand"
"PERF48863074","2018-10-24","Aayushmaan","Pilla","Khanna","F","2012-04-28","Kolkata","851072","Kolkata","Kerala"
"PERF54733075","2015-08-16","Shwet","Tagore","Dwivedi","F","1939-04-19","Hyderabad","238311","Hyderabad","Jammu and Kashmir"
"PERF92003076","2022-09-17","Gajadhar","Mehrotra","Ganaka","F","1955-07-09","Thiruvananthapuram","406239","Thiruvananthapuram","Karnataka"
"PERF98813077","2016-10-25","Akula","Guha","Pillai","F","1952-10-11","Chennai","278763","Chennai","Karnataka"
"PERF41023078","2019-04-26","Agastya","Khanna","Johar","M","1971-11-24","Mumbai","075364","Mumbai","Punjab"
"PERF10723079","2014-05-23","Aatmaj","Kaul","Varman","F","1962-06-03","New Delhi","534803","New Delhi","Assam"
"PERF60783080","2022-01-19","Anish","Kapoor","Kocchar","M","1940-05-02","Hyderabad","699662","Hyderabad","Madya Pradesh"
"PERF56653081","2016-10-20","Chaten","Ganaka","Adiga","F","1964-06-03","Thiruvananthapuram","862182","Thiruvananthapuram","Tamil Nadu"
"PERF73383082","2017-04-18","Urmila","Malik","Ahuja","M","1998-09-02","Chennai","401064","Chennai","Assam"
"PERF95053083","2017-03-25","Bhooshit","Gandhi","Acharya","F","1947-06-15","Hyderabad","628088","Hyderabad","Punjab"
"PERF71663084","2017-09-28","Anala","Trivedi","Desai","F","2007-03-21","New Delhi","394648","New Delhi","Goa"
"PERF73085","2022-04-24","Digambara","Ganaka","Shah","M","1946-01-18","Kolkata","028700","Kolkata","Uttar Pradesh"
"PERF4753086","2022-02-20","Chanakya","Kaniyar","Bhat","M","2013-05-25","Bengaluru","249645","Bengaluru","Andaman and Nicobar Islands"
"PERF64493087","2015-06-07","Bhushan","Naik","Menon","M","1951-04-15","Mumbai","132480","Mumbai","Maharashtra"
"PERF31973088","2014-11-23","Bhramar","Pothuvaal","Sinha","M","2019-03-29","Chennai","367951","Chennai","Gujarat"
"PERF80313089","2021-05-04","Bhadrak","Singh","Rana","M","1974-05-21","Kolkata","566828","Kolkata","Lakshadweep"
"PERF81203090","2019-06-04","Leela","Johar","Bhattacharya","M","1945-12-03","Hyderabad","647179","Hyderabad","Daman and Diu"
"PERF88973091","2020-12-15","Swapnil","Kaniyar","Gupta","F","2011-04-08","Chennai","621659","Chennai","Mizoram"
"PERF83293092","2018-01-29","Ekaling","Ahluwalia","Tandon","M","1985-04-05","New Delhi","333590","New Delhi","Uttar Pradesh"
"PERF49313093","2018-02-03","Durgeshwari","Nambeesan","Bhattacharya","M","1975-06-20","New Delhi","699785","New Delhi","Pondicherry"
"PERF51203094","2021-06-12","Rita","Acharya","Varma","F","2003-07-29","Visakhapatnam","004476","Visakhapatnam","Jharkhand"
"PERF37773095","2021-07-03","Chandra","Asan","Marar","M","1935-08-09","New Delhi","335915","New Delhi","Uttaranchal"
"PERF59223096","2021-12-27","Garuda","Sinha","Namboothiri","F","1967-08-21","Mumbai","507226","Mumbai","Andhra Pradesh"
"PERF46693097","2014-11-03","Jagmeet","Sinha","Kaniyar","F","2008-08-14","Visakhapatnam","299644","Visakhapatnam","Bihar"
"PERF20043098","2014-05-28","Gautam","Abbott","Chattopadhyay","M","2008-06-06","Mumbai","408990","Mumbai","Kerala"
"PERF95583099","2022-10-09","Malati","Sharma","Arora","M","1998-06-11","Kolkata","934061","Kolkata","Himachal Pradesh"
"PERF56913100","2017-03-25","Kamalesh","Gandhi","Chaturvedi","F","2021-09-04","Kolkata","835812","Kolkata","Kerala"
"PERF42033101","2021-03-26","Dharitri","Pandey","Nehru","M","1988-08-16","Thiruvananthapuram","461757","Thiruvananthapuram","Rajasthan"
"PERF19913102","2015-04-23","Bhramar","Gupta","Sethi","F","1964-03-16","Thiruvananthapuram","387860","Thiruvananthapuram","Manipur"
"PERF97333103","2017-10-26","Ajeet","Tagore","Jain","M","2005-04-30","Chennai","094917","Chennai","Uttar Pradesh"
"PERF95753104","2014-12-11","Anjaneya","Mehrotra","Rana","M","2018-01-12","Visakhapatnam","934010","Visakhapatnam","Chandigarh"
"PERF51783105","2016-10-19","Aaditya","Ahuja","Desai","F","2015-03-28","Thiruvananthapuram","726808","Thiruvananthapuram","Uttar Pradesh"
"PERF51023106","2014-06-04","Giri","Rana","Gandhi","F","1991-12-18","Thiruvananthapuram","437676","Thiruvananthapuram","Kerala"
"PERF23263107","2017-05-02","Swarnalata","Trivedi","Shah","F","1984-02-15","Kolkata","680163","Kolkata","Maharashtra"
"PERF98523108","2018-09-11","Aashritha","Bhattathiri","Somayaji","M","1995-03-28","Visakhapatnam","664362","Visakhapatnam","Punjab"
"PERF62683109","2024-05-03","Dinkar","Patil","Talwar","F","1966-10-16","Mumbai","272867","Mumbai","Sikkim"
"PERF84013110","2023-12-28","Bhooshit","Dwivedi","Saini","F","1977-06-24","Visakhapatnam","791434","Visakhapatnam","Punjab"
"PERF96353111","2016-05-07","Achyut","Bharadwaj","Nehru","F","2006-12-21","Thiruvananthapuram","733641","Thiruvananthapuram","Uttar Pradesh"
"PERF83233112","2017-01-03","Vidya","Tandon","Iyengar","F","1959-09-29","Bengaluru","687799","Bengaluru","Assam"
"PERF40523113","2015-01-24","Asha","Varrier","Rana","F","1966-07-06","Thiruvananthapuram","714753","Thiruvananthapuram","Tamil Nadu"
"PERF5043114","2020-04-17","Narendra","Pothuvaal","Banerjee","F","1985-05-17","Thiruvananthapuram","453272","Thiruvananthapuram","Andaman and Nicobar Islands"
"PERF88233115","2020-11-01","Hiranmaya","Abbott","Menon","M","1960-05-29","New Delhi","692717","New Delhi","Jharkhand"
"PERF88553116","2014-09-18","Chakor","Adiga","Chaturvedi","M","1992-05-05","New Delhi","469344","New Delhi","West Bengal"
"PERF91573117","2020-11-03","Bandhu","Arora","Varrier","F","1931-11-05","Hyderabad","620841","Hyderabad","Andaman and Nicobar Islands"
"PERF84643118","2016-09-18","Devvrat","Khanna","Guneta","F","2003-11-17","New Delhi","442062","New Delhi","Uttar Pradesh"
"PERF2083119","2016-02-08","Rohana","Mehra","Bhat","M","1944-03-23","Chennai","388384","Chennai","Uttaranchal"
"PERF80823120","2019-02-07","Bhupati","Patil","Arora","F","1981-10-02","Visakhapatnam","359719","Visakhapatnam","Lakshadweep"
"PERF27423121","2023-09-22","Ekaparnika","Patel","Johar","F","1969-08-31","Kolkata","653659","Kolkata","Kerala"
"PERF31883122","2023-05-16","Anagh","Sinha","Gowda","F","1977-11-08","Kolkata","007651","Kolkata","Nagaland"
"PERF2213123","2023-02-05","Damodara","Menon","Adiga","M","1959-12-04","New Delhi","270504","New Delhi","Kerala"
"PERF42763124","2014-11-22","Tanirika","Nayar","Verma","F","1997-02-05","Thiruvananthapuram","507477","Thiruvananthapuram","Andaman and Nicobar Islands"
"PERF56653125","2020-09-11","Anala","Chaturvedi","Ganaka","F","1955-05-30","Mumbai","133057","Mumbai","Pondicherry"
"PERF3413126","2023-01-06","Rohan","Ahluwalia","Khatri","F","2018-11-28","Visakhapatnam","706000","Visakhapatnam","Meghalaya"
"PERF67693127","2015-05-22","Akshayakeerti","Gupta","Dutta","M","1998-11-16","Kolkata","328064","Kolkata","Dadar and Nagar Haveli"
"PERF55333128","2016-03-08","Jagadisha","Pilla","Bandopadhyay","M","1947-01-15","Hyderabad","777702","Hyderabad","West Bengal"
"PERF94563129","2020-04-29","Mukul","Bhattacharya","Pillai","F","1935-07-16","Kolkata","155323","Kolkata","Karnataka"
"PERF57793130","2018-11-11","Trilok","Guneta","Sharma","F","1943-07-12","Thiruvananthapuram","467961","Thiruvananthapuram","Andhra Pradesh"
"PERF95353131","2016-05-29","Adityanandan","Khan","Kaur","F","1974-09-13","Kolkata","315722","Kolkata","Andaman and Nicobar Islands"
"PERF46383132","2020-05-09","Anang","Dutta","Dwivedi","F","1989-08-22","Mumbai","219518","Mumbai","Rajasthan"
"PERF69763133","2024-07-15","Chaanakya","Tandon","Chopra","M","2010-05-30","Kolkata","940818","Kolkata","Chhattisgarh"
"PERF64653134","2023-07-09","Chandini","Asan","Nair","F","2003-07-24","Mumbai","901901","Mumbai","Rajasthan"
"PERF80613135","2020-02-04","Anusuya","Nayar","Agarwal","F","1958-08-18","Chennai","027129","Chennai","Jammu and Kashmir"
"PERF27493136","2019-03-04","Chanda","Somayaji","Banerjee","M","1970-11-16","Chennai","371046","Chennai","Lakshadweep"
"PERF39193137","2021-09-24","Laal","Nambeesan","Saini","M","1956-10-31","Mumbai","360891","Mumbai","Jammu and Kashmir"
"PERF70783138","2019-03-02","Chetanaanand","Kaur","Verma","F","2006-07-02","Hyderabad","342889","Hyderabad","Sikkim"
"PERF70583139","2020-10-25","Rageswari","Mehrotra","Guneta","F","1978-03-19","New Delhi","729357","New Delhi","Uttar Pradesh"
"PERF40143140","2014-09-26","Charumati","Mishra","Somayaji","M","1953-12-08","Mumbai","253095","Mumbai","Tripura"
"PERF38863141","2015-11-13","Gayatri","Ganaka","Deshpande","F","2012-05-03","Mumbai","589595","Mumbai","Maharashtra"
"PERF29193142","2020-11-09","Madhuri","Rana","Ahluwalia","M","1948-07-14","Mumbai","966877","Mumbai","Assam"
"PERF84083143","2022-11-20","Acharyanandana","Mehrotra","Gill","F","2010-04-14","Bengaluru","044799","Bengaluru","Maharashtra"
"PERF95633144","2024-04-21","Kumari","Iyengar","Nehru","F","1998-11-13","New Delhi","164589","New Delhi","Goa"
"PERF45913145","2021-09-28","Amaranaath","Mehra","Khatri","F","1975-01-21","Thiruvananthapuram","740488","Thiruvananthapuram","Andhra Pradesh"
"PERF2713146","2023-08-27","Priyala","Mehra","Kaul","F","2008-09-27","Hyderabad","496931","Hyderabad","Dadar and Nagar Haveli"
"PERF51633147","2019-10-28","Prasad","Sinha","Guneta","M","1989-06-21","Chennai","584417","Chennai","Gujarat"
"PERF23653148","2017-03-01","Shanti","Butt","Mukhopadhyay","M","1942-04-26","Visakhapatnam","207411","Visakhapatnam","Manipur"
"PERF21043149","2018-07-07","Nalini","Pothuvaal","Iyengar","M","1973-03-25","Mumbai","421115","Mumbai","Karnataka"
"PERF53043150","2017-03-07","Baidehi","Gupta","Butt","F","1972-10-07","New Delhi","434062","New Delhi","Jammu and Kashmir"
"PERF96893151","2015-03-31","Chakrika","Kakkar","Varman","M","1995-05-12","Thiruvananthapuram","107503","Thiruvananthapuram","Andhra Pradesh"
"PERF76813152","2014-09-30","Charuvrat","Kocchar","Bharadwaj","M","1931-02-07","Visakhapatnam","374420","Visakhapatnam","Nagaland"
"PERF3673153","2024-04-16","Baijayanti","Devar","Ganaka","M","2000-08-02","Visakhapatnam","244464","Visakhapatnam","Chhattisgarh"
"PERF92803154","2023-06-11","Manisha","Saini","Saini","F","2021-12-27","New Delhi","363534","New Delhi","Andaman and Nicobar Islands"
"PERF92013155","2017-03-16","Bhardwaj","Bhattathiri","Namboothiri","M","1952-09-21","Mumbai","298579","Mumbai","Uttaranchal"
"PERF8373156","2014-02-11","Harinarayan","Trivedi","Tagore","M","1990-11-05","Chennai","018396","Chennai","Assam"
"PERF9893157","2020-02-13","Bilva","Pothuvaal","Kapoor","M","1932-04-05","Visakhapatnam","734661","Visakhapatnam","Sikkim"
"PERF53333158","2020-07-03","Deeptiman","Devar","Chaturvedi","M","1980-12-05","Thiruvananthapuram","320915","Thiruvananthapuram","Jharkhand"
"PERF82603159","2018-02-02","Amish","Dhawan","Jain","M","2017-06-04","New Delhi","265544","New Delhi","Assam"
"PERF6333160","2019-07-09","Atreyee","Kaniyar","Asan","F","2022-08-20","Thiruvananthapuram","562587","Thiruvananthapuram","Bihar"
"PERF21403161","2016-02-14","Aatreya","Bharadwaj","Varrier","M","1940-05-06","Bengaluru","938290","Bengaluru","Goa"
"PERF45693162","2023-03-25","Devdan","Dutta","Iyer","F","1950-03-20","Visakhapatnam","317564","Visakhapatnam","Mizoram"
"PERF52233163","2021-09-21","Nalini","Patel","Sharma","M","1956-10-06","Hyderabad","044939","Hyderabad","Uttar Pradesh"
"PERF32003164","2023-10-15","Dhatri","Nambeesan","Dwivedi","M","2007-07-04","Chennai","058224","Chennai","Uttaranchal"
"PERF29223165","2015-05-29","Vishwamitra","Dhawan","Agarwal","F","1934-04-29","Hyderabad","949413","Hyderabad","Manipur"
"PERF55523166","2020-04-16","Girik","Nehru","Chattopadhyay","F","1940-06-03","Hyderabad","766931","Hyderabad","Haryana"
"PERF18403167","2020-03-31","Swara","Kocchar","Singh","M","1976-05-27","Thiruvananthapuram","403217","Thiruvananthapuram","Andaman and Nicobar Islands"
"PERF79653168","2021-05-04","Karunanidhi","Desai","Desai","M","1978-07-04","Bengaluru","314143","Bengaluru","Delhi"
"PERF83563169","2020-05-11","Karunanidhi","Khan","Patil","M","2002-07-14","New Delhi","467590","New Delhi","Jharkhand"
"PERF87023170","2022-02-10","Rajiv","Devar","Achari","F","2007-08-09","Kolkata","480843","Kolkata","Assam"
"PERF33653171","2021-06-18","Uma","Namboothiri","Dutta","M","2012-09-14","Kolkata","040208","Kolkata","Lakshadweep"
"PERF93023172","2019-06-08","Prema","Ahluwalia","Mukhopadhyay","F","1966-10-26","Mumbai","334946","Mumbai","Uttar Pradesh"
"PERF73563173","2019-11-19","Abhaya","Naik","Desai","F","1948-05-27","Bengaluru","210426","Bengaluru","Uttar Pradesh"
"PERF83623174","2023-11-26","Goswamee","Panicker","Mahajan","F","1956-01-15","Mumbai","966360","Mumbai","Orissa"
"PERF89773175","2022-06-17","Divakar","Sethi","Sinha","M","2001-08-28","Visakhapatnam","702546","Visakhapatnam","Kerala"
"PERF78283176","2015-12-24","Bhaumik","Trivedi","Mehrotra","M","2008-05-18","Chennai","450273","Chennai","Daman and Diu"
"PERF61003177","2020-09-09","Inder","Mehrotra","Dutta","F","1961-05-25","Visakhapatnam","123983","Visakhapatnam","Chhattisgarh"
"PERF77263178","2023-03-13","Marut","Achari","Nehru","F","2017-05-10","Kolkata","797077","Kolkata","Andaman and Nicobar Islands"
"PERF55193179","2016-03-10","Deeptimay","Chopra","Mehra","F","2009-06-07","Kolkata","898317","Kolkata","Maharashtra"
"PERF343180","2017-05-27","Suresh","Sharma","Khanna","M","1998-05-29","Mumbai","472691","Mumbai","Himachal Pradesh"
"PERF76173181","2020-09-30","Amrit","Chopra","Singh","M","1938-05-30","Bengaluru","918470","Bengaluru","Uttaranchal"
"PERF19733182","2016-07-26","Rageswari","Abbott","Prajapat","M","1933-02-18","Hyderabad","962899","Hyderabad","Manipur"
"PERF23973183","2015-12-07","Chitraksh","Kaniyar","Namboothiri","F","1969-10-02","New Delhi","728736","New Delhi","Dadar and Nagar Haveli"
"PERF54983184","2024-03-09","Girindra","Marar","Chattopadhyay","M","1937-07-20","Hyderabad","136694","Hyderabad","Madya Pradesh"
"PERF91933185","2021-07-18","Ananta","Mukhopadhyay","Nayar","M","2016-01-20","Chennai","064887","Chennai","Jammu and Kashmir"
"PERF19003186","2015-03-28","Yogendra","Naik","Shukla","F","1999-06-28","Thiruvananthapuram","717750","Thiruvananthapuram","Rajasthan"
"PERF89073187","2014-10-26","Priya","Trivedi","Ganaka","M","1934-10-05","Mumbai","852223","Mumbai","Punjab"
"PERF86523188","2015-10-19","Gitanjali","Iyengar","Jha","M","1950-09-26","Chennai","750535","Chennai","Gujarat"
"PERF7743189","2022-03-20","Goswami","Kaniyar","Bhattathiri","M","2008-05-13","Kolkata","609902","Kolkata","Madya Pradesh"
"PERF87063190","2014-07-07","Kamalesh","Kaul","Varma","M","1942-10-18","Bengaluru","383557","Bengaluru","Gujarat"
"PERF6833191","2015-09-23","Sher","Sinha","Sharma","M","1973-11-04","Kolkata","029415","Kolkata","Bihar"
"PERF55443192","2019-02-24","Chandradev","Kakkar","Tandon","F","2002-08-16","Visakhapatnam","532629","Visakhapatnam","Arunachal Pradesh"
"PERF3213193","2024-03-13","Gudakesha","Iyengar","Sinha","M","1993-03-18","Bengaluru","473189","Bengaluru","Madya Pradesh"
"PERF76883194","2022-10-27","Kalinda","Asan","Shah","F","2013-10-18","Kolkata","355085","Kolkata","Dadar and Nagar Haveli"
"PERF42553195","2015-02-25","Dharmaketu","Nehru","Panicker","F","1943-09-30","Kolkata","459358","Kolkata","West Bengal"
"PERF51993196","2022-05-07","Javas","Dubashi","Ahluwalia","M","1976-11-22","Mumbai","053090","Mumbai","Daman and Diu"
"PERF25053197","2016-01-29","Baidehi","Nambeesan","Singh","M","2020-02-18","Chennai","576317","Chennai","Tamil Nadu"
"PERF10433198","2020-10-06","Gangesh","Verma","Embranthiri","F","1940-02-18","New Delhi","295609","New Delhi","Tripura"
"PERF31503199","2014-12-11","Shubha","Sethi","Nair","F","1991-07-27","Mumbai","145657","Mumbai","Jammu and Kashmir"
"PERF16073200","2015-12-14","Yoginder","Nayar","Malik","F","2012-08-24","Thiruvananthapuram","098168","Thiruvananthapuram","Gujarat"
"PERF76583201","2017-02-16","Deepankar","Dubashi","Arora","F","1999-05-17","Chennai","153773","Chennai","Haryana"
"PERF6943202","2014-10-06","Daiwik","Mishra","Chopra","M","1971-12-29","Visakhapatnam","742329","Visakhapatnam","Chandigarh"
"PERF75193203","2020-12-02","Gorakhanatha","Iyengar","Nambeesan","M","1995-12-26","Hyderabad","349796","Hyderabad","Uttar Pradesh"
"PERF98763204","2019-11-12","Kailash","Kocchar","Somayaji","M","1942-09-19","Bengaluru","516720","Bengaluru","Andaman and Nicobar Islands"
"PERF33033205","2020-08-27","Anshula","Gandhi","Kaur","F","2012-11-04","Kolkata","836958","Kolkata","Lakshadweep"
"PERF60573206","2016-10-26","Chandrakin","Khanna","Butt","M","1995-10-15","New Delhi","558205","New Delhi","Uttaranchal"
"PERF97573207","2014-04-23","Dev","Kaul","Gill","M","1959-03-05","Kolkata","387888","Kolkata","West Bengal"
"PERF68643208","2019-11-28","Shresth","Kaur","Mahajan","M","1971-12-04","Visakhapatnam","072414","Visakhapatnam","Chhattisgarh"
"PERF22573209","2019-10-04","Gopi","Ahluwalia","Singh","M","1957-11-30","Visakhapatnam","339442","Visakhapatnam","Maharashtra"
"PERF51733210","2019-02-25","Omana","Namboothiri","Varman","F","2022-05-13","Hyderabad","936152","Hyderabad","Meghalaya"
"PERF54583211","2016-09-19","Adikavi","Mishra","Mehrotra","M","2013-12-19","Mumbai","041949","Mumbai","Delhi"
"PERF12213212","2019-08-20","Rukhmani","Trivedi","Khanna","M","1997-08-29","Visakhapatnam","233510","Visakhapatnam","Arunachal Pradesh"
"PERF28623213","2019-02-24","Akshayakeerti","Guha","Ahuja","F","1963-10-25","Mumbai","742919","Mumbai","Pondicherry"
"PERF66463214","2014-12-19","Uma","Mehrotra","Sinha","F","1931-08-31","Hyderabad","370121","Hyderabad","Mizoram"
"PERF27173215","2023-06-02","Kumari","Desai","Guneta","M","2001-05-30","Hyderabad","635709","Hyderabad","Uttaranchal"
"PERF47183216","2023-07-18","Chaturbhuj","Trivedi","Reddy","M","1965-04-08","Chennai","634021","Chennai","Tamil Nadu"
"PERF28363217","2017-11-24","Gautam","Acharya","Chattopadhyay","F","1953-10-02","Visakhapatnam","819070","Visakhapatnam","Gujarat"
"PERF70323218","2016-01-26","Devangana","Prajapat","Embranthiri","F","2003-11-09","Hyderabad","011433","Hyderabad","Arunachal Pradesh"
"PERF68773219","2018-03-16","Chandra","Kaniyar","Singh","F","1964-02-01","Visakhapatnam","888276","Visakhapatnam","Haryana"
"PERF93543220","2021-02-16","Chandrani","Bhat","Jha","F","2015-11-07","Visakhapatnam","883609","Visakhapatnam","Delhi"
"PERF42043221","2021-04-23","Dhanvin","Sharma","Mukhopadhyay","F","1969-06-23","Thiruvananthapuram","341866","Thiruvananthapuram","Jammu and Kashmir"
"PERF9553222","2015-06-17","Bandhul","Pillai","Bhattathiri","F","1949-09-26","Bengaluru","624308","Bengaluru","Dadar and Nagar Haveli"
"PERF14603223","2022-02-09","Swarnalata","Banerjee","Mahajan","M","1950-08-25","New Delhi","606147","New Delhi","Madya Pradesh"
"PERF27293224","2016-06-28","Bhoj","Dwivedi","Achari","M","2014-03-01","Bengaluru","692112","Bengaluru","Meghalaya"
"PERF8963225","2022-04-17","Sher","Varman","Desai","F","2023-12-20","Thiruvananthapuram","918168","Thiruvananthapuram","Punjab"
"PERF22403226","2014-04-18","Jagadish","Sinha","Pandey","M","2010-09-30","Mumbai","484196","Mumbai","Mizoram"
"PERF72053227","2016-12-27","Sudeva","Jha","Khanna","F","1991-12-18","New Delhi","217531","New Delhi","Sikkim"
"PERF11493228","2022-08-21","Bankimchandra","Naik","Kaniyar","F","2010-05-16","New Delhi","234570","New Delhi","Andhra Pradesh"
"PERF62053229","2021-05-20","Anjushree","Acharya","Saini","M","1998-08-09","Kolkata","830574","Kolkata","Meghalaya"
"PERF56423230","2023-12-02","Paramartha","Guneta","Mukhopadhyay","F","1951-02-18","Chennai","771211","Chennai","Gujarat"
"PERF42953231","2023-12-10","Chiranjeev","Varman","Khatri","F","1938-07-12","Mumbai","640361","Mumbai","Chhattisgarh"
"PERF92753232","2022-03-26","Chatura","Talwar","Menon","M","2013-05-30","New Delhi","789999","New Delhi","Dadar and Nagar Haveli"
"PERF60023233","2021-07-10","Ananda","Nair","Jha","F","1949-12-07","Visakhapatnam","570604","Visakhapatnam","Pondicherry"
"PERF59823234","2017-10-26","Kamala","Abbott","Sethi","F","2001-04-03","Visakhapatnam","306513","Visakhapatnam","Haryana"
"PERF34573235","2016-04-05","Digambar","Embranthiri","Joshi","F","1958-07-07","Chennai","857649","Chennai","Andhra Pradesh"
"PERF3613236","2014-09-26","Amrit","Bhattathiri","Agarwal","M","1976-12-14","Mumbai","083465","Mumbai","Madya Pradesh"
"PERF26403237","2014-07-16","Satish","Deshpande","Pillai","F","1933-01-07","Hyderabad","662711","Hyderabad","Jammu and Kashmir"
"PERF36203238","2018-11-07","Aishani","Mishra","Iyengar","F","1930-10-16","Chennai","625934","Chennai","Maharashtra"
"PERF99803239","2020-10-25","Kannen","Pandey","Chopra","M","1981-05-01","New Delhi","806125","New Delhi","Rajasthan"
"PERF79023240","2018-01-10","Ananda","Malik","Pandey","F","1936-06-05","Chennai","174930","Chennai","Pondicherry"
"PERF243241","2021-03-05","Sitara","Pothuvaal","Khan","F","1937-05-08","Bengaluru","940807","Bengaluru","Manipur"
"PERF33643242","2023-12-24","Anunay","Kakkar","Ganaka","M","1983-01-26","Thiruvananthapuram","575405","Thiruvananthapuram","Orissa"
"PERF28203243","2014-03-07","Purushottam","Chopra","Gill","M","1960-05-13","Thiruvananthapuram","956544","Thiruvananthapuram","Meghalaya"
"PERF57173244","2015-04-25","Chandrani","Agarwal","Mehrotra","M","1931-08-03","Hyderabad","117762","Hyderabad","Orissa"
"PERF25453245","2024-05-28","Bhushit","Naik","Butt","M","1936-08-15","Thiruvananthapuram","506629","Thiruvananthapuram","Delhi"
"PERF44433246","2018-04-03","Kartik","Joshi","Trivedi","F","2005-11-23","Thiruvananthapuram","740503","Thiruvananthapuram","Lakshadweep"
"PERF99123247","2023-12-14","Dhanapati","Mishra","Mehra","M","1975-01-29","Thiruvananthapuram","679137","Thiruvananthapuram","Lakshadweep"
"PERF78353248","2018-07-21","Dharani","Verma","Trivedi","M","1974-08-28","Bengaluru","985205","Bengaluru","Sikkim"
"PERF82083249","2020-07-13","Dakshayani","Mehra","Mahajan","F","1942-06-21","New Delhi","267541","New Delhi","Sikkim"
"PERF42123250","2016-04-15","Deveshwar","Iyengar","Nehru","M","2004-04-11","Thiruvananthapuram","725445","Thiruvananthapuram","Uttar Pradesh"
"PERF83583251","2021-07-08","Siddhran","Kaul","Bhattacharya","F","1983-11-10","Visakhapatnam","161260","Visakhapatnam","Daman and Diu"
"PERF39973252","2017-05-04","Ramaa","Bharadwaj","Pothuvaal","M","1940-05-08","Visakhapatnam","694499","Visakhapatnam","Bihar"
"PERF10393253","2015-07-10","Deb","Gupta","Devar","M","1996-09-17","Mumbai","183533","Mumbai","Andhra Pradesh"
"PERF91043254","2017-10-14","Ajit","Varman","Mahajan","F","1930-10-26","Thiruvananthapuram","035068","Thiruvananthapuram","Goa"
"PERF69123255","2016-07-21","Bishnu","Embranthiri","Guneta","M","1935-06-19","Chennai","301841","Chennai","Chhattisgarh"
"PERF65083256","2023-02-02","Gorakhanatha","Jain","Deshpande","F","1957-10-24","Visakhapatnam","197076","Visakhapatnam","Manipur"
"PERF29833257","2019-03-13","Aryan","Malik","Banerjee","F","1943-08-10","Thiruvananthapuram","542903","Thiruvananthapuram","Jharkhand"
"PERF12153258","2021-04-27","Eshana","Namboothiri","Iyer","M","1956-09-27","Bengaluru","284760","Bengaluru","Punjab"
"PERF30993259","2016-03-18","Kama","Reddy","Shukla","F","2022-06-17","Chennai","584165","Chennai","Orissa"
"PERF53533260","2022-07-02","Annapurna","Kaul","Nambeesan","M","2001-06-09","Thiruvananthapuram","587958","Thiruvananthapuram","Gujarat"
"PERF35743261","2022-09-20","Baladitya","Namboothiri","Patil","M","2018-12-22","Kolkata","860806","Kolkata","Madya Pradesh"
"PERF18133262","2021-05-12","Bhaanumati","Pillai","Varma","F","1938-05-06","Kolkata","962358","Kolkata","Assam"
"PERF12593263","2018-12-13","Ritesh","Kakkar","Nambeesan","M","1964-10-18","Bengaluru","481525","Bengaluru","Punjab"
"PERF81703264","2021-08-16","Devasree","Mukhopadhyay","Deshpande","F","1930-04-12","Visakhapatnam","090164","Visakhapatnam","Dadar and Nagar Haveli"
"PERF68113265","2023-05-13","Niro","Sharma","Panicker","M","2006-08-16","Visakhapatnam","271101","Visakhapatnam","Rajasthan"
"PERF74143266","2018-09-19","Gorakhanatha","Pilla","Kocchar","F","1935-08-05","Chennai","928423","Chennai","Tripura"
"PERF87773267","2018-01-11","Bankimchandra","Sethi","Pandey","M","1993-05-18","Hyderabad","195654","Hyderabad","Manipur"
"PERF24353268","2023-08-22","Birjesh","Saini","Bandopadhyay","F","1938-11-15","Kolkata","833867","Kolkata","Jharkhand"
"PERF9333269","2022-12-09","Eekalabya","Gupta","Khan","F","1975-04-25","Mumbai","218237","Mumbai","Andhra Pradesh"
"PERF23473270","2019-06-28","Nikita","Shah","Bharadwaj","F","1961-03-31","Hyderabad","316028","Hyderabad","Manipur"
"PERF17583271","2017-05-09","Karan","Malik","Nayar","M","1990-04-13","Hyderabad","147064","Hyderabad","Rajasthan"
"PERF88303272","2015-10-05","Kartik","Mishra","Bhattathiri","F","1987-09-10","Hyderabad","999056","Hyderabad","Mizoram"
"PERF53203273","2017-05-01","Vasanti","Agarwal","Khanna","F","1983-04-02","Visakhapatnam","104819","Visakhapatnam","Mizoram"
"PERF4593274","2023-10-16","Manikya","Mukhopadhyay","Guneta","F","2004-07-13","Thiruvananthapuram","202558","Thiruvananthapuram","Himachal Pradesh"
"PERF78613275","2018-02-27","Deeksha","Varman","Bhattathiri","F","1968-08-10","Mumbai","412928","Mumbai","Jammu and Kashmir"
"PERF9003276","2018-04-14","Opalina","Gupta","Varma","F","1952-01-24","Chennai","218133","Chennai","Madya Pradesh"
"PERF15293277","2020-04-12","Brijesh","Guneta","Trivedi","F","1954-02-16","Mumbai","610907","Mumbai","Madya Pradesh"
"PERF98443278","2022-12-18","Bharadwaj","Chattopadhyay","Shah","F","1968-08-27","Bengaluru","408066","Bengaluru","Madya Pradesh"
"PERF89263279","2016-03-19","Anshula","Ahuja","Sharma","F","1931-11-28","Mumbai","129990","Mumbai","Andhra Pradesh"
"PERF16673280","2016-10-15","Damodara","Embranthiri","Dhawan","M","2018-01-23","Thiruvananthapuram","238086","Thiruvananthapuram","Goa"
"PERF88613281","2023-04-25","Govinda","Nayar","Marar","F","1932-03-20","Bengaluru","893503","Bengaluru","Jammu and Kashmir"
"PERF24003282","2015-03-05","Daevi","Jha","Nambeesan","F","1985-07-11","Chennai","889276","Chennai","Jharkhand"
"PERF14143283","2014-12-01","Draupadi","Achari","Panicker","M","1944-05-02","Kolkata","622822","Kolkata","Arunachal Pradesh"
"PERF79433284","2023-10-11","Mandakini","Iyengar","Chopra","F","2016-03-08","Bengaluru","082233","Bengaluru","Karnataka"
"PERF75673285","2017-02-04","Samir","Guha","Agarwal","M","1972-02-24","Chennai","967076","Chennai","Andhra Pradesh"
"PERF87373286","2014-06-09","Anand","Dwivedi","Mukhopadhyay","F","1983-09-28","Chennai","011099","Chennai","Orissa"
"PERF16643287","2021-07-10","Adikavi","Pilla","Agarwal","M","2010-12-10","Mumbai","528423","Mumbai","Kerala"
"PERF40333288","2024-04-09","Ajeet","Varma","Mishra","F","1980-03-04","Hyderabad","915908","Hyderabad","Punjab"
"PERF63603289","2018-08-04","Mangala","Chattopadhyay","Nehru","M","1994-10-26","Bengaluru","658055","Bengaluru","Gujarat"
"PERF25023290","2017-11-25","Bhavani","Tagore","Singh","M","1962-01-23","Kolkata","274977","Kolkata","Sikkim"
"PERF13603291","2024-03-21","Chandrakin","Kocchar","Reddy","M","2014-07-07","Hyderabad","055004","Hyderabad","Bihar"
"PERF20353292","2019-10-04","Ramaa","Kocchar","Desai","M","1935-08-11","Bengaluru","105734","Bengaluru","Uttaranchal"
"PERF41493293","2020-07-29","Madhuri","Ahuja","Mukhopadhyay","F","1982-12-21","New Delhi","487788","New Delhi","Rajasthan"
"PERF41163294","2023-12-09","Dharmaketu","Patel","Shukla","F","2017-10-21","Bengaluru","427117","Bengaluru","Delhi"
"PERF99633295","2022-09-12","Aruna","Verma","Khan","M","2006-11-14","Bengaluru","304848","Bengaluru","Assam"
"PERF48503296","2018-12-27","Jyotis","Kakkar","Butt","F","1947-03-04","Hyderabad","197154","Hyderabad","Chandigarh"
"PERF7403297","2015-10-07","Somu","Gupta","Acharya","M","1946-07-31","New Delhi","900083","New Delhi","Bihar"
"PERF71993298","2014-12-17","Adinath","Kaniyar","Mahajan","M","1966-12-21","Thiruvananthapuram","740108","Thiruvananthapuram","Kerala"
"PERF16573299","2023-01-03","Upendra","Varman","Desai","F","2005-09-06","Visakhapatnam","245615","Visakhapatnam","Assam"
"PERF15243300","2014-09-04","Smriti","Joshi","Dutta","F","1966-10-24","Hyderabad","547634","Hyderabad","Dadar and Nagar Haveli"
"PERF61683301","2024-04-04","Aanand","Butt","Mukhopadhyay","F","1981-09-27","Visakhapatnam","914894","Visakhapatnam","Chandigarh"
"PERF91663302","2016-03-08","Dwaipayana","Singh","Banerjee","M","1947-03-11","New Delhi","140013","New Delhi","Sikkim"
"PERF41313303","2018-08-23","Ashlesh","Pillai","Nayar","M","1933-12-09","Visakhapatnam","361775","Visakhapatnam","Kerala"
"PERF96803304","2019-05-27","Brahmdev","Varrier","Kaur","F","2017-09-28","Bengaluru","497401","Bengaluru","Jammu and Kashmir"
"PERF13773305","2015-08-23","Giriraaj","Khan","Jha","M","1982-08-08","Visakhapatnam","963044","Visakhapatnam","Maharashtra"
"PERF10833306","2020-06-21","Gayatri","Mishra","Talwar","M","1938-03-10","Chennai","141433","Chennai","Himachal Pradesh"
"PERF78303307","2023-12-08","Arjun","Kaniyar","Tandon","F","1960-09-02","Chennai","688638","Chennai","Jharkhand"
"PERF60183308","2023-02-26","Bhushit","Talwar","Trivedi","F","1968-03-21","Kolkata","795084","Kolkata","Goa"
"PERF21503309","2014-09-26","Abhaya","Bharadwaj","Mehra","F","1953-07-04","Kolkata","535586","Kolkata","Tripura"
"PERF90733310","2023-11-23","Dandak","Acharya","Ahluwalia","F","1986-11-29","New Delhi","987147","New Delhi","Gujarat"
"PERF47993311","2020-10-29","Aagam","Kakkar","Gupta","M","2014-04-11","Visakhapatnam","207579","Visakhapatnam","Karnataka"
"PERF32683312","2021-08-25","Achyut","Nayar","Pilla","M","1974-01-14","Chennai","048246","Chennai","Daman and Diu"
"PERF38363313","2019-12-15","Dinakar","Kocchar","Trivedi","F","2012-09-21","Bengaluru","824684","Bengaluru","Punjab"
"PERF85253314","2022-02-21","Vaijayanthi","Jain","Somayaji","M","1967-01-03","New Delhi","497758","New Delhi","Maharashtra"
"PERF47013315","2017-02-15","Deeksha","Sharma","Jain","F","1973-03-06","Visakhapatnam","674084","Visakhapatnam","Assam"
"PERF55743316","2014-07-26","Chandraswaroopa","Bhattathiri","Chattopadhyay","M","1965-06-04","Kolkata","124299","Kolkata","Tripura"
"PERF69883317","2020-10-08","Anamika","Mehrotra","Agarwal","F","2022-09-04","Visakhapatnam","274318","Visakhapatnam","Dadar and Nagar Haveli"
"PERF41103318","2018-02-22","Shreya","Asan","Menon","F","1950-01-30","Bengaluru","127630","Bengaluru","West Bengal"
"PERF26113319","2016-06-04","Trilochana","Khanna","Pothuvaal","F","1982-05-16","Chennai","725375","Chennai","Jammu and Kashmir"
"PERF79923320","2017-11-08","Deven","Guneta","Bhat","F","1949-08-30","New Delhi","191849","New Delhi","Punjab"
"PERF25613321","2022-03-20","Trilokanath","Mishra","Iyer","M","1984-02-17","Visakhapatnam","959858","Visakhapatnam","Meghalaya"
"PERF88063322","2015-06-13","Nagabhushanam","Agarwal","Banerjee","F","1963-09-17","Bengaluru","069535","Bengaluru","Kerala"
"PERF27883323","2018-06-15","Yoginder","Deshpande","Prajapat","F","2003-06-26","Bengaluru","290067","Bengaluru","Lakshadweep"
"PERF79153324","2022-08-27","Garuda","Abbott","Varman","F","2007-01-08","New Delhi","625133","New Delhi","Bihar"
"PERF883325","2020-10-19","Aruna","Menon","Butt","F","1970-02-06","New Delhi","154435","New Delhi","West Bengal"
"PERF8233326","2021-05-17","Rameshwar","Sharma","Singh","M","1964-03-19","Hyderabad","187548","Hyderabad","Goa"
"PERF24853327","2018-08-14","Archan","Chopra","Namboothiri","F","2012-07-15","Mumbai","714900","Mumbai","Dadar and Nagar Haveli"
"PERF93173328","2021-07-10","Balamani","Guha","Tagore","M","1955-01-14","New Delhi","568906","New Delhi","Haryana"
"PERF63353329","2023-08-05","Bakula","Kakkar","Adiga","M","1945-01-30","Thiruvananthapuram","924774","Thiruvananthapuram","Rajasthan"
"PERF81993330","2018-09-16","Kin","Devar","Talwar","F","1979-07-13","Visakhapatnam","640684","Visakhapatnam","Kerala"
"PERF23193331","2015-04-10","Rukhmani","Shah","Jha","F","1988-04-04","Thiruvananthapuram","448666","Thiruvananthapuram","Kerala"
"PERF69703332","2015-08-27","Akula","Menon","Namboothiri","M","1951-08-16","Chennai","603886","Chennai","Meghalaya"
"PERF55283333","2021-02-04","Paramartha","Guneta","Reddy","M","2019-09-23","Thiruvananthapuram","045759","Thiruvananthapuram","Gujarat"
"PERF40933334","2014-04-18","Chiranjeeve","Gandhi","Dutta","M","1930-09-13","Mumbai","297537","Mumbai","Karnataka"
"PERF96593335","2019-04-15","Karunanidhi","Mehra","Johar","F","2014-09-08","New Delhi","278822","New Delhi","Uttar Pradesh"
"PERF44363336","2017-06-17","Vishnu","Nair","Deshpande","M","1995-04-07","Thiruvananthapuram","698172","Thiruvananthapuram","Uttaranchal"
"PERF53003337","2015-07-31","Devvrat","Kaul","Butt","M","2014-08-20","New Delhi","185184","New Delhi","Mizoram"
"PERF16983338","2019-12-30","Eekalabya","Dwivedi","Nehru","F","1958-12-29","New Delhi","818078","New Delhi","Maharashtra"
"PERF89333339","2017-02-21","Pramila","Ahluwalia","Dubashi","F","1965-07-07","Chennai","462901","Chennai","Chandigarh"
"PERF65733340","2015-01-23","Jitender","Shukla","Verma","F","1934-12-03","New Delhi","309421","New Delhi","Goa"
"PERF69043341","2020-08-30","Ambar","Patil","Guha","F","1991-06-08","Visakhapatnam","532692","Visakhapatnam","Haryana"
"PERF16343342","2024-05-01","Bhooshan","Mahajan","Kocchar","M","1955-09-06","Thiruvananthapuram","126258","Thiruvananthapuram","Tripura"
"PERF6993343","2018-08-29","Bhadraksh","Chopra","Shukla","M","1977-04-21","Visakhapatnam","028619","Visakhapatnam","Dadar and Nagar Haveli"
"PERF59523344","2024-06-14","Mukul","Asan","Khan","F","2000-08-03","Visakhapatnam","283410","Visakhapatnam","Rajasthan"
"PERF20113345","2014-07-30","Ajit","Patel","Acharya","F","1980-04-10","Visakhapatnam","966818","Visakhapatnam","Maharashtra"
"PERF69373346","2014-12-28","Madhuri","Tagore","Verma","M","1963-08-05","Chennai","693558","Chennai","Jammu and Kashmir"
"PERF53393347","2014-09-28","Atmananda","Khan","Devar","F","2015-02-16","Chennai","246962","Chennai","Lakshadweep"
"PERF97083348","2017-07-17","Acharyanandana","Mahajan","Achari","M","1989-06-02","Kolkata","663056","Kolkata","Orissa"
"PERF25983349","2022-01-04","Chitramala","Nehru","Khanna","M","2005-06-20","Bengaluru","437625","Bengaluru","Kerala"
"PERF64713350","2023-06-13","Sarada","Mehra","Bhattacharya","F","2016-05-07","Hyderabad","427713","Hyderabad","Sikkim"
"PERF1533351","2019-04-27","Rajinder","Nayar","Johar","F","1975-02-01","Kolkata","698679","Kolkata","Rajasthan"
"PERF84653352","2021-09-16","Chandrabhaga","Kakkar","Chaturvedi","F","1970-08-22","Kolkata","718716","Kolkata","Karnataka"
"PERF86603353","2019-03-15","Brajesh","Iyer","Iyengar","F","1990-08-29","Hyderabad","120192","Hyderabad","Himachal Pradesh"
"PERF84773354","2021-05-13","Tushar","Bhattacharya","Ganaka","M","1945-08-29","Hyderabad","787270","Hyderabad","Tripura"
"PERF23913355","2022-03-15","Anang","Iyengar","Varrier","M","1947-10-07","Hyderabad","577385","Hyderabad","Meghalaya"
"PERF74583356","2018-10-08","Ananda","Varman","Mehra","F","2015-06-16","New Delhi","489104","New Delhi","Delhi"
"PERF71533357","2020-03-29","Devesh","Desai","Abbott","M","1970-04-03","Visakhapatnam","483981","Visakhapatnam","West Bengal"
"PERF44303358","2016-02-13","Shakuntala","Khatri","Menon","M","2008-03-30","Mumbai","548706","Mumbai","Sikkim"
"PERF69073359","2017-05-29","Vimala","Kocchar","Bharadwaj","M","1936-07-11","Thiruvananthapuram","570265","Thiruvananthapuram","Chhattisgarh"
"PERF82423360","2018-04-05","Achintya","Singh","Prajapat","M","1946-05-02","Bengaluru","221245","Bengaluru","Jharkhand"
"PERF6513361","2014-07-26","Ekaparnika","Nath","Asan","M","1956-06-10","Mumbai","728300","Mumbai","Arunachal Pradesh"
"PERF24963362","2021-10-11","Agnimitra","Mishra","Kakkar","F","1974-08-04","Mumbai","158503","Mumbai","Lakshadweep"
"PERF8293363","2023-01-10","Priya","Naik","Guha","F","1969-11-07","Thiruvananthapuram","551199","Thiruvananthapuram","Nagaland"
"PERF14953364","2014-06-08","Oormila","Mukhopadhyay","Dutta","F","2021-05-24","Thiruvananthapuram","183624","Thiruvananthapuram","Dadar and Nagar Haveli"
"PERF67413365","2024-04-01","Girik","Kaul","Pilla","M","2019-03-16","Chennai","731030","Chennai","Chhattisgarh"
"PERF67133366","2021-02-16","Hari","Saini","Jha","F","2015-01-19","Chennai","786950","Chennai","Assam"
"PERF66473367","2019-07-24","Ahalya","Patel","Jha","M","1957-07-03","Thiruvananthapuram","510715","Thiruvananthapuram","Karnataka"
"PERF65873368","2017-10-13","Kirti","Bhat","Sinha","M","1942-10-04","Bengaluru","351036","Bengaluru","Maharashtra"
"PERF10713369","2018-03-18","Kanti","Achari","Mehrotra","M","1981-08-07","Visakhapatnam","416800","Visakhapatnam","Lakshadweep"
"PERF96023370","2018-05-15","Leela","Abbott","Embranthiri","M","2018-10-21","Hyderabad","014575","Hyderabad","Chandigarh"
"PERF90923371","2022-08-04","Rameshwar","Arora","Varrier","M","2020-04-27","Bengaluru","329586","Bengaluru","Pondicherry"
"PERF13823372","2023-04-04","Karunanidhi","Asan","Marar","F","2008-10-25","Visakhapatnam","401786","Visakhapatnam","Punjab"
"PERF47513373","2022-12-12","Rakesh","Butt","Ahuja","M","1939-04-27","Mumbai","631262","Mumbai","Chandigarh"
"PERF54643374","2019-09-05","Krishna","Kaniyar","Patil","F","1950-04-14","Hyderabad","996582","Hyderabad","West Bengal"
"PERF78103375","2023-03-25","Krishnadasa","Khan","Agarwal","F","1952-04-20","Visakhapatnam","675473","Visakhapatnam","Karnataka"
"PERF87903376","2018-04-07","Harita","Mukhopadhyay","Guha","F","2015-10-14","New Delhi","744928","New Delhi","Sikkim"
"PERF35963377","2015-07-28","Shresthi","Bhat","Bharadwaj","M","1981-06-29","Chennai","916710","Chennai","Gujarat"
"PERF97823378","2020-02-12","Bandhu","Varma","Johar","M","1995-01-12","Chennai","453457","Chennai","Sikkim"
"PERF94573379","2023-09-22","Abani","Reddy","Varman","M","1982-02-14","Chennai","188197","Chennai","Meghalaya"
"PERF243380","2018-11-08","Devagya","Pilla","Verma","F","1966-06-02","Thiruvananthapuram","517628","Thiruvananthapuram","Dadar and Nagar Haveli"
"PERF18863381","2021-11-18","Manikya","Guha","Pilla","F","1945-11-09","Hyderabad","991068","Hyderabad","Karnataka"
"PERF78853382","2014-11-10","Ravi","Sethi","Iyer","M","1963-05-25","Bengaluru","251750","Bengaluru","Sikkim"
"PERF30423383","2017-10-30","Mahendra","Ahluwalia","Dwivedi","M","1936-11-29","Mumbai","030535","Mumbai","Rajasthan"
"PERF39333384","2017-10-20","Bhooshit","Gill","Pandey","M","1965-02-25","Visakhapatnam","069399","Visakhapatnam","Nagaland"
"PERF66723385","2022-09-24","Achalesvara","Dhawan","Khanna","M","1944-10-06","Mumbai","593904","Mumbai","Daman and Diu"
"PERF45573386","2017-07-21","Bakula","Kaur","Sinha","F","1964-04-25","Mumbai","027983","Mumbai","Andhra Pradesh"
"PERF31293387","2020-01-21","Avantika","Pothuvaal","Guha","F","1989-06-07","New Delhi","877143","New Delhi","Gujarat"
"PERF63263388","2023-02-12","Abhaidev","Shah","Gill","M","1944-05-03","Chennai","924967","Chennai","Manipur"
"PERF18713389","2021-03-30","Akroor","Ahluwalia","Sethi","M","2002-01-25","Bengaluru","418777","Bengaluru","Dadar and Nagar Haveli"
"PERF41543390","2023-09-19","Divya","Mahajan","Devar","M","1934-08-26","Mumbai","243100","Mumbai","Himachal Pradesh"
"PERF35963391","2022-03-08","Aarya","Nehru","Namboothiri","M","1984-05-15","Chennai","560120","Chennai","Uttar Pradesh"
"PERF37053392","2016-10-18","Mandakini","Trivedi","Sharma","F","1971-02-05","Chennai","274492","Chennai","Goa"
"PERF63293393","2020-07-27","Anuraag","Gill","Pandey","F","1949-04-10","New Delhi","832826","New Delhi","Jharkhand"
"PERF99123394","2020-02-18","Jay","Verma","Abbott","M","1935-03-29","Chennai","735267","Chennai","West Bengal"
"PERF3863395","2018-02-18","Bhudev","Ahuja","Chattopadhyay","F","1977-06-26","Kolkata","140432","Kolkata","Tripura"
"PERF22503396","2018-11-26","Malati","Chattopadhyay","Bharadwaj","F","1981-11-09","Hyderabad","221082","Hyderabad","Arunachal Pradesh"
"PERF57433397","2020-12-24","Darshan","Khan","Singh","M","2000-08-18","Visakhapatnam","952587","Visakhapatnam","Andaman and Nicobar Islands"
"PERF91043398","2024-07-16","Chaaruchandra","Kaul","Iyengar","F","2006-03-09","Visakhapatnam","186696","Visakhapatnam","Jammu and Kashmir"
"PERF12053399","2016-08-11","Anilaabh","Khanna","Shah","M","1930-10-15","Chennai","581505","Chennai","Andaman and Nicobar Islands"
"PERF27553400","2017-01-01","Naveen","Mishra","Saini","F","1943-04-26","Visakhapatnam","003256","Visakhapatnam","Nagaland"
"PERF51073401","2023-06-23","Kamla","Reddy","Shah","M","1945-07-26","Hyderabad","402265","Hyderabad","Rajasthan"
"PERF28263402","2017-10-12","Chakrika","Iyengar","Pilla","F","1959-12-12","New Delhi","042327","New Delhi","Lakshadweep"
"PERF90263403","2020-03-04","Dharmaketu","Chaturvedi","Kocchar","F","1949-11-05","Kolkata","518813","Kolkata","Uttaranchal"
"PERF60783404","2015-12-27","Vimala","Dubashi","Dhawan","M","1962-10-15","Kolkata","698914","Kolkata","Jammu and Kashmir"
"PERF48123405","2020-06-03","Atreyee","Kaul","Johar","F","1939-05-03","Chennai","919681","Chennai","Jharkhand"
"PERF66413406","2020-09-02","Chandi","Bhattathiri","Kaniyar","M","1968-08-07","New Delhi","902265","New Delhi","Uttar Pradesh"
"PERF5963407","2020-08-07","Aishani","Nair","Abbott","F","1949-07-31","Thiruvananthapuram","983015","Thiruvananthapuram","Bihar"
"PERF35103408","2016-10-07","Rukmin","Arora","Kaul","M","1952-08-17","New Delhi","972124","New Delhi","Delhi"
"PERF26543409","2023-10-27","Brahmdev","Butt","Shukla","M","1997-04-01","New Delhi","719688","New Delhi","Himachal Pradesh"
"PERF1633410","2017-11-19","Deveshwar","Banerjee","Banerjee","F","1962-05-29","Hyderabad","138466","Hyderabad","Andaman and Nicobar Islands"
"PERF90533411","2019-09-19","Ekalavya","Dubashi","Tandon","M","1947-10-06","Bengaluru","935423","Bengaluru","Uttar Pradesh"
"PERF24103412","2024-04-15","Padma","Nambeesan","Johar","F","1974-05-09","Bengaluru","975017","Bengaluru","Dadar and Nagar Haveli"
"PERF23553413","2014-09-16","Chakravartee","Ganaka","Deshpande","F","2016-06-21","New Delhi","629768","New Delhi","Daman and Diu"
"PERF77263414","2020-07-09","Chaten","Mehra","Joshi","M","2008-08-01","Hyderabad","562210","Hyderabad","Jharkhand"
"PERF50863415","2018-03-11","Bharadwaj","Dubashi","Bhattacharya","M","1953-04-27","Visakhapatnam","404482","Visakhapatnam","Daman and Diu"
"PERF94183416","2024-04-30","Chaaruchandra","Pilla","Chaturvedi","F","1964-11-03","Thiruvananthapuram","735199","Thiruvananthapuram","Jammu and Kashmir"
"PERF82133417","2024-05-15","Kumuda","Varma","Rana","M","1968-01-15","Chennai","609296","Chennai","Daman and Diu"
"PERF91893418","2016-04-21","Narendra","Asan","Chaturvedi","M","2010-04-20","Mumbai","360918","Mumbai","Uttar Pradesh"
"PERF59783419","2022-02-20","Shakti","Panicker","Dwivedi","M","1932-08-12","Visakhapatnam","825763","Visakhapatnam","Nagaland"
"PERF75133420","2016-02-27","Ekaparnika","Trivedi","Arora","M","1967-10-21","Bengaluru","203419","Bengaluru","Arunachal Pradesh"
"PERF33943421","2024-01-30","Rukhmani","Menon","Jha","M","1942-05-23","Thiruvananthapuram","384466","Thiruvananthapuram","Tamil Nadu"
"PERF55613422","2020-12-10","Rudra","Kakkar","Mishra","F","1930-10-04","Bengaluru","637876","Bengaluru","Goa"
"PERF86323423","2019-01-22","Sher","Kakkar","Pothuvaal","F","1956-11-06","Chennai","541983","Chennai","Chhattisgarh"
"PERF81223424","2018-03-02","Girja","Mehra","Naik","M","1983-11-01","Thiruvananthapuram","699536","Thiruvananthapuram","Uttar Pradesh"
"PERF40393425","2018-11-22","Dron","Dhawan","Joshi","F","1950-11-15","Bengaluru","291274","Bengaluru","Pondicherry"
"PERF66413426","2023-09-27","Pran","Mahajan","Mahajan","F","1990-01-24","Hyderabad","366774","Hyderabad","Orissa"
"PERF42383427","2018-12-09","Chinmayananda","Kaul","Dutta","M","1951-10-25","Kolkata","592980","Kolkata","Lakshadweep"
"PERF57473428","2014-09-18","Ritesh","Iyengar","Varma","M","1959-07-01","New Delhi","439980","New Delhi","Orissa"
"PERF53823429","2019-04-15","Agnivesh","Mehrotra","Varma","F","1996-08-26","Kolkata","112872","Kolkata","Karnataka"
"PERF95563430","2023-12-30","Advaya","Jain","Jha","F","2003-08-10","Visakhapatnam","616442","Visakhapatnam","Dadar and Nagar Haveli"
"PERF76553431","2017-05-20","Mohinder","Kakkar","Jha","F","1961-04-25","Hyderabad","959662","Hyderabad","Rajasthan"
"PERF91343432","2024-07-18","Deeptimayee","Talwar","Agarwal","M","1972-11-05","Chennai","563152","Chennai","Manipur"
"PERF47373433","2014-02-21","Baalagopaal","Somayaji","Chopra","F","1977-09-08","Thiruvananthapuram","828495","Thiruvananthapuram","Uttaranchal"
"PERF28423434","2014-12-24","Siddhi","Patil","Sharma","M","1999-12-09","Visakhapatnam","974138","Visakhapatnam","Haryana"
"PERF68313435","2016-08-01","Ekalavya","Panicker","Varma","F","1972-12-18","Hyderabad","580182","Hyderabad","Jammu and Kashmir"
"PERF993436","2022-02-04","Kashyapi","Varrier","Bhattacharya","M","1962-09-18","Bengaluru","534731","Bengaluru","Pondicherry"
"PERF35493437","2014-03-08","Garuda","Khatri","Abbott","F","1942-04-15","Hyderabad","791813","Hyderabad","Tripura"
"PERF44793438","2019-03-07","Umang","Shah","Nehru","M","2004-11-07","Hyderabad","932093","Hyderabad","Sikkim"
"PERF67543439","2018-11-20","Mohan","Somayaji","Agarwal","M","1939-02-02","Thiruvananthapuram","463265","Thiruvananthapuram","Tripura"
"PERF4163440","2019-10-01","Devajyoti","Gill","Sharma","F","1965-08-01","Kolkata","314441","Kolkata","Tripura"
"PERF96013441","2024-05-27","Chidaakaash","Chopra","Shah","M","2002-07-16","Mumbai","914532","Mumbai","Goa"
"PERF51523442","2024-04-10","Deveshwar","Pillai","Sethi","M","2024-05-13","Thiruvananthapuram","490255","Thiruvananthapuram","Andaman and Nicobar Islands"
"PERF89613443","2023-10-14","Samir","Khan","Mehra","F","1952-05-31","New Delhi","862245","New Delhi","Pondicherry"
"PERF65143444","2021-05-27","Buddhana","Dwivedi","Patil","F","1972-03-22","Visakhapatnam","166787","Visakhapatnam","Sikkim"
"PERF47403445","2023-02-07","Veda","Chopra","Chopra","F","1935-01-06","Chennai","795057","Chennai","Chandigarh"
"PERF64443446","2015-10-17","Varalakshmi","Bhat","Varma","M","1960-09-18","Chennai","008509","Chennai","Dadar and Nagar Haveli"
"PERF18213447","2023-09-09","Aaratrika","Gandhi","Pandey","M","1968-07-03","Bengaluru","699308","Bengaluru","Orissa"
"PERF56743448","2015-08-18","Jyotsana","Chaturvedi","Acharya","M","1956-06-09","Hyderabad","884682","Hyderabad","Kerala"
"PERF1953449","2014-09-19","Vimal","Mahajan","Ahuja","F","1984-10-24","Kolkata","461622","Kolkata","Dadar and Nagar Haveli"
"PERF44853450","2016-04-21","Geeta","Dhawan","Acharya","F","1951-12-05","Visakhapatnam","171849","Visakhapatnam","Uttaranchal"
"PERF82033451","2023-11-30","Avani","Mahajan","Sinha","M","1945-06-27","Kolkata","918361","Kolkata","Manipur"
"PERF48573452","2023-03-02","Kama","Prajapat","Tagore","F","1978-06-21","Thiruvananthapuram","389659","Thiruvananthapuram","West Bengal"
"PERF7303453","2022-12-22","Akroor","Mahajan","Kaur","F","1959-04-30","Visakhapatnam","479634","Visakhapatnam","Punjab"
"PERF3013454","2023-04-04","Chidambar","Patil","Malik","M","1980-01-08","Thiruvananthapuram","492218","Thiruvananthapuram","Andaman and Nicobar Islands"
"PERF19193455","2015-12-20","Tanushree","Dutta","Nair","F","1996-12-06","Kolkata","690438","Kolkata","Daman and Diu"
"PERF48053456","2018-04-26","Bhupen","Iyengar","Gupta","F","1999-11-12","New Delhi","771131","New Delhi","Haryana"
"PERF67903457","2018-02-06","Anand","Verma","Joshi","F","1936-01-02","Visakhapatnam","108726","Visakhapatnam","Nagaland"
"PERF10023458","2020-05-18","Vasundhara","Chattopadhyay","Tagore","F","2024-03-26","Visakhapatnam","325117","Visakhapatnam","Nagaland"
"PERF89133459","2017-07-01","Bhadra","Verma","Varma","M","1951-12-27","Kolkata","866292","Kolkata","Dadar and Nagar Haveli"
"PERF43873460","2020-02-13","Sujata","Abbott","Deshpande","F","2020-04-21","Thiruvananthapuram","222759","Thiruvananthapuram","Tripura"
"PERF30183461","2016-04-07","Trilochan","Asan","Rana","F","1933-03-22","New Delhi","049686","New Delhi","Dadar and Nagar Haveli"
"PERF73163462","2017-05-11","Chaitan","Banerjee","Bandopadhyay","F","2001-08-23","Visakhapatnam","274814","Visakhapatnam","Mizoram"
"PERF78203463","2024-07-07","Anusuya","Dwivedi","Gowda","M","1963-11-03","Bengaluru","649896","Bengaluru","Jammu and Kashmir"
"PERF32913464","2021-04-13","Shashi","Ganaka","Malik","F","1999-06-22","Mumbai","692522","Mumbai","Uttar Pradesh"
"PERF1683465","2014-07-24","Sarisha","Kakkar","Shah","M","1982-05-30","Mumbai","166264","Mumbai","Bihar"
"PERF53463466","2023-08-25","Birjesh","Asan","Abbott","F","1940-03-23","Thiruvananthapuram","609362","Thiruvananthapuram","Jammu and Kashmir"
"PERF80583467","2017-03-30","Girish","Nambeesan","Mahajan","M","2008-05-01","Mumbai","001123","Mumbai","Daman and Diu"
"PERF93193468","2017-06-07","Aaratrika","Bandopadhyay","Patil","M","1971-03-15","Kolkata","772019","Kolkata","Chhattisgarh"
"PERF47563469","2015-04-07","Chapala","Sharma","Somayaji","M","2017-06-19","Chennai","416827","Chennai","Gujarat"
"PERF76493470","2020-03-07","Anamika","Arora","Menon","M","1980-06-30","Visakhapatnam","037741","Visakhapatnam","Daman and Diu"
"PERF97063471","2023-12-16","Yogendra","Joshi","Kaur","F","1949-12-25","Mumbai","151955","Mumbai","Goa"
"PERF71083472","2017-01-16","Mani","Patil","Ganaka","M","1969-05-27","Chennai","695365","Chennai","Kerala"
"PERF90773473","2022-03-21","Mangalya","Nair","Namboothiri","M","2016-10-01","Hyderabad","627622","Hyderabad","Punjab"
"PERF71333474","2022-11-27","Gati","Agarwal","Kaur","M","2012-05-03","Thiruvananthapuram","604333","Thiruvananthapuram","Kerala"
"PERF55323475","2017-10-26","Aaryan","Marar","Nayar","F","1997-04-15","Chennai","999880","Chennai","Jharkhand"
"PERF69123476","2021-12-12","Aadidev","Kapoor","Abbott","M","2018-07-07","Bengaluru","287165","Bengaluru","Meghalaya"
"PERF79553477","2021-08-11","Geeta","Pilla","Reddy","F","2005-04-30","Thiruvananthapuram","502566","Thiruvananthapuram","Dadar and Nagar Haveli"
"PERF84703478","2016-06-15","Amogh","Nair","Khanna","F","1999-12-05","Mumbai","483281","Mumbai","West Bengal"
"PERF17443479","2019-10-27","Acharyasuta","Joshi","Pilla","M","1965-02-08","Mumbai","208045","Mumbai","Daman and Diu"
"PERF27963480","2014-12-27","Shreya","Khanna","Johar","M","1984-05-09","Visakhapatnam","213661","Visakhapatnam","Punjab"
"PERF14343481","2016-04-23","Anasuya","Talwar","Rana","M","1946-11-10","Chennai","879046","Chennai","Daman and Diu"
"PERF33573482","2022-07-29","Ranjeet","Pothuvaal","Ahuja","F","1974-01-05","Bengaluru","113399","Bengaluru","Arunachal Pradesh"
"PERF98343483","2021-05-21","Yogendra","Mukhopadhyay","Talwar","M","1985-04-07","Visakhapatnam","655189","Visakhapatnam","Chhattisgarh"
"PERF37043484","2015-10-09","Bahula","Asan","Nambeesan","F","1940-09-24","Bengaluru","616983","Bengaluru","Pondicherry"
"PERF8873485","2017-04-12","Aanjaneya","Shah","Malik","M","1962-12-30","Hyderabad","096305","Hyderabad","Madya Pradesh"
"PERF57973486","2023-06-25","Soma","Banerjee","Panicker","M","1932-07-15","Bengaluru","089325","Bengaluru","Punjab"
"PERF33773487","2016-11-29","Sarada","Chopra","Pothuvaal","F","1946-01-19","Hyderabad","128035","Hyderabad","Punjab"
"PERF48423488","2020-04-23","Chaten","Varma","Desai","F","2015-11-24","Thiruvananthapuram","399084","Thiruvananthapuram","Karnataka"
"PERF51433489","2018-07-15","Baalaaditya","Achari","Khanna","F","1933-02-14","Chennai","036740","Chennai","Nagaland"
"PERF65963490","2021-06-17","Giriraaj","Prajapat","Shukla","F","1970-02-05","Thiruvananthapuram","687428","Thiruvananthapuram","Lakshadweep"
"PERF11963491","2019-02-06","Drona","Embranthiri","Gowda","F","1965-07-20","Bengaluru","555435","Bengaluru","Punjab"
"PERF49683492","2016-01-04","Kamalesh","Achari","Reddy","F","1973-04-15","Hyderabad","314427","Hyderabad","Jammu and Kashmir"
"PERF10523493","2014-12-15","Arjun","Chopra","Gill","F","2012-06-09","Chennai","846145","Chennai","Tamil Nadu"
"PERF63673494","2022-07-24","Ekaksh","Shah","Bhat","M","1975-10-17","New Delhi","791260","New Delhi","Chandigarh"
"PERF78443495","2014-11-13","Mohini","Namboothiri","Ahluwalia","M","1963-02-13","Kolkata","853099","Kolkata","Karnataka"
"PERF60733496","2015-03-18","Agrata","Ahluwalia","Dhawan","M","1995-01-18","Hyderabad","662551","Hyderabad","Tripura"
"PERF2003497","2020-10-18","Divakar","Asan","Shah","M","2008-01-31","New Delhi","979918","New Delhi","Dadar and Nagar Haveli"
"PERF74903498","2016-10-26","Urmila","Ganaka","Kaniyar","M","1956-06-05","Mumbai","150982","Mumbai","Jammu and Kashmir"
"PERF49503499","2021-02-10","Harita","Mehrotra","Pillai","M","1996-11-26","Mumbai","148578","Mumbai","Chhattisgarh"
"PERF21533500","2018-06-25","Uma","Khanna","Mishra","M","2019-08-27","New Delhi","859344","New Delhi","Orissa"
"PERF13913501","2023-08-27","Chitrangada","Banerjee","Chattopadhyay","M","1995-04-13","Visakhapatnam","585100","Visakhapatnam","Orissa"
"PERF20393502","2023-12-31","Deveshwar","Banerjee","Trivedi","F","1945-11-06","Visakhapatnam","814103","Visakhapatnam","Sikkim"
"PERF3823503","2020-12-27","Divaakar","Singh","Sinha","F","1995-11-28","Chennai","306801","Chennai","Andhra Pradesh"
"PERF16353504","2016-12-03","Manisha","Bhattathiri","Bhat","M","1981-10-24","Chennai","447852","Chennai","Haryana"
"PERF15623505","2021-10-09","Hiranmaya","Pothuvaal","Kaur","M","2012-12-20","Mumbai","169842","Mumbai","Lakshadweep"
"PERF78183506","2023-04-29","Hamsini","Ahuja","Verma","M","1995-12-14","Bengaluru","145776","Bengaluru","Chandigarh"
"PERF17733507","2018-07-16","Jagadish","Jha","Nair","M","1996-11-25","Kolkata","271269","Kolkata","Dadar and Nagar Haveli"
"PERF78933508","2016-10-18","Vaijayanthi","Iyengar","Talwar","F","1994-01-23","Chennai","791271","Chennai","Maharashtra"
"PERF68313509","2016-02-17","Jagdeep","Panicker","Kaniyar","M","2020-04-30","Bengaluru","891426","Bengaluru","Andhra Pradesh"
"PERF14523510","2021-02-22","Atreyi","Patel","Mahajan","M","1936-10-31","New Delhi","962530","New Delhi","Uttaranchal"
"PERF48053511","2017-07-17","Girindra","Dwivedi","Butt","M","1947-05-20","Bengaluru","291600","Bengaluru","Tamil Nadu"
"PERF75843512","2015-08-01","Bankim","Kapoor","Dhawan","F","2017-04-30","Kolkata","233246","Kolkata","Bihar"
"PERF36913513","2017-09-19","Prayag","Gandhi","Embranthiri","M","1957-11-10","New Delhi","710345","New Delhi","Arunachal Pradesh"
"PERF39653514","2019-03-06","Adhiraj","Malik","Abbott","M","1931-12-16","New Delhi","994814","New Delhi","Meghalaya"
"PERF64733515","2023-10-02","Sanjay","Ganaka","Mishra","F","1976-06-22","Visakhapatnam","415619","Visakhapatnam","Andhra Pradesh"
"PERF7093516","2019-06-01","Bhooshit","Somayaji","Naik","F","1953-11-16","New Delhi","871937","New Delhi","Assam"
"PERF88733517","2021-04-30","Chandranath","Ahluwalia","Sethi","M","2017-10-29","Thiruvananthapuram","509153","Thiruvananthapuram","Andhra Pradesh"
"PERF22093518","2018-06-30","Bhramar","Saini","Sinha","M","1949-05-22","Hyderabad","089597","Hyderabad","Andaman and Nicobar Islands"
"PERF46383519","2014-02-16","Suryakant","Sinha","Reddy","F","1975-08-03","Kolkata","058108","Kolkata","Jharkhand"
"PERF11143520","2014-02-19","Aaratrika","Mukhopadhyay","Jain","F","1977-06-21","Hyderabad","515546","Hyderabad","Haryana"
"PERF23933521","2016-11-29","Sunita","Nehru","Mehrotra","F","1945-08-09","Bengaluru","368579","Bengaluru","Dadar and Nagar Haveli"
"PERF35333522","2020-05-19","Deenabandhu","Kapoor","Khan","M","1985-02-26","Thiruvananthapuram","923209","Thiruvananthapuram","Pondicherry"
"PERF95333523","2018-06-28","Chiranjeeve","Dwivedi","Chaturvedi","M","1997-01-04","Hyderabad","184163","Hyderabad","Haryana"
"PERF79873524","2022-06-30","Gita","Johar","Embranthiri","M","1965-01-13","Bengaluru","681718","Bengaluru","Meghalaya"
"PERF72903525","2022-06-15","Aatreya","Kakkar","Trivedi","M","1944-06-13","Visakhapatnam","825149","Visakhapatnam","Punjab"
"PERF55283526","2023-08-05","Deevakar","Reddy","Kaur","M","1945-10-16","Mumbai","512583","Mumbai","Tamil Nadu"
"PERF29593527","2021-09-09","Siddarth","Varrier","Bhattacharya","F","1988-05-15","Visakhapatnam","061273","Visakhapatnam","West Bengal"
"PERF15943528","2020-07-11","Dhananjay","Patel","Abbott","F","2003-02-06","Mumbai","994909","Mumbai","Madya Pradesh"
"PERF23693529","2022-10-14","Daevika","Reddy","Mahajan","M","1997-07-10","Hyderabad","992218","Hyderabad","Orissa"
"PERF4903530","2023-09-06","Budhil","Acharya","Ahuja","M","1985-08-04","Chennai","574102","Chennai","Chhattisgarh"
"PERF19843531","2017-12-13","Manikya","Shah","Mehrotra","F","1975-03-30","Thiruvananthapuram","102465","Thiruvananthapuram","Assam"
"PERF84733532","2021-10-03","Karthik","Nambeesan","Bhattacharya","F","2012-05-24","Thiruvananthapuram","815303","Thiruvananthapuram","Orissa"
"PERF91523533","2022-08-31","Giriraaj","Mehrotra","Sinha","F","1997-06-12","Chennai","162667","Chennai","Maharashtra"
"PERF22253534","2015-04-04","Bhanumati","Bhattacharya","Mahajan","F","1988-03-29","New Delhi","189213","New Delhi","Meghalaya"
"PERF88293535","2019-03-13","Chetan","Shukla","Nayar","F","1942-03-22","Thiruvananthapuram","355841","Thiruvananthapuram","Goa"
"PERF93873536","2019-08-14","Abani","Trivedi","Gupta","F","1968-08-03","New Delhi","752960","New Delhi","Tripura"
"PERF13123537","2021-06-28","Adripathi","Trivedi","Mishra","F","2020-05-20","New Delhi","995735","New Delhi","Himachal Pradesh"
"PERF58793538","2022-12-06","Nikita","Chopra","Desai","M","2002-01-22","Bengaluru","657651","Bengaluru","Pondicherry"
"PERF78623539","2015-03-22","Parvati","Arora","Abbott","M","2014-11-04","Visakhapatnam","761258","Visakhapatnam","Pondicherry"
"PERF73913540","2022-02-09","Agrata","Panicker","Menon","F","1936-05-14","Mumbai","810115","Mumbai","Arunachal Pradesh"
"PERF15923541","2015-07-24","Anila","Acharya","Gupta","F","1967-02-16","Chennai","880912","Chennai","Jammu and Kashmir"
"PERF27503542","2016-01-24","Triloki Nath","Saini","Verma","F","1961-03-23","Thiruvananthapuram","093273","Thiruvananthapuram","Madya Pradesh"
"PERF54703543","2020-09-03","Anish","Kapoor","Kaur","M","1932-02-14","Kolkata","269962","Kolkata","Andhra Pradesh"
"PERF62783544","2019-10-14","Charuchandra","Adiga","Bharadwaj","F","2019-06-13","Thiruvananthapuram","448059","Thiruvananthapuram","Dadar and Nagar Haveli"
"PERF1003545","2017-05-18","Lalita","Achari","Nayar","M","2005-12-10","Hyderabad","165403","Hyderabad","Lakshadweep"
"PERF96703546","2023-09-26","Balagovind","Dhawan","Panicker","F","2001-10-29","Hyderabad","231244","Hyderabad","Daman and Diu"
"PERF12393547","2019-01-29","Girja","Naik","Chopra","F","2001-10-29","Visakhapatnam","404866","Visakhapatnam","Dadar and Nagar Haveli"
"PERF91523548","2017-08-08","Sher","Kaur","Prajapat","F","1997-01-08","New Delhi","307068","New Delhi","Lakshadweep"
"PERF13133549","2023-06-09","Aaditya","Johar","Nair","M","1951-02-08","Visakhapatnam","860572","Visakhapatnam","Tamil Nadu"
"PERF3053550","2015-03-09","Chiranjeev","Desai","Kaur","F","1984-07-06","Hyderabad","593888","Hyderabad","Goa"
"PERF43593551","2016-05-29","Narinder","Arora","Iyengar","M","1930-09-21","Visakhapatnam","250932","Visakhapatnam","Manipur"
"PERF61793552","2016-08-19","Chandrani","Acharya","Johar","M","1993-02-15","Bengaluru","882228","Bengaluru","Andhra Pradesh"
"PERF52593553","2024-01-13","Balamani","Kaniyar","Bhat","M","1974-02-22","Chennai","176389","Chennai","Dadar and Nagar Haveli"
"PERF80063554","2017-02-05","Anuja","Khanna","Malik","F","1996-11-29","Hyderabad","048471","Hyderabad","Himachal Pradesh"
"PERF45983555","2015-04-11","Anil","Mishra","Varman","M","1931-06-05","Chennai","741111","Chennai","Pondicherry"
"PERF79733556","2020-02-25","Anjali","Kaul","Mukhopadhyay","M","1998-09-04","New Delhi","124416","New Delhi","Maharashtra"
"PERF90623557","2022-05-26","Gangesh","Dubashi","Mishra","F","1958-07-29","Bengaluru","798479","Bengaluru","Uttaranchal"
"PERF5243558","2024-05-31","Chapala","Ganaka","Varrier","F","1936-07-31","New Delhi","091199","New Delhi","Chhattisgarh"
"PERF96453559","2019-06-19","Ramesh","Dutta","Khan","M","1937-08-23","Hyderabad","938027","Hyderabad","Andhra Pradesh"
"PERF73103560","2016-10-07","Niro","Nambeesan","Nayar","M","1993-05-20","New Delhi","143562","New Delhi","Chandigarh"
"PERF31873561","2019-06-13","Karunanidhi","Somayaji","Pothuvaal","M","1962-04-30","Thiruvananthapuram","243751","Thiruvananthapuram","Kerala"
"PERF50353562","2014-07-31","Bhaasvan","Shah","Iyer","M","1990-03-28","Chennai","501276","Chennai","Nagaland"
"PERF31613563","2018-01-06","Trilok","Kakkar","Abbott","M","1998-08-20","Hyderabad","297347","Hyderabad","Chandigarh"
"PERF30793564","2017-05-10","Mani","Tagore","Panicker","M","1934-07-07","Thiruvananthapuram","117050","Thiruvananthapuram","Maharashtra"
"PERF64863565","2019-12-17","Vasundhara","Kapoor","Ahuja","M","1953-11-05","Mumbai","993941","Mumbai","Tamil Nadu"
"PERF30393566","2023-08-14","Hamsini","Chaturvedi","Gandhi","M","2012-12-27","Hyderabad","301600","Hyderabad","Haryana"
"PERF59273567","2018-08-22","Bhushan","Bhattathiri","Banerjee","M","1946-02-02","Thiruvananthapuram","775780","Thiruvananthapuram","Lakshadweep"
"PERF99663568","2017-07-16","Chitramala","Bharadwaj","Joshi","M","2007-08-07","Visakhapatnam","879670","Visakhapatnam","Orissa"
"PERF42633569","2015-03-02","Shanti","Varman","Talwar","F","1980-06-25","Mumbai","511535","Mumbai","Bihar"
"PERF91413570","2021-09-02","Kirti","Somayaji","Guha","M","2003-03-15","Hyderabad","611122","Hyderabad","Nagaland"
"PERF71593571","2019-11-12","Eshana","Gupta","Johar","M","1994-07-25","Kolkata","904401","Kolkata","Sikkim"
"PERF36003572","2018-12-27","Lai","Achari","Dhawan","M","1993-04-09","Kolkata","913282","Kolkata","Jharkhand"
"PERF10713573","2019-10-03","Indra","Marar","Sethi","M","1950-06-23","Bengaluru","032024","Bengaluru","Himachal Pradesh"
"PERF41403574","2023-03-13","Meenakshi","Menon","Adiga","M","2017-03-29","Visakhapatnam","436280","Visakhapatnam","Uttar Pradesh"
"PERF93863575","2021-08-17","Vidhya","Acharya","Jha","F","2005-10-12","Hyderabad","097184","Hyderabad","Uttaranchal"
"PERF91503576","2018-09-02","Kashyapi","Butt","Adiga","M","1932-02-13","Bengaluru","787648","Bengaluru","Meghalaya"
"PERF35753577","2016-06-26","Niranjan","Nehru","Abbott","F","1993-02-11","Visakhapatnam","701148","Visakhapatnam","Gujarat"
"PERF80063578","2024-05-09","Sanjay","Bhat","Kakkar","F","1982-06-11","Kolkata","343719","Kolkata","Haryana"
"PERF75083579","2014-03-21","Bhagirathi","Acharya","Khatri","M","2006-12-03","New Delhi","986158","New Delhi","Arunachal Pradesh"
"PERF96253580","2016-03-23","Gajadhar","Gowda","Dhawan","M","1981-04-18","Bengaluru","323334","Bengaluru","Himachal Pradesh"
"PERF73253581","2016-11-10","Hiranya","Adiga","Mehrotra","F","2006-05-29","Kolkata","060975","Kolkata","Orissa"
"PERF38933582","2020-10-09","Meenakshi","Malik","Varma","M","1945-10-26","Kolkata","474511","Kolkata","Karnataka"
"PERF53863583","2014-11-07","Suryakantam","Varman","Iyengar","M","1984-08-19","Mumbai","629843","Mumbai","Arunachal Pradesh"
"PERF54153584","2016-12-21","Uma","Ahuja","Chaturvedi","F","1975-09-26","Chennai","193210","Chennai","Lakshadweep"
"PERF8953585","2020-03-26","Suman","Iyengar","Butt","F","1979-06-10","Chennai","071564","Chennai","Maharashtra"
"PERF61603586","2021-02-16","Ekaaksh","Prajapat","Reddy","M","2007-09-03","Visakhapatnam","259888","Visakhapatnam","West Bengal"
"PERF44053587","2018-04-08","Balagovind","Somayaji","Somayaji","F","1979-11-13","Chennai","949579","Chennai","Andaman and Nicobar Islands"
"PERF36613588","2018-08-28","Udai","Pilla","Bhattathiri","F","2006-10-14","Mumbai","791751","Mumbai","Karnataka"
"PERF54073589","2015-12-16","Garud","Namboothiri","Nambeesan","F","1994-07-18","New Delhi","630031","New Delhi","Uttar Pradesh"
"PERF3803590","2017-01-13","Mani","Chaturvedi","Jha","M","1956-02-05","Kolkata","132570","Kolkata","Meghalaya"
"PERF87033591","2016-01-03","Rupinder","Gandhi","Patel","M","2006-07-18","New Delhi","643655","New Delhi","Tamil Nadu"
"PERF67713592","2017-05-26","Sumitra","Menon","Bharadwaj","M","2001-10-20","Chennai","298108","Chennai","Haryana"
"PERF83503593","2017-01-09","Jaya","Verma","Gowda","M","1933-03-04","Kolkata","453962","Kolkata","Nagaland"
"PERF93633594","2017-09-29","Anandamayi","Panicker","Dhawan","F","1965-12-18","Mumbai","922644","Mumbai","Jharkhand"
"PERF22103595","2019-09-04","Vyas","Varman","Patel","F","2004-01-31","Chennai","796080","Chennai","Arunachal Pradesh"
"PERF18433596","2017-08-31","Hiranmaya","Agarwal","Nair","F","1951-01-08","Chennai","434547","Chennai","Dadar and Nagar Haveli"
"PERF99853597","2021-08-17","Chandraswaroopa","Adiga","Bhattathiri","F","1943-04-03","Thiruvananthapuram","440934","Thiruvananthapuram","Assam"
"PERF28653598","2018-06-22","Ashlesh","Iyer","Chattopadhyay","F","1937-05-30","Chennai","867447","Chennai","Meghalaya"
"PERF77723599","2022-05-05","Saroja","Johar","Nair","M","1998-07-21","Mumbai","203317","Mumbai","Meghalaya"
"PERF30673600","2017-06-04","Ghanshyam","Mehra","Dutta","F","2016-06-23","Mumbai","374512","Mumbai","Uttaranchal"
"PERF77923601","2022-08-18","Gauraang","Mahajan","Nambeesan","F","2006-09-21","Mumbai","952232","Mumbai","Mizoram"
"PERF76833602","2018-05-11","Sarada","Shah","Arora","F","2003-12-30","Hyderabad","914216","Hyderabad","Madya Pradesh"
"PERF94863603","2018-09-08","Ganaka","Guha","Ganaka","F","1965-08-09","New Delhi","137418","New Delhi","Uttar Pradesh"
"PERF61353604","2016-04-22","Birjesh","Bhattacharya","Tandon","M","1980-06-10","Mumbai","175733","Mumbai","Nagaland"
"PERF40023605","2016-07-07","Chandani","Abbott","Ahluwalia","F","1981-07-09","Kolkata","526860","Kolkata","Dadar and Nagar Haveli"
"PERF10793606","2014-04-07","Sher","Singh","Varma","F","1993-09-08","New Delhi","647715","New Delhi","Meghalaya"
"PERF46163607","2023-12-18","Deeptimayee","Varrier","Menon","M","1967-03-19","New Delhi","391615","New Delhi","Jammu and Kashmir"
"PERF50643608","2017-02-16","Adityanandan","Malik","Dhawan","F","1986-11-16","Mumbai","353579","Mumbai","Orissa"
"PERF15233609","2014-03-14","Harinarayan","Khan","Devar","F","1992-11-13","Mumbai","681722","Mumbai","Meghalaya"
"PERF61113610","2014-07-06","Ujjawal","Varma","Kocchar","M","1964-07-27","Hyderabad","799183","Hyderabad","Delhi"
"PERF72803611","2014-06-12","Minakshi","Bharadwaj","Prajapat","M","2014-05-18","New Delhi","571997","New Delhi","Himachal Pradesh"
"PERF79853612","2020-05-06","Ananta","Kakkar","Khatri","F","1988-01-30","Kolkata","629015","Kolkata","Rajasthan"
"PERF66713613","2019-02-02","Soma","Chattopadhyay","Varman","F","1968-11-07","Hyderabad","280196","Hyderabad","Sikkim"
"PERF58703614","2017-10-19","Gurdev","Nambeesan","Naik","F","1953-11-23","Chennai","833832","Chennai","Madya Pradesh"
"PERF73053615","2022-11-23","Bhooshit","Varma","Nambeesan","F","1930-05-01","Kolkata","172517","Kolkata","Maharashtra"
"PERF75413616","2016-07-18","Deeptiman","Prajapat","Mahajan","M","1994-10-09","Chennai","279741","Chennai","Maharashtra"
"PERF48053617","2020-06-27","Dulari","Patel","Kocchar","M","2019-05-14","Thiruvananthapuram","062641","Thiruvananthapuram","Goa"
"PERF64253618","2021-08-10","Vasundhara","Kapoor","Khan","F","1931-12-14","Visakhapatnam","872676","Visakhapatnam","Sikkim"
"PERF75163619","2021-10-05","Govinda","Guha","Sethi","M","1933-05-21","New Delhi","273793","New Delhi","West Bengal"
"PERF1553620","2022-03-10","Hiranya","Khanna","Dubashi","M","1965-04-15","New Delhi","336620","New Delhi","Orissa"
"PERF76053621","2023-02-03","Anurag","Varma","Iyengar","M","1988-01-28","Thiruvananthapuram","873835","Thiruvananthapuram","Himachal Pradesh"
"PERF3763622","2024-02-06","Preity","Khatri","Asan","M","1999-08-18","Bengaluru","837828","Bengaluru","Jharkhand"
"PERF82913623","2019-07-17","Budhil","Naik","Agarwal","F","1945-08-08","Hyderabad","545078","Hyderabad","Jammu and Kashmir"
"PERF23463624","2014-04-19","Deb","Iyer","Varman","M","2006-11-13","Hyderabad","284837","Hyderabad","West Bengal"
"PERF38583625","2020-04-26","Achintya","Bhat","Gowda","F","1944-04-02","Thiruvananthapuram","281944","Thiruvananthapuram","Uttar Pradesh"
"PERF65003626","2022-09-22","Shiv","Johar","Prajapat","F","1964-11-27","Thiruvananthapuram","894738","Thiruvananthapuram","Bihar"
"PERF80413627","2019-04-02","Chetanaanand","Prajapat","Sethi","M","1996-07-01","Kolkata","180332","Kolkata","Lakshadweep"
"PERF60623628","2017-01-26","Narinder","Kapoor","Jha","M","1983-05-05","Visakhapatnam","949274","Visakhapatnam","Delhi"
"PERF62263629","2017-05-19","Chitramala","Nambeesan","Pillai","F","1983-07-19","Chennai","450743","Chennai","Arunachal Pradesh"
"PERF60883630","2020-07-30","Chandni","Nath","Joshi","F","1994-10-05","Thiruvananthapuram","534820","Thiruvananthapuram","Madya Pradesh"
"PERF65083631","2015-01-20","Shanti","Mehrotra","Sharma","F","1986-01-15","Hyderabad","581495","Hyderabad","Mizoram"
"PERF81143632","2015-02-05","Vimal","Bandopadhyay","Joshi","M","2023-10-14","Mumbai","639136","Mumbai","Rajasthan"
"PERF50333633","2018-12-11","Arnesh","Mishra","Patel","M","1990-07-19","Thiruvananthapuram","865961","Thiruvananthapuram","Andhra Pradesh"
"PERF15043634","2023-06-29","Swara","Nambeesan","Naik","F","2008-03-08","Kolkata","974922","Kolkata","Gujarat"
"PERF70843635","2022-09-05","Chatur","Tandon","Jha","F","2014-09-19","New Delhi","730775","New Delhi","Karnataka"
"PERF81163636","2018-11-26","Swami","Sharma","Kaniyar","M","1985-05-30","Thiruvananthapuram","010036","Thiruvananthapuram","Uttaranchal"
"PERF31233637","2024-01-21","Mani","Bandopadhyay","Naik","F","1986-04-15","Thiruvananthapuram","483774","Thiruvananthapuram","Delhi"
"PERF73413638","2020-11-02","Dhanpati","Rana","Patel","M","1952-08-17","Mumbai","318545","Mumbai","Uttar Pradesh"
"PERF74343639","2023-04-10","Jagdish","Banerjee","Tandon","F","1975-01-02","Bengaluru","464948","Bengaluru","Arunachal Pradesh"
"PERF78933640","2021-03-09","Vrund","Jain","Saini","F","1962-08-14","Visakhapatnam","085157","Visakhapatnam","Tripura"
"PERF24243641","2014-05-17","Sanjay","Patil","Agarwal","F","1975-08-13","Kolkata","305087","Kolkata","Bihar"
"PERF69273642","2023-08-29","Aruna","Achari","Naik","M","2012-07-11","New Delhi","193832","New Delhi","Uttar Pradesh"
"PERF30353643","2014-05-12","Bhagwanti","Achari","Kocchar","M","2005-03-24","Chennai","160056","Chennai","Andaman and Nicobar Islands"
"PERF6943644","2020-10-11","Arun","Butt","Arora","M","1954-05-26","Kolkata","828620","Kolkata","Jammu and Kashmir"
"PERF70463645","2014-09-17","Rajinder","Chaturvedi","Guha","F","2008-12-18","Mumbai","785347","Mumbai","Tripura"
"PERF88263646","2020-11-14","Gopee","Gill","Pillai","M","2009-12-28","New Delhi","624353","New Delhi","Mizoram"
"PERF17793647","2017-05-21","Satyen","Dutta","Kapoor","M","1948-08-26","Visakhapatnam","752101","Visakhapatnam","Uttaranchal"
"PERF41733648","2018-03-16","Dinkar","Guneta","Dubashi","F","1938-01-01","Thiruvananthapuram","096098","Thiruvananthapuram","Sikkim"
"PERF6193649","2021-03-31","Brajendra","Namboothiri","Marar","F","1992-05-02","Thiruvananthapuram","461076","Thiruvananthapuram","Uttar Pradesh"
"PERF25153650","2016-04-14","Charumati","Guneta","Devar","F","1944-08-18","Chennai","540023","Chennai","Haryana"
"PERF18663651","2020-12-20","Meenakshi","Tagore","Pillai","F","1965-09-05","Hyderabad","916520","Hyderabad","Nagaland"
"PERF45743652","2019-11-09","Jagdeep","Gill","Sinha","M","2010-06-18","Kolkata","698107","Kolkata","Assam"
"PERF22483653","2021-04-23","Anurag","Mukhopadhyay","Iyer","F","2018-03-09","Mumbai","961089","Mumbai","Tripura"
"PERF30893654","2018-01-09","Baladitya","Prajapat","Jain","F","1943-03-18","Bengaluru","660103","Bengaluru","Andaman and Nicobar Islands"
"PERF42353655","2020-09-04","Chidambar","Varma","Saini","F","1940-01-18","New Delhi","725702","New Delhi","Chandigarh"
"PERF89803656","2024-07-05","Advaya","Achari","Acharya","F","1975-12-03","Visakhapatnam","441248","Visakhapatnam","Meghalaya"
"PERF7523657","2023-09-14","Gudakesha","Dhawan","Mehra","M","1973-08-27","Bengaluru","517205","Bengaluru","Jammu and Kashmir"
"PERF68613658","2023-11-23","Anandamayi","Bandopadhyay","Nambeesan","F","1965-05-28","Thiruvananthapuram","310551","Thiruvananthapuram","Dadar and Nagar Haveli"
"PERF12483659","2021-07-28","Bala","Varman","Marar","F","2015-08-22","New Delhi","636112","New Delhi","Punjab"
"PERF13663660","2022-10-10","Leela","Singh","Arora","F","1946-01-04","Thiruvananthapuram","944447","Thiruvananthapuram","Uttar Pradesh"
"PERF26313661","2019-02-20","Tushar","Sethi","Kaur","F","1952-06-14","Kolkata","147316","Kolkata","Lakshadweep"
"PERF82103662","2022-06-08","Chandramauli","Panicker","Desai","M","1952-11-14","Chennai","629557","Chennai","Dadar and Nagar Haveli"
"PERF55923663","2020-09-08","Avadhesh","Sinha","Sinha","F","2020-12-12","Chennai","172856","Chennai","Tamil Nadu"
"PERF2113664","2023-02-05","Bhoj","Pothuvaal","Menon","M","2001-01-23","Visakhapatnam","858241","Visakhapatnam","Andhra Pradesh"
"PERF18763665","2019-08-17","Ranjeet","Jha","Pilla","M","1953-11-27","New Delhi","181076","New Delhi","Rajasthan"
"PERF81583666","2020-05-24","Girish","Dutta","Kaur","M","1947-08-08","Kolkata","638243","Kolkata","Orissa"
"PERF88983667","2017-02-24","Chandraketu","Varman","Kaul","F","1988-02-02","Kolkata","836371","Kolkata","Meghalaya"
"PERF64553668","2022-06-07","Anand Swarup","Johar","Malik","M","1937-03-09","Visakhapatnam","049593","Visakhapatnam","Pondicherry"
"PERF92323669","2020-04-30","Jitendra","Namboothiri","Embranthiri","F","2005-07-04","Hyderabad","287106","Hyderabad","Sikkim"
"PERF34083670","2020-09-19","Anang","Bhat","Bhat","F","1991-12-23","Mumbai","768112","Mumbai","Meghalaya"
"PERF44323671","2020-09-14","Shubhaprada","Jain","Prajapat","F","1957-12-27","Chennai","122823","Chennai","Gujarat"
"PERF1953672","2016-11-13","Satyen","Guneta","Sinha","F","1981-01-05","Mumbai","874674","Mumbai","Arunachal Pradesh"
"PERF69663673","2017-03-25","Rati","Singh","Desai","F","2012-08-03","Bengaluru","222588","Bengaluru","Delhi"
"PERF10483674","2014-08-15","Indira","Joshi","Dutta","F","2004-05-11","Chennai","722455","Chennai","Pondicherry"
"PERF14453675","2015-04-10","Aruna","Khan","Namboothiri","M","1934-02-14","Visakhapatnam","079087","Visakhapatnam","Himachal Pradesh"
"PERF73063676","2017-04-08","Dron","Malik","Guha","F","1941-06-26","New Delhi","845361","New Delhi","Andaman and Nicobar Islands"
"PERF94573677","2022-12-06","Brahmanandam","Pillai","Sinha","F","1943-02-17","Mumbai","722154","Mumbai","Himachal Pradesh"
"PERF29233678","2022-09-23","Sharda","Reddy","Panicker","M","1970-12-16","Chennai","839608","Chennai","Orissa"
"PERF51603679","2020-02-13","Sweta","Dutta","Gupta","F","1974-11-16","Visakhapatnam","171331","Visakhapatnam","Arunachal Pradesh"
"PERF85273680","2023-10-07","Tara","Gandhi","Pilla","M","1956-11-01","Mumbai","867293","Mumbai","Arunachal Pradesh"
"PERF34903681","2017-05-13","Sweta","Kaul","Kakkar","F","1964-01-26","Kolkata","959339","Kolkata","Maharashtra"
"PERF56933682","2022-01-01","Chidananda","Saini","Trivedi","F","1992-03-31","Kolkata","664083","Kolkata","Tripura"
"PERF24953683","2022-06-06","Swapnil","Adiga","Varrier","M","2002-10-12","Bengaluru","077762","Bengaluru","Andhra Pradesh"
"PERF63933684","2022-06-15","Ahalya","Singh","Bhat","F","1985-07-17","New Delhi","112624","New Delhi","Rajasthan"
"PERF90003685","2019-11-24","Heema","Reddy","Kocchar","F","1983-10-20","Thiruvananthapuram","238837","Thiruvananthapuram","Sikkim"
"PERF39903686","2022-02-05","Ashok","Agarwal","Shah","M","1956-08-12","Thiruvananthapuram","625936","Thiruvananthapuram","Tripura"
"PERF75893687","2018-08-28","Devvrat","Reddy","Pothuvaal","F","2003-03-18","Hyderabad","334970","Hyderabad","Lakshadweep"
"PERF68473688","2022-09-30","Trisha","Marar","Gupta","M","1949-11-04","Bengaluru","032537","Bengaluru","Karnataka"
"PERF7583689","2018-11-26","Harita","Chopra","Kocchar","F","2013-02-05","Hyderabad","464110","Hyderabad","Jammu and Kashmir"
"PERF27183690","2024-05-29","Lila","Jain","Trivedi","F","1938-01-04","Hyderabad","979453","Hyderabad","Chandigarh"
"PERF5663691","2020-05-12","Subhashini","Rana","Talwar","F","1935-03-20","Bengaluru","525894","Bengaluru","Delhi"
"PERF2533692","2024-05-18","Kumar","Panicker","Trivedi","M","1963-12-17","Visakhapatnam","998183","Visakhapatnam","Kerala"
"PERF65453693","2017-02-07","Swami","Desai","Bhattacharya","F","1996-12-29","Bengaluru","670244","Bengaluru","Uttaranchal"
"PERF64813694","2015-07-27","Sher","Ahuja","Namboothiri","M","1995-07-09","Kolkata","429160","Kolkata","Jharkhand"
"PERF5583695","2019-10-02","Anwesha","Verma","Butt","M","1955-12-24","Thiruvananthapuram","513503","Thiruvananthapuram","Andaman and Nicobar Islands"
"PERF51183696","2023-02-28","Brahma","Sharma","Somayaji","F","1964-11-29","Thiruvananthapuram","149852","Thiruvananthapuram","Gujarat"
"PERF67523697","2016-12-30","Gautami","Adiga","Ahluwalia","F","2011-07-07","Thiruvananthapuram","139395","Thiruvananthapuram","Andaman and Nicobar Islands"
"PERF22363698","2020-11-30","Gita","Shukla","Naik","F","1954-10-08","Kolkata","394829","Kolkata","Rajasthan"
"PERF1103699","2019-02-15","Rageswari","Pillai","Sharma","F","1934-07-05","Hyderabad","192982","Hyderabad","Jharkhand"
"PERF11683700","2021-01-25","Jitendra","Kapoor","Agarwal","F","1977-07-03","Kolkata","567384","Kolkata","Bihar"
"PERF61713701","2021-05-12","Harit","Varrier","Bandopadhyay","F","2022-06-01","Mumbai","139482","Mumbai","Karnataka"
"PERF38703702","2018-01-20","Purnima","Kocchar","Marar","M","2001-08-15","Hyderabad","519994","Hyderabad","Chhattisgarh"
"PERF64883703","2021-03-16","Deepali","Desai","Tagore","M","1999-10-08","New Delhi","747709","New Delhi","Chandigarh"
"PERF5163704","2017-02-08","Dhara","Tandon","Kaur","M","1985-01-02","Visakhapatnam","546468","Visakhapatnam","Karnataka"
"PERF55013705","2022-04-30","Jitender","Menon","Naik","M","2023-03-02","Kolkata","485257","Kolkata","Orissa"
"PERF47453706","2021-03-08","Chaanakya","Khatri","Deshpande","F","2004-01-25","Kolkata","447853","Kolkata","Uttar Pradesh"
"PERF98863707","2024-07-18","Lakshmi","Agarwal","Pandey","M","2010-01-16","Kolkata","823486","Kolkata","Himachal Pradesh"
"PERF47953708","2016-09-24","Gopee","Dutta","Dubashi","F","1947-06-15","Visakhapatnam","450654","Visakhapatnam","West Bengal"
"PERF73473709","2024-06-06","Adhrit","Banerjee","Khan","M","2003-07-04","Thiruvananthapuram","523079","Thiruvananthapuram","Dadar and Nagar Haveli"
"PERF19683710","2022-02-01","Ambar","Chattopadhyay","Kakkar","M","1994-04-30","New Delhi","580055","New Delhi","Sikkim"
"PERF74163711","2015-05-29","Amogh","Bhat","Achari","F","1930-03-26","New Delhi","678913","New Delhi","Mizoram"
"PERF67953712","2018-01-21","Baidehi","Deshpande","Johar","F","2004-07-02","Hyderabad","087019","Hyderabad","Chhattisgarh"
"PERF34503713","2018-04-07","Ekadant","Guha","Patil","M","1951-02-25","Chennai","059558","Chennai","West Bengal"
"PERF41833714","2019-08-09","Amogh","Shah","Mehrotra","F","1951-12-26","Bengaluru","352571","Bengaluru","Goa"
"PERF3153715","2019-02-09","Eshita","Nayar","Somayaji","F","1947-11-19","Hyderabad","012767","Hyderabad","Jharkhand"
"PERF85533716","2023-02-25","Aadidev","Kapoor","Abbott","M","2018-05-16","Mumbai","092014","Mumbai","Dadar and Nagar Haveli"
"PERF27893717","2018-03-31","Dev","Bandopadhyay","Gill","F","1981-05-22","Kolkata","834373","Kolkata","Karnataka"
"PERF6623718","2024-06-01","Poornima","Agarwal","Kakkar","F","1936-05-05","New Delhi","635055","New Delhi","Sikkim"
"PERF59553719","2018-06-16","Aatreya","Kakkar","Kaniyar","F","2015-12-27","Kolkata","138431","Kolkata","Pondicherry"
"PERF5893720","2018-01-20","Aadi","Verma","Dhawan","M","1975-08-05","New Delhi","458878","New Delhi","Uttar Pradesh"
"PERF10943721","2023-01-26","Datta","Achari","Dwivedi","F","2005-01-29","Chennai","438269","Chennai","Arunachal Pradesh"
"PERF91113722","2018-02-18","Adripathi","Sethi","Shukla","M","2019-09-22","Visakhapatnam","979975","Visakhapatnam","Haryana"
"PERF56593723","2016-10-26","Chanakya","Panicker","Khanna","F","1964-11-28","Chennai","336008","Chennai","Karnataka"
"PERF28183724","2021-03-15","Bhisham","Bhat","Talwar","M","1967-08-04","Hyderabad","380144","Hyderabad","Sikkim"
"PERF15693725","2022-04-10","Aaditya","Jha","Guha","M","2014-04-03","Thiruvananthapuram","155397","Thiruvananthapuram","Bihar"
"PERF4843726","2023-04-14","Akshat","Khatri","Kaniyar","F","1950-06-08","Bengaluru","844558","Bengaluru","Haryana"
"PERF62403727","2020-09-10","Divya","Butt","Kapoor","F","1956-05-20","Chennai","954274","Chennai","Uttar Pradesh"
"PERF16193728","2021-04-14","Bhooshit","Abbott","Dhawan","F","2020-04-26","New Delhi","741465","New Delhi","Tripura"
"PERF85093729","2020-05-23","Anurag","Embranthiri","Namboothiri","F","2022-05-02","Bengaluru","823174","Bengaluru","Madya Pradesh"
"PERF75303730","2016-09-20","Aaratrika","Mishra","Rana","F","1975-08-16","Bengaluru","914534","Bengaluru","Sikkim"
"PERF27223731","2014-10-01","Daksha","Varrier","Varrier","F","1944-12-29","New Delhi","978148","New Delhi","Rajasthan"
"PERF74873732","2014-07-14","Urmila","Kaniyar","Bandopadhyay","F","1988-09-17","Kolkata","359092","Kolkata","Haryana"
"PERF3553733","2019-05-23","Deeptanshu","Talwar","Iyer","F","1932-05-26","Bengaluru","634825","Bengaluru","Uttar Pradesh"
"PERF84573734","2014-12-27","Devvrat","Agarwal","Sharma","M","1937-02-02","Thiruvananthapuram","657743","Thiruvananthapuram","Tamil Nadu"
"PERF63553735","2018-03-08","Daevika","Gill","Gowda","M","1950-02-04","Bengaluru","763695","Bengaluru","Arunachal Pradesh"
"PERF52393736","2018-08-19","Bhargavi","Desai","Gowda","F","1936-06-22","Thiruvananthapuram","112395","Thiruvananthapuram","Karnataka"
"PERF73573737","2021-06-13","Aagam","Arora","Desai","F","1957-11-19","Hyderabad","258997","Hyderabad","Delhi"
"PERF44503738","2024-05-25","Gita","Tandon","Pothuvaal","F","1988-07-07","New Delhi","996625","New Delhi","Mizoram"
"PERF83273739","2022-08-02","Bandhul","Dutta","Dutta","M","1986-04-18","New Delhi","475789","New Delhi","Dadar and Nagar Haveli"
"PERF19953740","2021-03-20","Ghanaanand","Joshi","Mukhopadhyay","F","1976-02-10","Mumbai","065899","Mumbai","Andaman and Nicobar Islands"
"PERF10813741","2023-02-19","Vrund","Talwar","Bharadwaj","M","1984-10-21","Bengaluru","491361","Bengaluru","Lakshadweep"
"PERF58173742","2019-06-19","Jagmeet","Dubashi","Ganaka","F","2019-09-22","Chennai","662317","Chennai","Goa"
"PERF92673743","2022-11-18","Sushil","Kakkar","Butt","M","1992-09-13","Chennai","072249","Chennai","West Bengal"
"PERF13773744","2016-07-16","Deepali","Verma","Trivedi","M","1953-08-25","New Delhi","949821","New Delhi","Andaman and Nicobar Islands"
"PERF6283745","2023-06-25","Devvrat","Jain","Sethi","M","1965-03-10","Chennai","654869","Chennai","Chhattisgarh"
"PERF99693746","2018-12-02","Ashlesh","Talwar","Panicker","M","1941-09-20","Visakhapatnam","505377","Visakhapatnam","Pondicherry"
"PERF44953747","2023-06-05","Bahula","Agarwal","Nehru","F","1933-12-18","Kolkata","845877","Kolkata","Himachal Pradesh"
"PERF4473748","2020-01-24","Bela","Banerjee","Nayar","F","1986-04-11","New Delhi","499811","New Delhi","Haryana"
"PERF43363749","2021-06-02","Vaidehi","Pandey","Reddy","M","2014-05-24","Thiruvananthapuram","348926","Thiruvananthapuram","Tamil Nadu"
"PERF48193750","2019-09-13","Amrit","Gill","Marar","M","2011-08-03","Chennai","936324","Chennai","Delhi"
"PERF73323751","2015-05-18","Ritesh","Kocchar","Khatri","M","1960-07-20","Mumbai","954330","Mumbai","Mizoram"
"PERF74373752","2021-04-08","Girik","Shukla","Talwar","F","2021-03-05","Kolkata","345370","Kolkata","Punjab"
"PERF36953753","2021-07-27","Dayaamay","Pilla","Mehrotra","F","1946-12-24","Chennai","317661","Chennai","Mizoram"
"PERF63603754","2017-04-01","Gautama","Menon","Nehru","M","2023-02-27","Bengaluru","117825","Bengaluru","Tripura"
"PERF27033755","2016-04-11","Bakula","Kaniyar","Devar","M","1965-04-02","Chennai","215548","Chennai","Chandigarh"
"PERF74603756","2015-05-25","Vyas","Varrier","Varrier","M","2004-11-01","Chennai","291034","Chennai","Gujarat"
"PERF21023757","2018-11-03","Amritambu","Prajapat","Iyer","M","1974-12-18","Mumbai","147321","Mumbai","Lakshadweep"
"PERF45873758","2015-07-23","Ekdant","Butt","Somayaji","M","2004-02-13","Hyderabad","028424","Hyderabad","Uttaranchal"
"PERF65253759","2023-02-24","Gurdev","Bhat","Namboothiri","F","1941-10-08","Kolkata","876946","Kolkata","Meghalaya"
"PERF56183760","2024-04-15","Omana","Somayaji","Kapoor","M","1958-03-12","New Delhi","412066","New Delhi","Daman and Diu"
"PERF16753761","2023-08-06","Rageshwari","Kakkar","Mishra","M","2001-12-08","Visakhapatnam","556713","Visakhapatnam","Uttaranchal"
"PERF92883762","2015-02-04","Anasooya","Nehru","Saini","F","1937-08-16","Visakhapatnam","800110","Visakhapatnam","Arunachal Pradesh"
"PERF70373763","2022-06-23","Divjot","Deshpande","Reddy","M","1976-07-29","Bengaluru","643623","Bengaluru","Haryana"
"PERF15893764","2018-06-15","Hiranmaya","Reddy","Abbott","F","1987-03-05","Kolkata","971486","Kolkata","Mizoram"
"PERF66323765","2023-03-07","Amrit","Somayaji","Kaniyar","F","1948-06-29","Hyderabad","034891","Hyderabad","Uttar Pradesh"
"PERF31523766","2022-05-29","Dayaananda","Tandon","Gowda","M","1973-04-21","Thiruvananthapuram","821541","Thiruvananthapuram","Dadar and Nagar Haveli"
"PERF44503767","2016-01-15","Aadi","Talwar","Abbott","M","1975-09-11","Bengaluru","029134","Bengaluru","Assam"
"PERF77073768","2017-05-29","Prasanna","Patil","Chaturvedi","F","1953-11-17","Thiruvananthapuram","963024","Thiruvananthapuram","Uttaranchal"
"PERF37673769","2017-06-12","Hiranmaya","Butt","Namboothiri","M","1965-04-19","Thiruvananthapuram","896470","Thiruvananthapuram","Gujarat"
"PERF21483770","2017-01-27","Mangala","Deshpande","Sharma","M","1977-12-30","Kolkata","256815","Kolkata","Himachal Pradesh"
"PERF21273771","2023-05-17","Heema","Trivedi","Mehra","F","2008-08-30","Mumbai","545412","Mumbai","Himachal Pradesh"
"PERF38653772","2019-01-08","Harita","Guha","Acharya","M","2006-03-09","Thiruvananthapuram","954612","Thiruvananthapuram","Pondicherry"
"PERF43083773","2024-03-04","Avani","Somayaji","Bhattacharya","M","1980-09-10","Visakhapatnam","531871","Visakhapatnam","Maharashtra"
"PERF73343774","2020-12-17","Devajyoti","Naik","Menon","F","1940-01-10","Mumbai","657782","Mumbai","Haryana"
"PERF48253775","2017-02-12","Gopal","Varman","Reddy","F","2008-01-30","Kolkata","231049","Kolkata","Maharashtra"
"PERF40823776","2023-01-02","Daevi","Chopra","Acharya","M","1944-05-23","Bengaluru","550664","Bengaluru","Madya Pradesh"
"PERF13753777","2017-05-15","Deenabandhu","Mahajan","Nambeesan","F","2006-10-08","Bengaluru","552006","Bengaluru","Tamil Nadu"
"PERF63793778","2017-07-26","Anala","Kapoor","Sethi","F","2005-03-12","New Delhi","792413","New Delhi","Uttaranchal"
"PERF38653779","2015-12-08","Bhaanumati","Achari","Ahluwalia","M","1969-05-07","Bengaluru","781820","Bengaluru","Lakshadweep"
"PERF36923780","2024-05-04","Deepankar","Varrier","Somayaji","M","2017-11-12","Visakhapatnam","672161","Visakhapatnam","Punjab"
"PERF95753781","2023-12-04","Suryakantam","Mukhopadhyay","Mishra","M","1970-08-09","Kolkata","292849","Kolkata","Gujarat"
"PERF23963782","2021-09-29","Bhadran","Mehrotra","Desai","M","1977-06-01","Mumbai","813556","Mumbai","Chhattisgarh"
"PERF69043783","2018-10-17","Goswamee","Saini","Mehrotra","F","1960-02-28","Mumbai","315802","Mumbai","Goa"
"PERF313784","2023-12-16","Himani","Dhawan","Shukla","F","1982-10-29","Hyderabad","194449","Hyderabad","Lakshadweep"
"PERF54893785","2023-08-28","Devi","Asan","Talwar","F","1964-04-25","Bengaluru","229890","Bengaluru","Tamil Nadu"
"PERF73933786","2015-03-27","Aagneya","Panicker","Bhat","F","2020-02-29","Kolkata","080474","Kolkata","Delhi"
"PERF26423787","2019-08-31","Trilok","Nair","Kakkar","M","2003-06-05","Thiruvananthapuram","188545","Thiruvananthapuram","Jharkhand"
"PERF52053788","2022-11-01","Gati","Dhawan","Agarwal","M","2015-09-15","New Delhi","508424","New Delhi","Jammu and Kashmir"
"PERF15043789","2017-06-14","Shanti","Gupta","Pothuvaal","M","1993-01-27","Visakhapatnam","466254","Visakhapatnam","Chhattisgarh"
"PERF94143790","2021-08-17","Bandhu","Panicker","Guneta","F","2002-05-25","Kolkata","720342","Kolkata","Rajasthan"
"PERF97493791","2016-04-22","Amaranaath","Saini","Kaniyar","M","1979-01-01","Bengaluru","338069","Bengaluru","Dadar and Nagar Haveli"
"PERF60923792","2017-01-01","Agneya","Dubashi","Nair","F","1950-04-21","Bengaluru","831267","Bengaluru","Tripura"
"PERF34503793","2017-07-12","Amarnath","Devar","Dubashi","F","1972-12-03","Visakhapatnam","389773","Visakhapatnam","Uttaranchal"
"PERF63113794","2023-10-19","Anish","Joshi","Gupta","F","1982-02-21","Hyderabad","905737","Hyderabad","Pondicherry"
"PERF58233795","2016-04-29","Kumuda","Prajapat","Shah","F","2006-05-23","Kolkata","942931","Kolkata","Madya Pradesh"
"PERF53443796","2016-12-25","Baala","Nair","Shukla","F","1996-09-12","Visakhapatnam","518630","Visakhapatnam","Goa"
"PERF69383797","2014-07-16","Rajiv","Sharma","Verma","M","1972-10-16","Thiruvananthapuram","097332","Thiruvananthapuram","Kerala"
"PERF84513798","2018-07-14","Dhaanyalakshmi","Shah","Pothuvaal","F","2001-10-25","Visakhapatnam","684718","Visakhapatnam","Meghalaya"
"PERF46113799","2016-08-25","Akroor","Bandopadhyay","Iyengar","F","1941-11-12","Kolkata","882182","Kolkata","Jharkhand"
"PERF82593800","2021-05-27","Vasudha","Kaniyar","Varma","F","1996-08-04","Kolkata","687349","Kolkata","Manipur"
"PERF7613801","2021-05-03","Brahmanandam","Khan","Somayaji","F","1987-07-25","Chennai","268521","Chennai","Jammu and Kashmir"
"PERF7333802","2020-03-08","Indra","Asan","Desai","M","1939-12-19","Kolkata","468402","Kolkata","Bihar"
"PERF30453803","2021-09-24","Kama","Varma","Bandopadhyay","F","2020-11-22","Bengaluru","884542","Bengaluru","Uttaranchal"
"PERF31573804","2022-11-13","Chakradhar","Mehra","Ganaka","M","1976-08-21","Bengaluru","185054","Bengaluru","Andhra Pradesh"
"PERF39243805","2023-09-19","Chapal","Shah","Singh","M","1994-01-02","Bengaluru","641470","Bengaluru","Madya Pradesh"
"PERF75593806","2018-08-27","Ekalavya","Bhattacharya","Dubashi","M","2019-11-01","Mumbai","426512","Mumbai","Lakshadweep"
"PERF23153807","2023-11-08","Adikavi","Tandon","Joshi","M","1940-10-15","Mumbai","478624","Mumbai","Chhattisgarh"
"PERF11803808","2014-06-26","Sheela","Embranthiri","Tagore","F","1977-02-02","Kolkata","086007","Kolkata","Haryana"
"PERF80113809","2015-02-20","Urmila","Joshi","Tandon","M","1930-01-06","Thiruvananthapuram","012660","Thiruvananthapuram","Goa"
"PERF94143810","2023-03-26","Mandakini","Gupta","Sethi","F","2003-06-09","New Delhi","946180","New Delhi","Tripura"
"PERF84273811","2015-07-23","Dhyanesh","Guneta","Mishra","F","1939-08-14","Hyderabad","946753","Hyderabad","Haryana"
"PERF59823812","2020-10-29","Suma","Shukla","Tandon","F","1938-12-05","Bengaluru","628110","Bengaluru","Tamil Nadu"
"PERF10683813","2020-02-28","Eekalabya","Khan","Arora","M","1940-06-07","Visakhapatnam","851423","Visakhapatnam","Rajasthan"
"PERF73933814","2017-03-29","Lai","Mukhopadhyay","Iyengar","M","1991-09-27","Hyderabad","359425","Hyderabad","Tamil Nadu"
"PERF90713815","2019-04-30","Triloki","Shukla","Varma","M","1988-01-14","New Delhi","509389","New Delhi","Punjab"
"PERF19073816","2016-04-03","Tushar","Khanna","Arora","M","1978-07-24","Kolkata","668981","Kolkata","Sikkim"
"PERF94523817","2016-05-25","Devi","Jain","Trivedi","F","1983-02-09","Bengaluru","084620","Bengaluru","Jammu and Kashmir"
"PERF3233818","2016-07-31","Aishani","Jain","Kaniyar","F","1988-05-19","Kolkata","384795","Kolkata","Dadar and Nagar Haveli"
"PERF40043819","2023-08-19","Vaishno","Mehra","Adiga","M","1993-07-18","Thiruvananthapuram","706999","Thiruvananthapuram","Maharashtra"
"PERF4693820","2020-05-22","Bhagirathi","Pillai","Menon","M","1954-09-30","Chennai","697478","Chennai","Kerala"
"PERF65753821","2020-11-16","Gautam","Varma","Banerjee","M","1989-07-22","New Delhi","616650","New Delhi","West Bengal"
"PERF61173822","2014-12-13","Divakar","Mehrotra","Somayaji","M","1956-01-15","New Delhi","294254","New Delhi","Manipur"
"PERF94643823","2014-08-10","Aadrika","Prajapat","Nayar","M","1975-11-01","Thiruvananthapuram","812024","Thiruvananthapuram","Andhra Pradesh"
"PERF55993824","2021-04-29","Kiran","Desai","Sethi","M","2009-08-31","Chennai","481261","Chennai","Goa"
"PERF98513825","2024-03-05","Bankim","Menon","Kaul","F","2011-03-04","Chennai","890436","Chennai","Mizoram"
"PERF59733826","2021-01-03","Bhudev","Kocchar","Mukhopadhyay","M","1938-06-21","Kolkata","536809","Kolkata","Chhattisgarh"
"PERF93843827","2018-04-28","Rati","Namboothiri","Shah","M","1939-05-22","New Delhi","354365","New Delhi","Goa"
"PERF21143828","2022-11-15","Kanchan","Abbott","Chattopadhyay","M","1990-04-20","Mumbai","635696","Mumbai","Bihar"
"PERF43293829","2019-02-01","Varalakshmi","Patel","Nambeesan","M","1959-04-01","Visakhapatnam","197051","Visakhapatnam","Orissa"
"PERF96033830","2018-08-15","Kirti","Dhawan","Jain","M","1951-10-27","Bengaluru","173953","Bengaluru","Kerala"
"PERF44243831","2014-07-27","Anuja","Guha","Chattopadhyay","M","1983-10-30","Chennai","807878","Chennai","Andhra Pradesh"
"PERF97563832","2023-01-17","Indra","Tagore","Iyengar","F","1930-02-22","Visakhapatnam","039200","Visakhapatnam","Tripura"
"PERF67573833","2023-02-01","Daevi","Varma","Nair","F","2010-10-31","Hyderabad","157545","Hyderabad","Delhi"
"PERF85273834","2014-11-02","Smita","Patel","Malik","F","1931-06-23","Thiruvananthapuram","777186","Thiruvananthapuram","Andaman and Nicobar Islands"
"PERF48113835","2016-11-20","Deepan","Nair","Desai","M","1972-04-30","Thiruvananthapuram","457383","Thiruvananthapuram","Arunachal Pradesh"
"PERF83993836","2019-06-23","Karan","Dwivedi","Gowda","F","1976-11-06","Thiruvananthapuram","298417","Thiruvananthapuram","Lakshadweep"
"PERF82503837","2019-09-17","Adityanandan","Kaul","Marar","F","1948-08-26","Kolkata","416016","Kolkata","Assam"
"PERF8443838","2024-01-05","Rageswari","Devar","Somayaji","F","1992-09-08","Kolkata","634715","Kolkata","Punjab"
"PERF39433839","2015-01-13","Sanya","Saini","Tandon","M","1977-08-30","Kolkata","018482","Kolkata","Andaman and Nicobar Islands"
"PERF47853840","2020-03-08","Karan","Varman","Reddy","F","1932-12-05","New Delhi","438290","New Delhi","West Bengal"
"PERF94793841","2018-11-27","Aatmaja","Kocchar","Malik","F","1973-03-08","Hyderabad","287392","Hyderabad","Rajasthan"
"PERF26883842","2017-01-01","Vrund","Varma","Johar","F","2013-03-06","Bengaluru","834684","Bengaluru","Daman and Diu"
"PERF98753843","2014-07-21","Nanda","Gupta","Prajapat","F","2020-08-06","Bengaluru","797232","Bengaluru","Haryana"
"PERF41033844","2018-10-26","Shresthi","Dutta","Achari","F","1983-02-25","Chennai","743162","Chennai","Lakshadweep"
"PERF47823845","2016-06-30","Priyala","Iyengar","Ahluwalia","M","1933-04-16","New Delhi","047928","New Delhi","Dadar and Nagar Haveli"
"PERF74433846","2015-04-27","Vinay","Marar","Chopra","M","1942-08-20","Thiruvananthapuram","392107","Thiruvananthapuram","Tripura"
"PERF51143847","2014-10-12","Anjushri","Kaur","Adiga","F","2011-04-13","Visakhapatnam","961629","Visakhapatnam","Lakshadweep"
"PERF93053848","2023-02-05","Ananda","Sinha","Shukla","M","2006-08-16","Kolkata","973602","Kolkata","West Bengal"
"PERF94083849","2018-12-22","Atmananda","Nayar","Chattopadhyay","M","1982-05-01","Chennai","066325","Chennai","Tripura"
"PERF38203850","2022-09-06","Rupinder","Chattopadhyay","Gupta","F","1933-05-27","Hyderabad","636447","Hyderabad","Haryana"
"PERF2783851","2015-12-31","Bhisham","Johar","Agarwal","M","1958-06-10","Thiruvananthapuram","111144","Thiruvananthapuram","Goa"
"PERF81463852","2024-06-26","Dharitri","Agarwal","Varman","M","1953-03-21","Visakhapatnam","249870","Visakhapatnam","Tripura"
"PERF21313853","2018-11-04","Harinakshi","Nair","Mishra","F","1937-11-09","Hyderabad","015746","Hyderabad","Jharkhand"
"PERF69683854","2017-11-18","Kalinda","Namboothiri","Nambeesan","F","2022-12-04","Kolkata","978797","Kolkata","Madya Pradesh"
"PERF51743855","2015-05-16","Vedanshi","Menon","Adiga","F","1948-10-06","Mumbai","263186","Mumbai","Chhattisgarh"
"PERF25253856","2019-03-07","Suryakant","Pothuvaal","Reddy","M","2023-05-13","Thiruvananthapuram","816013","Thiruvananthapuram","Uttaranchal"
"PERF8763857","2015-10-27","Mayoor","Bandopadhyay","Khatri","M","1937-06-19","Visakhapatnam","538708","Visakhapatnam","Lakshadweep"
"PERF63883858","2016-03-12","Vaishvi","Mukhopadhyay","Kaul","M","1946-10-01","Kolkata","146809","Kolkata","Uttaranchal"
"PERF61363859","2022-08-20","Umang","Pilla","Shah","F","1993-05-25","Hyderabad","256826","Hyderabad","Manipur"
"PERF60263860","2017-08-22","Amrit","Saini","Abbott","F","2006-04-15","Thiruvananthapuram","772043","Thiruvananthapuram","Gujarat"
"PERF34623861","2016-09-29","Chitrangada","Namboothiri","Varman","M","1988-06-07","Chennai","565544","Chennai","Himachal Pradesh"
"PERF93903862","2022-12-26","Ekdant","Varman","Chaturvedi","F","1971-03-14","Hyderabad","819659","Hyderabad","Kerala"
"PERF64483863","2021-02-06","Bakula","Guha","Tandon","F","2004-01-14","Kolkata","311766","Kolkata","Tripura"
"PERF39113864","2017-10-17","Shivakari","Ahuja","Sethi","F","1943-09-03","Thiruvananthapuram","400026","Thiruvananthapuram","Madya Pradesh"
"PERF7943865","2021-03-07","Daksha","Kakkar","Khan","M","1974-12-29","Visakhapatnam","314069","Visakhapatnam","Sikkim"
"PERF9203866","2022-10-01","Nalini","Bhat","Reddy","F","1951-04-30","New Delhi","798906","New Delhi","Punjab"
"PERF23043867","2022-08-26","Aasa","Shukla","Nehru","M","1969-01-04","New Delhi","559015","New Delhi","Nagaland"
"PERF883868","2014-03-05","Giriraj","Bharadwaj","Tandon","F","1969-07-30","Thiruvananthapuram","854829","Thiruvananthapuram","Meghalaya"
"PERF88213869","2014-10-11","Kanishka","Banerjee","Pothuvaal","M","1959-10-03","Visakhapatnam","876808","Visakhapatnam","Dadar and Nagar Haveli"
"PERF54933870","2016-02-14","Kirti","Verma","Panicker","F","1942-10-22","Chennai","979526","Chennai","Delhi"
"PERF76313871","2018-11-20","Kanaka","Jain","Naik","F","1937-02-04","New Delhi","240285","New Delhi","Kerala"
"PERF60803872","2021-07-28","Manisha","Asan","Nair","M","2009-05-01","Thiruvananthapuram","697270","Thiruvananthapuram","West Bengal"
"PERF29183873","2018-04-02","Trilochan","Patel","Bandopadhyay","F","1950-11-25","Visakhapatnam","847249","Visakhapatnam","Orissa"
"PERF4593874","2020-12-05","Jaimini","Kaur","Mahajan","F","2008-06-06","Kolkata","168121","Kolkata","Sikkim"
"PERF57473875","2018-02-15","Daevi","Deshpande","Tandon","M","1984-05-13","New Delhi","808375","New Delhi","Jharkhand"
"PERF69023876","2018-06-02","Krishnadasa","Panicker","Gowda","M","2006-08-10","Chennai","838916","Chennai","Delhi"
"PERF41413877","2016-04-15","Deeptimoy","Verma","Tandon","F","1985-04-04","Hyderabad","173211","Hyderabad","Manipur"
"PERF12323878","2019-07-18","Mayoor","Khatri","Nehru","M","1936-07-01","Mumbai","007566","Mumbai","Meghalaya"
"PERF98793879","2015-09-26","Akshata","Asan","Mehra","M","1994-03-06","Bengaluru","264374","Bengaluru","Daman and Diu"
"PERF67213880","2017-07-03","Chitrangada","Bhat","Achari","M","1967-11-30","Chennai","598676","Chennai","Lakshadweep"
"PERF38533881","2020-02-05","Rohana","Khatri","Embranthiri","F","1950-01-03","Mumbai","847695","Mumbai","Andaman and Nicobar Islands"
"PERF79983882","2020-01-01","Aatreya","Guneta","Varrier","M","1963-01-28","Thiruvananthapuram","611616","Thiruvananthapuram","West Bengal"
"PERF72553883","2023-02-15","Dandapaani","Acharya","Acharya","M","1942-01-13","Chennai","099703","Chennai","Manipur"
"PERF60773884","2014-08-19","Rahul","Mahajan","Saini","F","2002-02-11","Kolkata","502079","Kolkata","Sikkim"
"PERF82523885","2023-07-28","Rageshwari","Kaul","Iyengar","M","2001-02-13","Kolkata","657750","Kolkata","Punjab"
"PERF32163886","2014-03-24","Rakesh","Acharya","Kakkar","M","2006-01-06","Kolkata","364231","Kolkata","Tripura"
"PERF22233887","2022-12-29","Swarnalata","Talwar","Talwar","M","1936-07-11","Thiruvananthapuram","881760","Thiruvananthapuram","Mizoram"
"PERF53013888","2019-07-30","Tushar","Ganaka","Adiga","F","2022-12-11","Visakhapatnam","265581","Visakhapatnam","Manipur"
"PERF48313889","2023-02-13","Shashi","Devar","Naik","M","1973-04-13","Visakhapatnam","363460","Visakhapatnam","Jammu and Kashmir"
"PERF21783890","2015-12-29","Jagdeep","Marar","Kaniyar","M","1961-10-14","Thiruvananthapuram","970757","Thiruvananthapuram","Himachal Pradesh"
"PERF68003891","2021-05-05","Aanandinii","Joshi","Pandey","M","1966-05-22","Kolkata","148070","Kolkata","Sikkim"
"PERF95913892","2019-10-19","Sushil","Mukhopadhyay","Abbott","M","2014-12-27","New Delhi","831607","New Delhi","Chhattisgarh"
"PERF91513893","2018-07-28","Opaline","Rana","Naik","F","2022-08-26","Bengaluru","420161","Bengaluru","Orissa"
"PERF56053894","2019-09-27","Mohinder","Kocchar","Nehru","M","1948-11-17","Bengaluru","689339","Bengaluru","Delhi"
"PERF3633895","2021-05-15","Sarada","Agarwal","Agarwal","F","1949-05-09","Visakhapatnam","055671","Visakhapatnam","Bihar"
"PERF59403896","2017-05-27","Deeptiman","Bhattathiri","Bandopadhyay","M","1934-10-19","Chennai","199514","Chennai","Tamil Nadu"
"PERF28883897","2020-08-17","Puneet","Khatri","Bhat","M","1994-09-08","New Delhi","003635","New Delhi","Karnataka"
"PERF13063898","2016-06-10","Akshaj","Namboothiri","Mukhopadhyay","M","1943-03-04","Visakhapatnam","658632","Visakhapatnam","Pondicherry"
"PERF34133899","2024-01-20","Prem","Naik","Joshi","F","1967-01-16","Kolkata","217131","Kolkata","Delhi"
"PERF59023900","2022-09-10","Deependra","Varman","Tandon","F","1938-03-09","Chennai","975822","Chennai","Arunachal Pradesh"
"PERF30923901","2019-03-29","Chandra","Talwar","Abbott","F","1969-09-21","Hyderabad","265004","Hyderabad","Gujarat"
"PERF61313902","2019-05-24","Aatreya","Deshpande","Varma","F","1970-04-13","Hyderabad","852153","Hyderabad","Goa"
"PERF4663903","2019-04-10","Karthik","Mukhopadhyay","Gupta","M","1943-01-17","Chennai","001200","Chennai","Assam"
"PERF31133904","2017-07-09","Laxman","Singh","Embranthiri","M","1951-05-03","Mumbai","103945","Mumbai","Nagaland"
"PERF97813905","2014-11-17","Arnesh","Nambeesan","Asan","F","1984-02-15","Mumbai","796363","Mumbai","Orissa"
"PERF26303906","2020-10-11","Baala","Devar","Kakkar","M","1986-10-07","New Delhi","745891","New Delhi","Gujarat"
"PERF46023907","2019-11-08","Bhagirathi","Bandopadhyay","Bharadwaj","F","2003-06-19","Hyderabad","377071","Hyderabad","Bihar"
"PERF1233908","2020-03-14","Brajesh","Desai","Acharya","M","1979-04-12","Kolkata","078230","Kolkata","Haryana"
"PERF22813909","2016-11-10","Bhasvan","Abbott","Singh","F","2020-10-29","New Delhi","753994","New Delhi","Arunachal Pradesh"
"PERF31943910","2017-10-27","Lakshmidhar","Gupta","Bandopadhyay","F","1992-01-23","Kolkata","683546","Kolkata","Gujarat"
"PERF11443911","2014-08-19","Amaranaath","Somayaji","Adiga","M","1958-08-03","Bengaluru","459155","Bengaluru","West Bengal"
"PERF5403912","2014-12-28","Pranay","Jha","Chopra","M","1996-04-24","New Delhi","688910","New Delhi","Uttar Pradesh"
"PERF97483913","2014-04-29","Aasha","Gupta","Johar","F","1999-02-13","Thiruvananthapuram","527265","Thiruvananthapuram","Tamil Nadu"
"PERF60723914","2016-12-27","Pranay","Nayar","Panicker","F","1980-06-27","Chennai","220037","Chennai","Tripura"
"PERF68223915","2019-09-01","Vinay","Butt","Ganaka","M","1946-10-29","Bengaluru","154279","Bengaluru","Tripura"
"PERF58473916","2020-09-02","Yogendra","Gowda","Kaur","M","1997-06-27","Bengaluru","711582","Bengaluru","Tamil Nadu"
"PERF2023917","2017-04-28","Dayamayee","Mishra","Gupta","F","1990-12-14","Kolkata","831256","Kolkata","Dadar and Nagar Haveli"
"PERF57393918","2020-01-23","Bodhan","Deshpande","Kakkar","F","1945-01-15","Visakhapatnam","186584","Visakhapatnam","Andhra Pradesh"
"PERF25953919","2019-02-25","Tanushree","Saini","Butt","M","1931-08-08","New Delhi","118602","New Delhi","Dadar and Nagar Haveli"
"PERF91753920","2020-04-18","Charak","Guha","Reddy","F","1975-02-15","Thiruvananthapuram","115565","Thiruvananthapuram","Daman and Diu"
"PERF62593921","2015-04-27","Adityanandan","Acharya","Shukla","F","1992-04-13","Bengaluru","785904","Bengaluru","Chandigarh"
"PERF12973922","2015-08-23","Eshana","Singh","Tagore","M","1987-07-04","New Delhi","685147","New Delhi","Haryana"
"PERF49103923","2018-06-22","Uma","Butt","Johar","F","1958-03-10","Mumbai","153304","Mumbai","Haryana"
"PERF38683924","2016-04-14","Adinath","Achari","Marar","F","2004-03-10","Chennai","675268","Chennai","Jharkhand"
"PERF77343925","2020-07-28","Paramartha","Butt","Jain","F","1979-02-12","Hyderabad","132486","Hyderabad","Jharkhand"
"PERF84893926","2020-01-16","Agrata","Adiga","Ahluwalia","M","1957-07-27","Bengaluru","359159","Bengaluru","Nagaland"
"PERF87293927","2015-01-27","Brajesh","Nehru","Bhattacharya","M","1990-05-19","Chennai","405367","Chennai","Jammu and Kashmir"
"PERF43928","2021-07-12","Dharani","Naik","Patil","F","1946-01-20","Bengaluru","865346","Bengaluru","Haryana"
"PERF50393929","2016-03-21","Adheesh","Sethi","Sinha","F","1952-04-07","Mumbai","321951","Mumbai","Tripura"
"PERF54923930","2021-01-08","Mayoor","Dubashi","Embranthiri","M","2017-03-23","Bengaluru","993352","Bengaluru","Haryana"
"PERF19283931","2018-10-11","Niranjan","Dubashi","Dwivedi","F","1985-04-16","Mumbai","413839","Mumbai","Tripura"
"PERF60193932","2014-12-07","Devvrat","Saini","Embranthiri","F","1977-04-26","New Delhi","018473","New Delhi","Karnataka"
"PERF80573933","2019-10-27","Annapurna","Tandon","Joshi","M","1985-01-11","Hyderabad","645107","Hyderabad","Lakshadweep"
"PERF52213934","2018-07-13","Vasudev","Menon","Khatri","F","1936-08-29","Visakhapatnam","768556","Visakhapatnam","Karnataka"
"PERF40163935","2016-10-17","Gopaal","Deshpande","Gowda","F","2021-06-16","Thiruvananthapuram","657443","Thiruvananthapuram","Uttaranchal"
"PERF66683936","2022-06-08","Trilokesh","Pandey","Dutta","F","2001-07-27","Mumbai","097204","Mumbai","Bihar"
"PERF55893937","2017-12-07","Tara","Mishra","Kocchar","F","2007-01-29","Chennai","139159","Chennai","Manipur"
"PERF32493938","2018-12-02","Anand","Pilla","Varma","F","1953-02-23","Hyderabad","386766","Hyderabad","Meghalaya"
"PERF1043939","2023-01-22","Bhagavaan","Varrier","Jain","M","1956-01-07","New Delhi","509710","New Delhi","Chandigarh"
"PERF66143940","2016-01-26","Kanak","Iyer","Kakkar","M","1975-11-04","Hyderabad","677064","Hyderabad","Goa"
"PERF25143941","2022-10-25","Durga","Reddy","Bhattathiri","F","1941-11-12","Hyderabad","353804","Hyderabad","Tripura"
"PERF36953942","2016-02-20","Aanandinii","Dhawan","Asan","F","1938-03-09","Chennai","970234","Chennai","Daman and Diu"
"PERF17723943","2016-07-05","Ambar","Chattopadhyay","Shukla","F","1965-10-26","Thiruvananthapuram","988811","Thiruvananthapuram","Orissa"
"PERF81693944","2018-12-21","Tushar","Varma","Iyer","F","1976-05-27","Bengaluru","320558","Bengaluru","Haryana"
"PERF82923945","2024-04-27","Vaidehi","Bhattacharya","Nambeesan","F","1955-05-17","Kolkata","089581","Kolkata","Jammu and Kashmir"
"PERF7143946","2015-08-10","Eekalabya","Singh","Naik","M","1991-08-28","Bengaluru","999183","Bengaluru","Rajasthan"
"PERF69493947","2024-07-17","Bilwa","Mehrotra","Khan","M","1961-06-02","Bengaluru","492604","Bengaluru","Orissa"
"PERF7183948","2016-05-20","Tushar","Guha","Mukhopadhyay","M","1959-12-22","Chennai","030119","Chennai","Himachal Pradesh"
"PERF66863949","2017-10-16","Shreya","Butt","Naik","F","2008-05-01","New Delhi","619381","New Delhi","Rajasthan"
"PERF37873950","2019-08-07","Himadri","Pandey","Varma","F","1970-09-22","Kolkata","031800","Kolkata","Meghalaya"
"PERF74433951","2017-01-02","Kalinda","Sinha","Kaur","M","2004-05-29","Chennai","144676","Chennai","Maharashtra"
"PERF76673952","2014-06-06","Shiv","Achari","Mahajan","M","1988-11-07","Chennai","350240","Chennai","Kerala"
"PERF38483953","2016-06-30","Bhuvanesh","Nayar","Adiga","M","1964-04-14","New Delhi","218690","New Delhi","Punjab"
"PERF35683954","2016-05-14","Chandrani","Namboothiri","Bhat","F","2002-04-04","Bengaluru","569770","Bengaluru","Chhattisgarh"
"PERF91883955","2020-11-12","Vasudev","Khan","Achari","F","1941-11-19","Hyderabad","768703","Hyderabad","Kerala"
"PERF51903956","2016-11-07","Akshainie","Khanna","Bharadwaj","F","1972-03-01","Kolkata","240334","Kolkata","Andaman and Nicobar Islands"
"PERF2823957","2019-09-22","Devasree","Trivedi","Khanna","F","2021-10-16","Mumbai","600177","Mumbai","Karnataka"
"PERF35453958","2015-04-28","Vaishnavi","Mehra","Nambeesan","M","1976-12-23","Bengaluru","822828","Bengaluru","Pondicherry"
"PERF9553959","2016-09-16","Diptendu","Dubashi","Pilla","M","2002-05-06","Mumbai","993492","Mumbai","Haryana"
"PERF10943960","2018-12-07","Shresthi","Iyengar","Shukla","M","1980-06-03","Visakhapatnam","556370","Visakhapatnam","Andhra Pradesh"
"PERF5753961","2020-11-25","Uma","Sinha","Mehra","M","1950-08-11","Visakhapatnam","279071","Visakhapatnam","Uttar Pradesh"
"PERF52703962","2017-01-14","Adwitiya","Talwar","Mehrotra","M","1992-02-18","Chennai","741070","Chennai","West Bengal"
"PERF75783963","2017-01-06","Amaresh","Kaniyar","Somayaji","M","1957-10-18","Bengaluru","374995","Bengaluru","Andhra Pradesh"
"PERF74453964","2020-06-25","Vaijayanti","Talwar","Achari","F","1957-12-27","Hyderabad","956336","Hyderabad","Tripura"
"PERF74753965","2018-10-19","Ganapati","Bhattathiri","Kaur","M","1975-04-28","New Delhi","690799","New Delhi","Pondicherry"
"PERF903966","2019-02-25","Umang","Pillai","Varma","F","1940-10-26","Kolkata","968818","Kolkata","Haryana"
"PERF24413967","2017-11-03","Aatmaja","Kaniyar","Chaturvedi","M","2007-05-26","New Delhi","827118","New Delhi","Tripura"
"PERF71773968","2023-04-30","Acharyasuta","Varrier","Bharadwaj","M","1933-05-22","Kolkata","820017","Kolkata","Andaman and Nicobar Islands"
"PERF5823969","2017-08-15","Adhiraj","Bandopadhyay","Chopra","M","1930-01-23","Kolkata","924341","Kolkata","Punjab"
"PERF91003970","2017-09-27","Deeksha","Kaur","Khanna","F","1932-05-30","Bengaluru","783377","Bengaluru","Andaman and Nicobar Islands"
"PERF70853971","2024-01-10","Damodara","Patil","Desai","F","1956-01-19","Thiruvananthapuram","235252","Thiruvananthapuram","Sikkim"
"PERF48713972","2019-03-25","Dhyanesh","Iyengar","Mehrotra","F","2015-06-21","Hyderabad","030487","Hyderabad","Lakshadweep"
"PERF14643973","2023-11-14","Buddhana","Nambeesan","Gandhi","M","2013-11-20","Bengaluru","425893","Bengaluru","Mizoram"
"PERF9613974","2020-07-29","Purnima","Tagore","Gupta","M","2012-12-29","Kolkata","811648","Kolkata","Tripura"
"PERF64343975","2018-09-09","Ekaksh","Pilla","Marar","M","1998-05-05","Thiruvananthapuram","072224","Thiruvananthapuram","Tripura"
"PERF80873976","2018-05-19","Durga","Devar","Varrier","F","1947-10-06","Visakhapatnam","919024","Visakhapatnam","Kerala"
"PERF86523977","2017-02-01","Shakuntala","Banerjee","Jain","M","1967-08-24","Thiruvananthapuram","963343","Thiruvananthapuram","Arunachal Pradesh"
"PERF94283978","2017-04-27","Sujata","Butt","Asan","F","1994-08-21","Bengaluru","361569","Bengaluru","Karnataka"
"PERF82433979","2020-07-18","Anand Swarup","Mehra","Sinha","M","1991-09-17","Bengaluru","372949","Bengaluru","Goa"
"PERF27243980","2017-09-07","Amrita","Varma","Ganaka","F","1963-10-25","New Delhi","295326","New Delhi","Arunachal Pradesh"
"PERF42943981","2023-02-03","Anamika","Nair","Somayaji","F","1943-04-15","Visakhapatnam","227671","Visakhapatnam","Jammu and Kashmir"
"PERF1593982","2022-08-03","Param","Talwar","Adiga","M","1930-10-06","Thiruvananthapuram","327483","Thiruvananthapuram","Tamil Nadu"
"PERF43013983","2018-02-06","Nirbhay","Nair","Namboothiri","F","1982-02-25","New Delhi","797628","New Delhi","Andaman and Nicobar Islands"
"PERF21063984","2019-02-18","Shanti","Mishra","Marar","M","1990-10-12","Chennai","401360","Chennai","Assam"
"PERF47823985","2021-02-21","Himadri","Guneta","Pandey","F","1984-11-11","Thiruvananthapuram","453136","Thiruvananthapuram","Tamil Nadu"
"PERF91993986","2021-08-18","Tanushri","Acharya","Dutta","F","2013-07-19","Mumbai","529402","Mumbai","Bihar"
"PERF77613987","2022-11-26","Smriti","Pillai","Varman","M","1949-08-21","Mumbai","817839","Mumbai","Rajasthan"
"PERF81023988","2017-12-03","Suryakanta","Achari","Butt","M","1948-12-03","Kolkata","288752","Kolkata","Andaman and Nicobar Islands"
"PERF93073989","2014-04-30","Smriti","Kaniyar","Guha","F","1982-07-24","Thiruvananthapuram","695661","Thiruvananthapuram","Uttaranchal"
"PERF53973990","2017-08-24","Devasree","Somayaji","Kocchar","M","1936-05-29","Visakhapatnam","871162","Visakhapatnam","Daman and Diu"
"PERF8793991","2019-03-26","Chandrabhan","Patil","Butt","F","1962-10-14","Kolkata","222916","Kolkata","Tripura"
"PERF22973992","2021-11-02","Anunay","Achari","Bharadwaj","F","1967-02-08","Hyderabad","901232","Hyderabad","Arunachal Pradesh"
"PERF61683993","2015-09-01","Aatreya","Kaniyar","Gowda","F","2000-06-14","Hyderabad","923701","Hyderabad","Uttaranchal"
"PERF56003994","2015-06-23","Brajesh","Dutta","Jain","F","1939-02-03","Hyderabad","387702","Hyderabad","Tripura"
"PERF98043995","2018-10-16","Chanda","Bandopadhyay","Kakkar","M","1956-12-19","Chennai","059661","Chennai","Haryana"
"PERF56223996","2021-02-17","Dhatri","Chopra","Mahajan","M","1932-07-20","New Delhi","249347","New Delhi","Karnataka"
"PERF46113997","2020-06-03","Sanya","Ganaka","Marar","F","1964-09-26","Hyderabad","682873","Hyderabad","Tripura"
"PERF7403998","2016-09-15","Damodara","Devar","Pillai","F","1968-07-19","New Delhi","798499","New Delhi","Andaman and Nicobar Islands"
"PERF4453999","2016-03-19","Dakshayani","Kaniyar","Gandhi","M","1972-03-15","Kolkata","476135","Kolkata","Tripura"
"PERF70084000","2019-02-13","Jahnu","Jha","Trivedi","F","2009-05-29","Mumbai","859510","Mumbai","Chandigarh"
"PERF49374001","2022-02-10","Varalakshmi","Bhat","Singh","F","1956-02-25","Hyderabad","493100","Hyderabad","Jharkhand"
"PERF82634002","2023-09-20","Bhagvan","Shukla","Varrier","M","1932-11-14","Visakhapatnam","657454","Visakhapatnam","Goa"
"PERF2824003","2022-07-13","Chatura","Sethi","Dhawan","M","1975-05-22","Bengaluru","162037","Bengaluru","Nagaland"
"PERF55344004","2016-06-03","Ajeet","Rana","Jha","M","1938-04-01","Bengaluru","934333","Bengaluru","Goa"
"PERF31164005","2018-09-13","Dev","Pilla","Menon","M","2018-07-10","New Delhi","040391","New Delhi","Meghalaya"
"PERF84954006","2016-03-22","Chakravarti","Menon","Gupta","M","1942-02-06","New Delhi","481546","New Delhi","Jharkhand"
"PERF27644007","2016-10-31","Anagh","Singh","Menon","M","1973-01-03","Thiruvananthapuram","184212","Thiruvananthapuram","Maharashtra"
"PERF25684008","2021-11-07","Atmanand","Devar","Mahajan","F","2010-09-18","Mumbai","115857","Mumbai","Assam"
"PERF36784009","2017-06-23","Suryakanta","Acharya","Pandey","M","1980-02-23","Mumbai","018652","Mumbai","Andaman and Nicobar Islands"
"PERF25984010","2021-08-21","Jay","Khanna","Achari","M","1973-06-21","Bengaluru","755848","Bengaluru","Rajasthan"
"PERF3524011","2022-05-13","Padma","Jha","Prajapat","M","1952-08-27","Visakhapatnam","816715","Visakhapatnam","Goa"
"PERF16084012","2023-08-14","Gemine","Bharadwaj","Varman","F","1958-03-12","New Delhi","932423","New Delhi","Kerala"
"PERF47564013","2014-09-24","Chaanakya","Bharadwaj","Kaur","M","1959-04-01","Kolkata","844974","Kolkata","Orissa"
"PERF17674014","2021-06-06","Manikya","Malik","Dhawan","F","1989-10-20","Bengaluru","414594","Bengaluru","Bihar"
"PERF14434015","2022-05-10","Shresth","Patel","Iyengar","M","1931-03-19","Visakhapatnam","889138","Visakhapatnam","Uttaranchal"
"PERF76104016","2021-06-08","Geetanjali","Dutta","Kapoor","F","1931-11-09","Bengaluru","207299","Bengaluru","Chhattisgarh"
"PERF71734017","2020-12-17","Bhanumati","Mishra","Ganaka","M","2016-08-05","Visakhapatnam","471196","Visakhapatnam","Chhattisgarh"
"PERF37424018","2022-07-10","Bhaaswar","Bhattathiri","Singh","M","1930-03-26","Hyderabad","702081","Hyderabad","Goa"
"PERF14134019","2016-04-17","Daevi","Patel","Bandopadhyay","F","2022-04-11","New Delhi","817344","New Delhi","Nagaland"
"PERF37884020","2024-06-28","Parvati","Embranthiri","Kapoor","M","2012-04-18","Hyderabad","984896","Hyderabad","Tamil Nadu"
"PERF38014021","2022-11-14","Swapnil","Pillai","Bhattacharya","M","2010-09-20","Hyderabad","704446","Hyderabad","Meghalaya"
"PERF51334022","2016-03-25","Rukhmani","Mahajan","Arora","F","1942-10-28","New Delhi","758058","New Delhi","Arunachal Pradesh"
"PERF89194023","2017-09-02","Chitraksh","Asan","Jha","F","2011-04-03","Chennai","816327","Chennai","Andaman and Nicobar Islands"
"PERF21594024","2014-06-06","Aagam","Chattopadhyay","Butt","F","1953-09-16","Kolkata","561041","Kolkata","Punjab"
"PERF84104025","2014-09-14","Kannen","Pothuvaal","Naik","F","2010-11-14","Hyderabad","404855","Hyderabad","Rajasthan"
"PERF36504026","2014-03-14","Ritesh","Bhat","Rana","F","1968-05-26","Visakhapatnam","069849","Visakhapatnam","Mizoram"
"PERF32604027","2017-01-03","Gorakhnath","Guneta","Somayaji","M","2013-06-05","New Delhi","054141","New Delhi","Lakshadweep"
"PERF51734028","2019-01-22","Manoj","Varman","Kaul","M","1956-10-02","Chennai","802435","Chennai","Daman and Diu"
"PERF85834029","2018-05-19","Ghanshyam","Chopra","Sharma","F","2012-11-26","Hyderabad","243954","Hyderabad","Goa"
"PERF50424030","2015-03-02","Acharyanandana","Gill","Bhattathiri","M","1980-03-31","Hyderabad","473729","Hyderabad","Karnataka"
"PERF5084031","2016-09-13","Bhagwati","Khatri","Tandon","M","1930-03-06","Chennai","584060","Chennai","Delhi"
"PERF46104032","2019-05-01","Param","Pilla","Iyengar","M","1964-02-22","Visakhapatnam","669051","Visakhapatnam","Delhi"
"PERF3014033","2015-03-08","Abhaya","Dutta","Mukhopadhyay","F","1935-03-05","New Delhi","227646","New Delhi","Lakshadweep"
"PERF49944034","2023-10-08","Raj","Kaniyar","Verma","M","1956-10-22","Thiruvananthapuram","963857","Thiruvananthapuram","Orissa"
"PERF57414035","2014-03-17","Sweta","Gill","Acharya","M","1931-04-02","Visakhapatnam","533153","Visakhapatnam","Orissa"
"PERF27004036","2020-06-24","Deeptanshu","Kocchar","Jha","M","2011-05-27","New Delhi","866818","New Delhi","Dadar and Nagar Haveli"
"PERF93094037","2018-06-12","Brahmanandam","Kaul","Bhattathiri","F","1967-09-02","Bengaluru","425178","Bengaluru","Orissa"
"PERF80094038","2019-02-22","Chandrakin","Marar","Shah","M","1987-06-02","Mumbai","851977","Mumbai","Bihar"
"PERF44894039","2021-06-23","Chidananda","Patel","Chaturvedi","F","1948-09-25","Visakhapatnam","653692","Visakhapatnam","Karnataka"
"PERF77874040","2023-12-05","Smita","Pilla","Iyer","M","2017-03-26","Thiruvananthapuram","751477","Thiruvananthapuram","Tripura"
"PERF55774041","2014-09-24","Jagathi","Jha","Bhattathiri","M","1943-06-17","Kolkata","797014","Kolkata","Sikkim"
"PERF16324042","2017-05-16","Dinesh","Mehra","Somayaji","F","1945-08-24","Hyderabad","897403","Hyderabad","Rajasthan"
"PERF38684043","2014-11-14","Marut","Achari","Rana","M","2004-08-05","Thiruvananthapuram","863262","Thiruvananthapuram","Pondicherry"
"PERF45544044","2019-12-14","Dhana","Reddy","Kocchar","M","1937-05-25","Hyderabad","735943","Hyderabad","Kerala"
"PERF86314045","2016-08-19","Chitramala","Malik","Dwivedi","M","1961-08-31","Kolkata","912302","Kolkata","Lakshadweep"
"PERF66434046","2024-02-06","Rageswari","Mehra","Pilla","M","2013-03-05","Thiruvananthapuram","669360","Thiruvananthapuram","Dadar and Nagar Haveli"
"PERF50284047","2018-01-08","Dhana","Iyengar","Bharadwaj","M","1991-11-08","Hyderabad","596076","Hyderabad","Bihar"
"PERF81004048","2017-06-26","Ujjwal","Guha","Shukla","M","2009-10-28","Thiruvananthapuram","353581","Thiruvananthapuram","Uttar Pradesh"
"PERF43494049","2020-04-20","Chandrani","Tandon","Gupta","F","1980-02-15","Chennai","571229","Chennai","Tamil Nadu"
"PERF30224050","2018-10-20","Vedang","Prajapat","Asan","F","1996-10-15","Hyderabad","756963","Hyderabad","Gujarat"
"PERF13924051","2022-03-13","Swapnil","Ganaka","Varman","F","1943-01-21","Mumbai","209825","Mumbai","Mizoram"
"PERF40094052","2018-01-09","Chaitan","Khanna","Jha","M","1981-03-11","Hyderabad","245906","Hyderabad","West Bengal"
"PERF33004053","2021-06-23","Krishnadas","Gandhi","Talwar","F","1984-01-26","Chennai","319094","Chennai","Manipur"
"PERF59854054","2022-08-14","Kanti","Jha","Singh","F","1945-08-27","Visakhapatnam","680414","Visakhapatnam","Sikkim"
"PERF78254055","2022-04-09","Girika","Gowda","Ganaka","F","2006-09-21","Visakhapatnam","740298","Visakhapatnam","Chhattisgarh"
"PERF37674056","2021-06-29","Krishna","Jha","Sinha","F","1976-10-31","Bengaluru","098888","Bengaluru","Manipur"
"PERF40064057","2017-01-13","Siddhi","Varrier","Pothuvaal","F","1980-11-11","Visakhapatnam","377610","Visakhapatnam","West Bengal"
"PERF78044058","2015-07-18","Datta","Gowda","Shukla","F","1964-02-15","Hyderabad","301751","Hyderabad","Andaman and Nicobar Islands"
"PERF61244059","2014-08-02","Rajinder","Singh","Pothuvaal","M","1951-01-06","Visakhapatnam","046170","Visakhapatnam","Haryana"
"PERF69784060","2017-11-16","Bilwa","Khanna","Khanna","F","1939-08-16","Hyderabad","910366","Hyderabad","Punjab"
"PERF97444061","2017-06-06","Meenakshi","Asan","Nair","M","1939-01-10","Bengaluru","753683","Bengaluru","Meghalaya"
"PERF83724062","2019-12-09","Baalagopaal","Mehrotra","Bhattathiri","M","2002-02-18","Bengaluru","482238","Bengaluru","Daman and Diu"
"PERF36074063","2017-08-05","Chetanaanand","Ahluwalia","Sharma","M","1993-08-19","Bengaluru","770112","Bengaluru","Uttar Pradesh"
"PERF49734064","2014-11-13","Triloki","Pillai","Chattopadhyay","F","2003-11-10","Thiruvananthapuram","778398","Thiruvananthapuram","Tripura"
"PERF50744065","2018-08-25","Sushil","Chattopadhyay","Nambeesan","M","1961-11-11","Visakhapatnam","235962","Visakhapatnam","Goa"
"PERF83504066","2020-09-18","Kartik","Pothuvaal","Mukhopadhyay","M","1986-03-22","Thiruvananthapuram","858617","Thiruvananthapuram","Uttar Pradesh"
"PERF23284067","2014-08-04","Balgopal","Tagore","Marar","M","1991-02-15","Bengaluru","676321","Bengaluru","Haryana"
"PERF85914068","2020-08-09","Adityanandan","Namboothiri","Bhat","F","1943-10-09","Chennai","109988","Chennai","Haryana"
"PERF73704069","2019-10-06","Balgopal","Namboothiri","Marar","M","2001-02-23","New Delhi","933628","New Delhi","Orissa"
"PERF67834070","2022-03-13","Aagam","Bandopadhyay","Prajapat","M","1987-02-06","Mumbai","704927","Mumbai","Karnataka"
"PERF80584071","2018-07-23","Dev","Verma","Mishra","M","1941-04-28","Visakhapatnam","324844","Visakhapatnam","Chandigarh"
"PERF37764072","2021-07-25","Bharadwaj","Bhat","Guneta","F","2011-08-28","Visakhapatnam","636176","Visakhapatnam","Karnataka"
"PERF69734073","2015-05-30","Girika","Varman","Johar","F","1968-07-25","Bengaluru","862578","Bengaluru","Gujarat"
"PERF34274074","2020-01-29","Preity","Singh","Panicker","F","1996-10-23","Mumbai","803224","Mumbai","Lakshadweep"
"PERF50324075","2020-01-03","Yoginder","Prajapat","Guneta","F","1992-03-01","Hyderabad","347728","Hyderabad","Himachal Pradesh"
"PERF78984076","2016-03-08","Vedanshi","Dubashi","Adiga","M","2013-05-30","Mumbai","257469","Mumbai","Tripura"
"PERF15514077","2016-08-14","Bhagavaan","Gupta","Panicker","F","1934-01-08","Thiruvananthapuram","001675","Thiruvananthapuram","Manipur"
"PERF9154078","2023-10-29","Rati","Bandopadhyay","Desai","M","1978-10-18","Bengaluru","664796","Bengaluru","Orissa"
"PERF35204079","2022-12-18","Aanand","Khatri","Dutta","M","2000-08-07","Bengaluru","506577","Bengaluru","Andaman and Nicobar Islands"
"PERF41054080","2021-03-01","Vasudev","Johar","Embranthiri","M","1930-02-20","Mumbai","742493","Mumbai","Tripura"
"PERF55904081","2021-07-16","Abhisyanta","Ahluwalia","Singh","M","2009-10-26","New Delhi","988471","New Delhi","Uttaranchal"
"PERF43814082","2023-06-02","Bhupati","Mukhopadhyay","Pothuvaal","M","1951-01-11","Visakhapatnam","926833","Visakhapatnam","Andhra Pradesh"
"PERF17784083","2020-12-13","Lai","Pandey","Patel","F","1955-03-10","Visakhapatnam","706304","Visakhapatnam","Karnataka"
"PERF50044084","2021-03-31","Siddarth","Talwar","Deshpande","M","1936-11-19","Mumbai","834459","Mumbai","Rajasthan"
"PERF92124085","2022-11-27","Durga","Rana","Embranthiri","M","1957-05-25","Hyderabad","523988","Hyderabad","Tripura"
"PERF97934086","2021-08-14","Anand Swarup","Banerjee","Singh","M","1984-02-12","Chennai","020906","Chennai","Sikkim"
"PERF39514087","2023-07-06","Mina","Bandopadhyay","Gowda","F","2006-01-05","Kolkata","656057","Kolkata","Punjab"
"PERF2904088","2022-07-04","Mohini","Nayar","Joshi","M","1992-12-29","Hyderabad","719557","Hyderabad","Sikkim"
"PERF18194089","2021-06-13","Chandrakin","Nayar","Nehru","M","1947-11-06","Hyderabad","319480","Hyderabad","Himachal Pradesh"
"PERF29914090","2018-04-10","Dhatri","Khanna","Varrier","F","1967-12-20","Kolkata","673118","Kolkata","Chhattisgarh"
"PERF47154091","2019-03-10","Gajbaahu","Butt","Bandopadhyay","M","1952-12-15","New Delhi","104884","New Delhi","Haryana"
"PERF98054092","2020-09-19","Prayag","Bhat","Joshi","M","2000-03-18","Kolkata","993478","Kolkata","Uttar Pradesh"
"PERF24474093","2017-02-26","Somu","Arora","Kocchar","M","2018-03-19","Thiruvananthapuram","759030","Thiruvananthapuram","Punjab"
"PERF52274094","2014-11-08","Girija","Sethi","Mishra","M","2003-02-09","Visakhapatnam","811130","Visakhapatnam","Chandigarh"
"PERF54364095","2015-04-27","Aryan","Ganaka","Shah","F","1994-02-27","Chennai","989849","Chennai","Himachal Pradesh"
"PERF19554096","2017-12-15","Prema","Gandhi","Dwivedi","M","1965-08-26","Visakhapatnam","033600","Visakhapatnam","Maharashtra"
"PERF95274097","2022-02-18","Tarun","Bhat","Varma","F","1994-07-19","Bengaluru","786553","Bengaluru","Mizoram"
"PERF15934098","2024-06-07","Vrinda","Adiga","Kaul","M","1930-03-15","Chennai","683884","Chennai","Gujarat"
"PERF13064099","2015-09-20","Dhanesh","Verma","Varrier","M","1937-08-20","Kolkata","546541","Kolkata","Madya Pradesh"
"PERF94014100","2018-11-05","Gaurang","Kocchar","Khan","M","1934-01-28","New Delhi","173673","New Delhi","Lakshadweep"
"PERF24374101","2017-01-24","Digambara","Asan","Dhawan","F","1933-11-02","Thiruvananthapuram","099080","Thiruvananthapuram","Manipur"
"PERF14744102","2018-09-26","Balachandra","Dutta","Mukhopadhyay","M","1970-02-14","Mumbai","434524","Mumbai","Kerala"
"PERF11174103","2015-03-14","Giri","Embranthiri","Sinha","F","1939-08-17","Chennai","459074","Chennai","Madya Pradesh"
"PERF90634104","2016-07-30","Bandhul","Sharma","Ahluwalia","F","1953-07-31","Visakhapatnam","753198","Visakhapatnam","Madya Pradesh"
"PERF93544105","2017-09-10","Rohana","Mishra","Mahajan","F","1951-05-23","Kolkata","736807","Kolkata","Himachal Pradesh"
"PERF20934106","2016-04-21","Anal","Bhat","Kaniyar","F","2023-12-12","Hyderabad","340537","Hyderabad","Madya Pradesh"
"PERF39224107","2024-02-25","Daksha","Desai","Gandhi","M","1938-07-14","Visakhapatnam","859845","Visakhapatnam","Dadar and Nagar Haveli"
"PERF59764108","2021-01-17","Annapurna","Mehrotra","Tandon","M","1967-07-15","New Delhi","198599","New Delhi","Jharkhand"
"PERF97404109","2015-09-24","Digambar","Banerjee","Guha","F","1932-05-08","Bengaluru","701058","Bengaluru","Lakshadweep"
"PERF11594110","2016-01-16","Abhisyanta","Chattopadhyay","Tandon","M","1948-06-21","Hyderabad","477776","Hyderabad","Rajasthan"
"PERF30154111","2022-12-14","Dev","Dwivedi","Desai","M","1986-07-18","Thiruvananthapuram","806726","Thiruvananthapuram","Jammu and Kashmir"
"PERF77044112","2023-11-19","Dhara","Varrier","Naik","F","1999-08-03","Chennai","798133","Chennai","Andaman and Nicobar Islands"
"PERF94094113","2015-12-18","Digambar","Khanna","Asan","M","2011-04-02","Chennai","989754","Chennai","Punjab"
"PERF16774114","2015-09-02","Sunita","Mishra","Acharya","F","1993-01-19","Mumbai","019981","Mumbai","Dadar and Nagar Haveli"
"PERF64114115","2018-06-28","Aashritha","Panicker","Butt","F","1949-02-12","New Delhi","897771","New Delhi","Uttaranchal"
"PERF40684116","2018-05-27","Mani","Tandon","Agarwal","M","2012-02-25","Hyderabad","484104","Hyderabad","Maharashtra"
"PERF34094117","2023-11-22","Chidambaram","Sharma","Marar","M","1974-02-16","Kolkata","033586","Kolkata","Tamil Nadu"
"PERF26214118","2016-07-08","Bhaanumati","Dwivedi","Namboothiri","F","1969-10-27","Mumbai","613110","Mumbai","Madya Pradesh"
"PERF75364119","2017-12-19","Dhanalakshmi","Nath","Pothuvaal","M","2013-09-12","Visakhapatnam","838544","Visakhapatnam","Manipur"
"PERF12944120","2017-08-14","Sudeva","Jain","Pothuvaal","M","1938-09-05","Kolkata","407790","Kolkata","Rajasthan"
"PERF2964121","2020-05-26","Harinarayan","Pothuvaal","Bhattathiri","F","2001-02-23","Chennai","019097","Chennai","Tamil Nadu"
"PERF34024122","2021-03-09","Kumari","Dwivedi","Malik","M","2009-02-07","Chennai","725084","Chennai","Arunachal Pradesh"
"PERF26814123","2023-03-11","Keerti","Mehrotra","Agarwal","M","1944-08-21","Mumbai","172001","Mumbai","Madya Pradesh"
"PERF19114124","2022-11-20","Avani","Arora","Malik","F","1991-08-24","Mumbai","830779","Mumbai","Madya Pradesh"
"PERF58914125","2022-11-27","Krishnadas","Johar","Gowda","M","1980-05-15","Mumbai","477039","Mumbai","Dadar and Nagar Haveli"
"PERF87894126","2018-07-25","Meenakshi","Nair","Butt","F","2007-12-06","New Delhi","366050","New Delhi","Andaman and Nicobar Islands"
"PERF8454127","2024-01-28","Abhirath","Bharadwaj","Guneta","M","1963-11-14","Bengaluru","480677","Bengaluru","Maharashtra"
"PERF42114128","2022-08-24","Minakshi","Mishra","Sinha","M","1932-02-23","Bengaluru","927231","Bengaluru","Jharkhand"
"PERF56154129","2016-07-24","Chiranjeeve","Arora","Devar","F","1970-07-23","Hyderabad","565382","Hyderabad","Meghalaya"
"PERF17014130","2015-09-12","Ambar","Acharya","Bandopadhyay","F","1988-04-24","Thiruvananthapuram","662230","Thiruvananthapuram","Mizoram"
"PERF33144131","2017-08-06","Chandrani","Nair","Pillai","M","1995-03-25","Thiruvananthapuram","528185","Thiruvananthapuram","Goa"
"PERF27294132","2015-06-15","Brajesh","Kocchar","Ganaka","F","2010-09-03","Hyderabad","733154","Hyderabad","Goa"
"PERF69094133","2014-11-28","Bankimchandra","Mahajan","Gill","F","2005-02-24","Thiruvananthapuram","231244","Thiruvananthapuram","Kerala"
"PERF91844134","2018-12-13","Shashikala","Dubashi","Abbott","M","1985-02-15","Hyderabad","114430","Hyderabad","Kerala"
"PERF83874135","2022-09-12","Dwaipayana","Ganaka","Achari","F","1973-06-09","Visakhapatnam","853810","Visakhapatnam","West Bengal"
"PERF6894136","2021-11-06","Achyut","Nayar","Patil","M","1958-12-23","Bengaluru","421779","Bengaluru","Tripura"
"PERF96014137","2020-11-06","Meghnath","Acharya","Acharya","M","2020-03-11","New Delhi","740522","New Delhi","Andaman and Nicobar Islands"
"PERF61924138","2015-11-20","Yoginder","Deshpande","Jha","F","1959-10-10","Chennai","652151","Chennai","Delhi"
"PERF444139","2021-12-17","Chandrani","Naik","Gill","F","2020-07-15","Chennai","647733","Chennai","Uttaranchal"
"PERF18294140","2015-01-12","Aarya","Bhattacharya","Varrier","M","1963-06-23","New Delhi","802829","New Delhi","Chandigarh"
"PERF90224141","2023-12-22","Rudra","Somayaji","Iyengar","M","1938-08-25","Mumbai","950177","Mumbai","Gujarat"
"PERF87364142","2014-02-16","Brajendra","Devar","Butt","F","1933-03-11","New Delhi","734757","New Delhi","Himachal Pradesh"
"PERF98334143","2023-10-07","Bhagirathi","Saini","Kapoor","F","1940-07-13","Hyderabad","572480","Hyderabad","Haryana"
"PERF67534144","2014-10-06","Anasooya","Abbott","Pilla","F","1957-08-12","Visakhapatnam","086557","Visakhapatnam","Tripura"
"PERF61084145","2015-03-16","Smita","Talwar","Khan","M","2020-05-17","Mumbai","606307","Mumbai","Goa"
"PERF28134146","2020-02-28","Chiranjeev","Mukhopadhyay","Khan","M","2017-06-13","Thiruvananthapuram","645275","Thiruvananthapuram","Jharkhand"
"PERF30834147","2018-04-04","Amaranaath","Khatri","Khan","F","1947-11-06","Chennai","776632","Chennai","Orissa"
"PERF98754148","2018-03-08","Subhashini","Patel","Varman","F","1985-08-20","Thiruvananthapuram","045467","Thiruvananthapuram","Lakshadweep"
"PERF69164149","2021-07-01","Aanandaswarup","Embranthiri","Kaur","M","1957-08-12","Bengaluru","930218","Bengaluru","Andaman and Nicobar Islands"
"PERF12864150","2019-01-13","Vijay","Tagore","Devar","F","1942-12-03","Kolkata","425402","Kolkata","Bihar"
"PERF75564151","2020-05-04","Jitender","Iyengar","Gandhi","F","2016-01-04","Kolkata","965211","Kolkata","Dadar and Nagar Haveli"
"PERF10524152","2016-09-18","Dhanpati","Mukhopadhyay","Iyengar","F","1964-01-20","Bengaluru","203754","Bengaluru","Tripura"
"PERF32314153","2018-10-11","Rageshwari","Singh","Dutta","F","1977-07-24","Mumbai","413490","Mumbai","Arunachal Pradesh"
"PERF23484154","2015-06-02","Anilaabh","Nambeesan","Achari","F","1974-03-15","Chennai","128820","Chennai","Andaman and Nicobar Islands"
"PERF10944155","2018-03-20","Vaishvi","Agarwal","Namboothiri","M","2002-05-30","Thiruvananthapuram","521908","Thiruvananthapuram","Sikkim"
"PERF17904156","2018-09-12","Girish","Gandhi","Shukla","M","2005-05-21","New Delhi","250423","New Delhi","Bihar"
"PERF4754157","2016-02-05","Chanakya","Butt","Bharadwaj","F","1989-05-02","Bengaluru","556762","Bengaluru","Uttar Pradesh"
"PERF43714158","2018-04-06","Anil","Saini","Iyer","M","1972-10-22","Bengaluru","939912","Bengaluru","Chhattisgarh"
"PERF55294159","2022-09-28","Chandraswaroopa","Sinha","Desai","M","1957-12-11","Bengaluru","288863","Bengaluru","Pondicherry"
"PERF66374160","2022-07-29","Vidhya","Saini","Gupta","M","1987-11-21","Hyderabad","148949","Hyderabad","Nagaland"
"PERF21514161","2018-01-10","Chandini","Gupta","Nehru","M","1990-01-01","Thiruvananthapuram","535591","Thiruvananthapuram","Karnataka"
"PERF15364162","2018-02-15","Bilva","Bharadwaj","Shah","F","1937-01-22","Hyderabad","514691","Hyderabad","Punjab"
"PERF61304163","2018-08-21","Manjusha","Embranthiri","Agarwal","M","2008-04-28","Hyderabad","787434","Hyderabad","Chandigarh"
"PERF33594164","2021-02-24","Kamla","Panicker","Bhattathiri","M","1934-01-16","Hyderabad","106809","Hyderabad","Lakshadweep"
"PERF9464165","2016-08-11","Anasuya","Kapoor","Adiga","M","1974-12-05","Visakhapatnam","762494","Visakhapatnam","Tamil Nadu"
"PERF21544166","2024-06-25","Bhagavaan","Talwar","Guha","F","1981-11-13","Hyderabad","705791","Hyderabad","Manipur"
"PERF64294167","2021-01-24","Amritambu","Acharya","Nayar","F","1963-03-21","Bengaluru","577586","Bengaluru","Rajasthan"
"PERF51324168","2021-01-15","Gemini","Kapoor","Kakkar","M","2001-10-08","Chennai","468800","Chennai","Andaman and Nicobar Islands"
"PERF56644169","2020-10-04","Acharyasuta","Ganaka","Trivedi","F","2022-12-21","New Delhi","896483","New Delhi","Dadar and Nagar Haveli"
"PERF40434170","2022-02-28","Swara","Embranthiri","Guha","F","1998-07-31","Hyderabad","595822","Hyderabad","Tripura"
"PERF78774171","2023-04-03","Mangalya","Varma","Singh","F","2022-10-23","Kolkata","123359","Kolkata","West Bengal"
"PERF70554172","2014-06-21","Kailash","Panicker","Jha","F","2014-11-09","Bengaluru","620798","Bengaluru","Pondicherry"
"PERF2784173","2022-05-26","Eshita","Mukhopadhyay","Naik","M","1938-08-29","Bengaluru","701522","Bengaluru","Meghalaya"
"PERF66684174","2015-03-01","Vishnu","Namboothiri","Asan","M","1950-04-21","New Delhi","269793","New Delhi","Maharashtra"
"PERF94314175","2021-11-01","Nirbhay","Talwar","Nayar","F","1974-12-25","Bengaluru","599049","Bengaluru","Tripura"
"PERF25964176","2022-09-28","Deepankar","Marar","Pothuvaal","M","2006-04-28","New Delhi","099601","New Delhi","Madya Pradesh"
"PERF47774177","2019-07-03","Dayaanidhi","Saini","Gandhi","M","2012-07-27","Kolkata","931344","Kolkata","Lakshadweep"
"PERF47964178","2021-09-26","Bheeshma","Bhattathiri","Kocchar","F","1973-01-05","Thiruvananthapuram","859936","Thiruvananthapuram","Kerala"
"PERF4034179","2019-10-18","Dayaananda","Mahajan","Mukhopadhyay","F","1988-09-12","Chennai","394450","Chennai","West Bengal"
"PERF45204180","2018-01-08","Bankimchandra","Kakkar","Patil","F","1934-04-23","Chennai","712100","Chennai","Gujarat"
"PERF57324181","2015-06-29","Trisha","Nair","Mishra","F","1984-06-11","Hyderabad","523844","Hyderabad","Arunachal Pradesh"
"PERF62024182","2022-07-15","Ritesh","Patil","Butt","M","1970-04-29","Kolkata","155631","Kolkata","West Bengal"
"PERF30194183","2021-01-03","Aanjaneya","Verma","Adiga","M","1982-11-04","Hyderabad","408357","Hyderabad","Kerala"
"PERF66854184","2019-08-03","Shwet","Sethi","Nehru","F","2021-02-09","Visakhapatnam","040639","Visakhapatnam","West Bengal"
"PERF34714185","2017-06-20","Rakesh","Bhattathiri","Patel","F","2000-11-23","Kolkata","030437","Kolkata","Kerala"
"PERF4554186","2021-08-06","Ambar","Mishra","Gupta","F","1952-03-16","Mumbai","432462","Mumbai","Himachal Pradesh"
"PERF94594187","2020-11-21","Brijesh","Asan","Sharma","M","2019-12-19","Thiruvananthapuram","239236","Thiruvananthapuram","Gujarat"
"PERF43084188","2021-08-12","Somnath","Pilla","Desai","F","1978-10-31","Mumbai","476563","Mumbai","Karnataka"
"PERF87134189","2018-02-01","Shrishti","Pandey","Bhat","F","1957-09-21","Kolkata","495153","Kolkata","Kerala"
"PERF53984190","2016-12-05","Yoginder","Bandopadhyay","Kaur","F","1972-10-14","Hyderabad","871802","Hyderabad","Jharkhand"
"PERF40484191","2015-04-14","Jai","Mehra","Abbott","M","1986-05-26","Bengaluru","073713","Bengaluru","Sikkim"
"PERF62414192","2015-11-26","Bhuvaneshwar","Jha","Mukhopadhyay","M","1950-02-22","Kolkata","575507","Kolkata","Rajasthan"
"PERF18564193","2014-05-10","Gayatri","Deshpande","Tagore","F","2022-08-03","New Delhi","356840","New Delhi","Jharkhand"
"PERF38844194","2018-11-01","Girik","Namboothiri","Chaturvedi","M","1933-08-30","Chennai","812055","Chennai","Arunachal Pradesh"
"PERF98174195","2014-11-15","Ravi","Embranthiri","Tandon","F","2005-01-19","Chennai","641314","Chennai","Meghalaya"
"PERF7634196","2019-12-24","Amogh","Varrier","Dhawan","M","1977-03-26","Hyderabad","016114","Hyderabad","Pondicherry"
"PERF10444197","2022-08-27","Dhanapati","Guneta","Johar","M","1955-03-21","Mumbai","031460","Mumbai","Tamil Nadu"
"PERF60654198","2016-08-07","Tarun","Sharma","Ganaka","M","2014-09-06","Visakhapatnam","780204","Visakhapatnam","Karnataka"
"PERF58024199","2017-03-02","Siddarth","Chaturvedi","Kakkar","F","2016-10-05","New Delhi","245597","New Delhi","Manipur"
"PERF10984200","2023-06-08","Kin","Prajapat","Asan","F","1955-03-19","Hyderabad","431888","Hyderabad","Andhra Pradesh"
"PERF95134201","2017-04-08","Jai","Kaul","Johar","F","2017-07-24","Hyderabad","967292","Hyderabad","Andaman and Nicobar Islands"
"PERF27824202","2019-01-26","Marut","Pandey","Naik","F","1969-08-16","Chennai","436924","Chennai","Uttaranchal"
"PERF60444203","2017-06-20","Akula","Patil","Dutta","F","2005-06-12","Visakhapatnam","487235","Visakhapatnam","Goa"
"PERF6964204","2022-10-06","Ekaaksh","Kaul","Dhawan","F","2014-09-05","Kolkata","470358","Kolkata","Madya Pradesh"
"PERF58104205","2018-02-19","Arjun","Kaniyar","Nayar","M","1953-08-19","Hyderabad","026984","Hyderabad","Kerala"
"PERF48614206","2017-11-21","Charumati","Gandhi","Iyer","F","1949-06-05","Visakhapatnam","867064","Visakhapatnam","Tripura"
"PERF63514207","2015-12-18","Gurdev","Guneta","Deshpande","F","2009-05-30","Hyderabad","438430","Hyderabad","Nagaland"
"PERF5774208","2019-09-27","Kalpana","Abbott","Pilla","F","1946-03-23","Mumbai","446893","Mumbai","Lakshadweep"
"PERF94314209","2015-11-07","Bilva","Kakkar","Khanna","M","1948-04-29","Hyderabad","983309","Hyderabad","Manipur"
"PERF94524210","2014-05-28","Shantanu","Bandopadhyay","Sethi","M","1976-01-28","Visakhapatnam","440798","Visakhapatnam","Nagaland"
"PERF11064211","2016-03-20","Baala","Nehru","Dwivedi","F","1967-01-11","Chennai","792387","Chennai","Bihar"
"PERF74274212","2017-04-14","Abhaidev","Joshi","Rana","M","2005-05-23","Hyderabad","418323","Hyderabad","West Bengal"
"PERF94564213","2022-06-09","Atreyi","Iyengar","Kapoor","F","1945-07-25","Bengaluru","684142","Bengaluru","Orissa"
"PERF97394214","2023-07-25","Archan","Deshpande","Adiga","F","1973-08-24","Kolkata","802411","Kolkata","Himachal Pradesh"
"PERF77494215","2023-05-04","Adheesh","Namboothiri","Namboothiri","M","1946-12-16","Kolkata","706408","Kolkata","Manipur"
"PERF46394216","2022-06-03","Atmananda","Bandopadhyay","Arora","M","1982-08-12","New Delhi","274717","New Delhi","Andhra Pradesh"
"PERF14494217","2017-07-01","Himani","Khanna","Asan","M","1945-05-01","Mumbai","777166","Mumbai","Andaman and Nicobar Islands"
"PERF54504218","2018-03-09","Ujjwal","Gandhi","Asan","M","1954-07-02","New Delhi","554362","New Delhi","Maharashtra"
"PERF39824219","2018-01-21","Anunay","Dutta","Kaur","M","1990-09-17","New Delhi","826311","New Delhi","Arunachal Pradesh"
"PERF5674220","2015-05-15","Meghnad","Talwar","Butt","M","1949-02-11","Bengaluru","889945","Bengaluru","Bihar"
"PERF51644221","2016-07-02","Bhasvan","Patel","Mehra","M","1958-11-24","Visakhapatnam","502218","Visakhapatnam","Andaman and Nicobar Islands"
"PERF40774222","2015-08-01","Jahnu","Johar","Rana","F","1994-03-10","Hyderabad","793055","Hyderabad","Maharashtra"
"PERF60504223","2019-05-15","Jagdeep","Gupta","Marar","M","1975-08-19","Visakhapatnam","196597","Visakhapatnam","Bihar"
"PERF27034224","2020-01-17","Aayushman","Kaur","Embranthiri","M","1978-11-29","Mumbai","545943","Mumbai","Madya Pradesh"
"PERF10664225","2024-04-29","Ambar","Nambeesan","Kakkar","M","1934-07-23","Mumbai","954215","Mumbai","Delhi"
"PERF81524226","2020-01-26","Chaitan","Namboothiri","Guha","M","1960-06-27","Mumbai","354551","Mumbai","Punjab"
"PERF90164227","2023-03-20","Anunay","Mehrotra","Iyer","F","1984-02-13","Mumbai","887375","Mumbai","Goa"
"PERF21094228","2020-07-03","Raj","Shukla","Pillai","M","1955-04-27","Hyderabad","800114","Hyderabad","Andaman and Nicobar Islands"
"PERF41164229","2022-08-12","Deependra","Mukhopadhyay","Iyer","M","1959-03-12","Thiruvananthapuram","856721","Thiruvananthapuram","Bihar"
"PERF47884230","2021-09-17","Ekalavya","Singh","Nayar","M","2010-05-21","Mumbai","173970","Mumbai","Manipur"
"PERF14344231","2014-11-19","Trisha","Kaul","Tandon","F","1953-12-04","Chennai","206631","Chennai","Gujarat"
"PERF95624232","2023-08-20","Dhyaneshwar","Bharadwaj","Dubashi","M","1955-06-19","Hyderabad","997394","Hyderabad","Daman and Diu"
"PERF27474233","2023-03-22","Radha","Khan","Gupta","F","1989-11-25","Thiruvananthapuram","977907","Thiruvananthapuram","Daman and Diu"
"PERF37374234","2022-11-12","Goswami","Talwar","Panicker","M","1952-02-07","New Delhi","076855","New Delhi","Maharashtra"
"PERF56354235","2023-12-16","Dhara","Mahajan","Adiga","F","2022-01-14","Thiruvananthapuram","892085","Thiruvananthapuram","Chhattisgarh"
"PERF90234236","2024-05-26","Chakravarti","Trivedi","Johar","M","2013-03-29","Mumbai","622053","Mumbai","Uttar Pradesh"
"PERF10924237","2019-11-13","Menaka","Namboothiri","Gupta","M","1960-12-30","Chennai","213101","Chennai","Uttar Pradesh"
"PERF97464238","2014-04-30","Bharat","Dwivedi","Johar","M","1986-05-09","Kolkata","864451","Kolkata","Maharashtra"
"PERF30754239","2016-11-14","Kanaka","Gowda","Johar","F","1962-07-01","Thiruvananthapuram","539871","Thiruvananthapuram","Andhra Pradesh"
"PERF32244240","2020-09-27","Devani","Shah","Joshi","M","1997-01-15","Thiruvananthapuram","185080","Thiruvananthapuram","Goa"
"PERF32384241","2020-04-08","Amrit","Joshi","Kaul","M","1938-03-30","Kolkata","412526","Kolkata","Karnataka"
"PERF20604242","2015-10-23","Dulari","Naik","Joshi","F","2010-05-29","New Delhi","887201","New Delhi","Andhra Pradesh"
"PERF53354243","2015-09-19","Bishnu","Embranthiri","Iyengar","M","1980-06-20","Thiruvananthapuram","574863","Thiruvananthapuram","Haryana"
"PERF1654244","2021-04-08","Chaturbhuj","Kocchar","Jain","M","2018-09-02","Hyderabad","568093","Hyderabad","Mizoram"
"PERF8264245","2014-03-30","Manikya","Kapoor","Agarwal","F","1966-07-21","Visakhapatnam","180589","Visakhapatnam","Manipur"
"PERF45364246","2022-07-04","Hari","Khan","Dubashi","F","2001-10-01","New Delhi","237086","New Delhi","Lakshadweep"
"PERF35074247","2019-02-02","Meenakshi","Dhawan","Bhattathiri","F","2002-05-09","Thiruvananthapuram","862514","Thiruvananthapuram","Andaman and Nicobar Islands"
"PERF97164248","2014-04-22","Akshainie","Iyengar","Guha","M","1953-11-23","Chennai","546483","Chennai","Chandigarh"
"PERF70674249","2016-12-28","Swami","Tagore","Kapoor","M","1933-10-07","Kolkata","260069","Kolkata","Tripura"
"PERF67734250","2019-02-23","Tej","Bandopadhyay","Acharya","F","1947-12-26","Mumbai","841191","Mumbai","Nagaland"
"PERF58174251","2019-10-14","Aanjaneya","Mishra","Menon","F","1937-05-14","Mumbai","854855","Mumbai","Lakshadweep"
"PERF22174252","2018-12-20","Bodhan","Reddy","Devar","F","1931-03-06","New Delhi","243797","New Delhi","Goa"
"PERF91724253","2020-08-05","Mohan","Asan","Acharya","F","1940-01-03","New Delhi","168620","New Delhi","Tamil Nadu"
"PERF19124254","2018-02-09","Ayushmati","Devar","Sinha","M","1941-09-29","Hyderabad","673963","Hyderabad","Tamil Nadu"
"PERF79994255","2017-08-15","Indra","Dwivedi","Butt","F","1993-12-20","Bengaluru","138049","Bengaluru","Goa"
"PERF33684256","2015-09-21","Dayaananda","Kapoor","Gandhi","M","1937-05-02","Visakhapatnam","439729","Visakhapatnam","Andaman and Nicobar Islands"
"PERF31904257","2016-06-25","Manikya","Saini","Mehra","M","1930-02-15","Visakhapatnam","311844","Visakhapatnam","Jharkhand"
"PERF98774258","2023-07-31","Rajinder","Pothuvaal","Guha","F","1988-03-06","Chennai","373301","Chennai","Andaman and Nicobar Islands"
"PERF72134259","2017-06-23","Vishnu","Gupta","Embranthiri","M","2006-03-18","Mumbai","528622","Mumbai","Orissa"
"PERF88864260","2023-08-04","Bhavani","Bhat","Marar","M","1963-07-22","Hyderabad","591799","Hyderabad","Manipur"
"PERF61284261","2024-05-27","Divaakar","Mehra","Jain","F","1976-11-19","Thiruvananthapuram","906175","Thiruvananthapuram","Meghalaya"
"PERF22754262","2016-03-26","Sanya","Nehru","Saini","F","2013-11-17","Chennai","015250","Chennai","Orissa"
"PERF10694263","2019-12-16","Vimal","Guneta","Gupta","F","1992-11-11","Kolkata","305540","Kolkata","Rajasthan"
"PERF64914264","2021-01-06","Vedanshi","Kaniyar","Mishra","M","2002-12-23","Mumbai","604438","Mumbai","Delhi"
"PERF23094265","2014-08-16","Rameshwar","Kocchar","Ahluwalia","M","2008-05-31","Mumbai","698104","Mumbai","Uttar Pradesh"
"PERF87164266","2024-03-25","Poornima","Achari","Nayar","M","1994-10-16","Bengaluru","718347","Bengaluru","Andaman and Nicobar Islands"
"PERF56584267","2018-11-25","Tanushri","Embranthiri","Varman","M","1977-06-20","Thiruvananthapuram","987391","Thiruvananthapuram","Andaman and Nicobar Islands"
"PERF71874268","2014-02-23","Bishnu","Pandey","Nayar","M","1942-01-20","Chennai","974023","Chennai","Delhi"
"PERF29554269","2017-08-18","Bhima","Reddy","Iyer","M","1946-10-01","New Delhi","639513","New Delhi","Kerala"
"PERF3794270","2023-10-24","Pranay","Pandey","Embranthiri","M","1992-02-01","Bengaluru","204758","Bengaluru","Manipur"
"PERF17944271","2022-06-16","Charvi","Pothuvaal","Marar","M","2013-11-01","Thiruvananthapuram","759439","Thiruvananthapuram","Andaman and Nicobar Islands"
"PERF25864272","2022-10-02","Rakesh","Joshi","Mukhopadhyay","M","1985-01-23","Mumbai","019622","Mumbai","Daman and Diu"
"PERF83744273","2020-08-29","Chandrabhaga","Somayaji","Jain","M","1984-09-16","Chennai","766611","Chennai","Lakshadweep"
"PERF7814274","2022-06-06","Nawal","Khatri","Sethi","M","2007-06-25","Chennai","375055","Chennai","Madya Pradesh"
"PERF2444275","2021-12-20","Akshata","Kaul","Saini","F","2005-07-10","Chennai","521969","Chennai","Dadar and Nagar Haveli"
"PERF48764276","2015-05-16","Akroor","Varman","Shukla","F","1964-03-04","Bengaluru","769867","Bengaluru","Chhattisgarh"
"PERF61614277","2017-02-17","Udit","Tagore","Sharma","F","1972-06-26","Thiruvananthapuram","740374","Thiruvananthapuram","Delhi"
"PERF334278","2020-08-23","Anjali","Menon","Arora","M","2018-06-26","Kolkata","269604","Kolkata","Assam"
"PERF65954279","2022-12-18","Dayaananda","Khan","Ahuja","F","1944-04-17","New Delhi","186074","New Delhi","Tamil Nadu"
"PERF6674280","2016-05-22","Daevi","Singh","Pandey","F","1962-05-19","Visakhapatnam","817137","Visakhapatnam","Arunachal Pradesh"
"PERF54624281","2014-07-21","Ekaparnika","Kaur","Gandhi","F","1969-08-30","Hyderabad","264777","Hyderabad","Jharkhand"
"PERF8404282","2021-10-03","Ekdant","Talwar","Tandon","M","1941-06-25","Chennai","385629","Chennai","Sikkim"
"PERF57464283","2018-11-20","Malati","Nayar","Nehru","F","1973-06-16","Mumbai","595200","Mumbai","Himachal Pradesh"
"PERF76094284","2018-09-25","Tanushree","Sinha","Pillai","F","2005-03-29","New Delhi","597454","New Delhi","Karnataka"
"PERF75704285","2018-06-10","Samir","Talwar","Nambeesan","F","1935-11-04","Thiruvananthapuram","138191","Thiruvananthapuram","Punjab"
"PERF58474286","2023-08-13","Deependra","Johar","Nair","M","1936-04-04","Mumbai","794562","Mumbai","Kerala"
"PERF66314287","2016-11-16","Atreyi","Bhattacharya","Bharadwaj","F","1991-12-16","Thiruvananthapuram","517421","Thiruvananthapuram","Daman and Diu"
"PERF10344288","2017-07-11","Balgopal","Patil","Khanna","F","2003-12-22","Kolkata","789917","Kolkata","Tripura"
"PERF92994289","2015-07-11","Dhanapati","Singh","Mehra","F","1968-08-18","Kolkata","978075","Kolkata","Arunachal Pradesh"
"PERF28974290","2018-02-20","Eshana","Mahajan","Joshi","M","2007-10-28","Bengaluru","594657","Bengaluru","Arunachal Pradesh"
"PERF35614291","2015-06-19","Sharda","Kapoor","Kaur","F","1938-04-20","Kolkata","750628","Kolkata","Haryana"
"PERF44364292","2021-01-08","Laxman","Gandhi","Mehrotra","F","1933-10-31","Bengaluru","992095","Bengaluru","Andaman and Nicobar Islands"
"PERF24744293","2015-02-09","Brahmdev","Menon","Arora","M","1953-07-20","Chennai","476416","Chennai","Jharkhand"
"PERF64304294","2015-04-09","Kirti","Khatri","Mehra","M","1987-05-22","Kolkata","531142","Kolkata","Uttaranchal"
"PERF65154295","2020-06-05","Pushti","Arora","Achari","F","1948-11-29","New Delhi","049639","New Delhi","Himachal Pradesh"
"PERF20154296","2016-10-28","Bishnu","Kapoor","Guha","F","1966-12-11","Visakhapatnam","191347","Visakhapatnam","Kerala"
"PERF52254297","2020-01-26","Bhagirathi","Trivedi","Pilla","M","1972-10-12","Bengaluru","100698","Bengaluru","Madya Pradesh"
"PERF26154298","2014-02-16","Bhisham","Bharadwaj","Nehru","F","1943-06-28","Bengaluru","125233","Bengaluru","Sikkim"
"PERF4794299","2021-11-22","Soma","Gupta","Malik","M","1965-11-11","Kolkata","615105","Kolkata","Haryana"
"PERF71904300","2020-07-29","Darshwana","Khanna","Reddy","M","1943-07-08","New Delhi","260850","New Delhi","Lakshadweep"
"PERF13984301","2019-12-14","Balaaditya","Asan","Desai","F","1995-09-13","New Delhi","907414","New Delhi","Pondicherry"
"PERF35604302","2020-05-05","Manik","Saini","Gowda","F","2018-10-08","Hyderabad","322515","Hyderabad","Maharashtra"
"PERF33234303","2014-02-17","Devi","Guneta","Gowda","M","1998-03-14","Hyderabad","531476","Hyderabad","Madya Pradesh"
"PERF98294304","2019-06-08","Kiran","Jha","Naik","F","1995-12-26","Mumbai","835260","Mumbai","Mizoram"
"PERF47754305","2024-06-12","Chandrabhaga","Gill","Ahluwalia","M","1978-02-12","Thiruvananthapuram","990237","Thiruvananthapuram","Kerala"
"PERF88774306","2018-07-24","Narayan","Reddy","Agarwal","F","1945-10-08","Bengaluru","816380","Bengaluru","Dadar and Nagar Haveli"
"PERF23924307","2014-05-03","Jagdeep","Pillai","Bhattacharya","M","1998-09-27","Hyderabad","544677","Hyderabad","Andhra Pradesh"
"PERF9224308","2016-05-21","Harit","Prajapat","Varma","M","1991-02-25","Thiruvananthapuram","257467","Thiruvananthapuram","Haryana"
"PERF84854309","2021-08-15","Chetan","Mukhopadhyay","Acharya","M","1963-07-16","Bengaluru","588716","Bengaluru","Goa"
"PERF26144310","2021-06-10","Swara","Iyer","Adiga","F","1977-02-16","Visakhapatnam","046074","Visakhapatnam","Maharashtra"
"PERF64554311","2014-12-11","Meena","Tagore","Chopra","M","1960-07-15","Visakhapatnam","465618","Visakhapatnam","Maharashtra"
"PERF46924312","2021-11-08","Aarya","Somayaji","Ahluwalia","F","1932-09-20","Mumbai","179032","Mumbai","Orissa"
"PERF71954313","2016-04-29","Sushil","Kaur","Pothuvaal","F","2014-08-11","Visakhapatnam","036060","Visakhapatnam","Andaman and Nicobar Islands"
"PERF19404314","2019-12-27","Deeptimoy","Khan","Iyengar","M","1954-11-20","Chennai","155614","Chennai","Tripura"
"PERF15474315","2022-07-21","Raj","Trivedi","Dubashi","F","1990-12-25","Hyderabad","849737","Hyderabad","Jammu and Kashmir"
"PERF44074316","2015-01-18","Shresthi","Butt","Patel","M","2005-11-03","Chennai","592837","Chennai","Mizoram"
"PERF46444317","2021-04-05","Eshita","Namboothiri","Patel","F","2001-02-03","Kolkata","752437","Kolkata","Uttar Pradesh"
"PERF88424318","2023-03-11","Balgopal","Jain","Gandhi","M","2006-06-10","Chennai","971540","Chennai","Assam"
"PERF88594319","2022-07-18","Gopee","Achari","Embranthiri","M","1965-03-10","Kolkata","859942","Kolkata","Jharkhand"
"PERF7754320","2020-07-06","Chinmayanand","Kocchar","Prajapat","F","1958-11-21","New Delhi","948119","New Delhi","Lakshadweep"
"PERF88174321","2023-01-28","Vijay","Chaturvedi","Embranthiri","F","1996-05-17","Hyderabad","757251","Hyderabad","Chhattisgarh"
"PERF33894322","2016-02-04","Chaturaanan","Johar","Dubashi","F","2005-04-18","Kolkata","556106","Kolkata","Punjab"
"PERF89734323","2022-02-21","Lila","Jain","Asan","M","1998-05-01","Thiruvananthapuram","595381","Thiruvananthapuram","Madya Pradesh"
"PERF14654324","2015-04-26","Adityanandan","Kapoor","Khan","M","1940-09-07","Mumbai","846046","Mumbai","Tamil Nadu"
"PERF93764325","2023-07-06","Deven","Embranthiri","Kaniyar","F","1961-02-18","Kolkata","073869","Kolkata","Dadar and Nagar Haveli"
"PERF64694326","2021-05-16","Manisha","Nehru","Marar","F","1992-05-16","Thiruvananthapuram","073271","Thiruvananthapuram","Madya Pradesh"
"PERF48604327","2021-10-24","Alok","Mukhopadhyay","Jha","F","1993-07-17","Hyderabad","873506","Hyderabad","Gujarat"
"PERF49664328","2017-12-13","Kalinda","Kapoor","Chaturvedi","M","1953-10-21","Visakhapatnam","107459","Visakhapatnam","Meghalaya"
"PERF69504329","2024-06-08","Satish","Somayaji","Naik","F","1968-10-04","Mumbai","747681","Mumbai","Kerala"
"PERF97714330","2021-02-10","Kirti","Patel","Kaniyar","F","2022-01-24","Chennai","683345","Chennai","Orissa"
"PERF62914331","2018-06-17","Chanakya","Rana","Rana","M","2002-12-01","Bengaluru","717784","Bengaluru","Manipur"
"PERF77044332","2018-07-02","Karunanidhi","Nambeesan","Jha","M","1970-07-29","Visakhapatnam","595289","Visakhapatnam","Daman and Diu"
"PERF13674333","2014-07-29","Chaten","Chattopadhyay","Kakkar","M","1963-10-12","Hyderabad","246490","Hyderabad","Punjab"
"PERF35134334","2015-09-12","Aanandinii","Varman","Adiga","F","1946-04-23","Chennai","416635","Chennai","Goa"
"PERF15204335","2017-05-06","Devani","Bhattathiri","Abbott","M","1931-06-03","Mumbai","614299","Mumbai","Nagaland"
"PERF65714336","2022-12-01","Trilochana","Nayar","Gandhi","F","1962-05-20","Visakhapatnam","991402","Visakhapatnam","Goa"
"PERF35784337","2020-01-25","Balagovind","Khan","Malik","M","1995-12-18","Bengaluru","227784","Bengaluru","Bihar"
"PERF59654338","2021-08-03","Jagdish","Singh","Guha","M","1963-07-20","Hyderabad","667708","Hyderabad","Maharashtra"
"PERF64674339","2024-07-18","Chandranath","Patil","Trivedi","M","1951-08-18","Chennai","790807","Chennai","Pondicherry"
"PERF51334340","2018-05-20","Kin","Pothuvaal","Gill","F","2003-12-03","Mumbai","867601","Mumbai","Bihar"
"PERF70954341","2017-12-01","Vedang","Dhawan","Verma","F","1946-10-25","Visakhapatnam","885775","Visakhapatnam","Goa"
"PERF93674342","2020-03-04","Malati","Kaur","Khatri","F","1994-10-19","Mumbai","711150","Mumbai","Tamil Nadu"
"PERF67984343","2015-05-10","Chitrangada","Johar","Khan","F","1976-10-07","Bengaluru","964566","Bengaluru","Orissa"
"PERF56794344","2021-02-22","Swarnalata","Nair","Banerjee","M","1962-12-15","Bengaluru","507313","Bengaluru","Orissa"
"PERF11124345","2017-11-22","Brahmanandam","Arora","Guneta","F","1986-07-23","Chennai","049014","Chennai","Karnataka"
"PERF48554346","2016-01-30","Vidya","Gowda","Nair","M","1960-02-09","Kolkata","922656","Kolkata","Pondicherry"
"PERF16674347","2022-12-07","Ghanashyam","Namboothiri","Patil","M","2006-01-20","Hyderabad","063313","Hyderabad","Orissa"
"PERF83874348","2014-06-18","Gopaal","Joshi","Rana","F","2017-06-30","Kolkata","267082","Kolkata","Tripura"
"PERF66684349","2021-05-03","Ekaksh","Kaur","Bandopadhyay","M","1972-12-25","Bengaluru","083769","Bengaluru","Tripura"
"PERF77134350","2017-03-01","Bala","Agarwal","Kaur","M","1997-09-20","Chennai","969795","Chennai","Arunachal Pradesh"
"PERF34014351","2015-04-27","Geeta","Ahluwalia","Mishra","M","1988-07-07","Thiruvananthapuram","340282","Thiruvananthapuram","Chhattisgarh"
"PERF95494352","2019-05-20","Ankal","Nair","Dutta","M","1993-08-07","New Delhi","555568","New Delhi","West Bengal"
"PERF11194353","2022-03-19","Agneya","Dhawan","Deshpande","M","1974-02-09","Thiruvananthapuram","431401","Thiruvananthapuram","Uttar Pradesh"
"PERF2184354","2020-06-16","Sitara","Guha","Kapoor","F","2014-09-27","Kolkata","032802","Kolkata","Uttar Pradesh"
"PERF57044355","2022-05-05","Dharmaketu","Jha","Khanna","M","2024-04-24","Chennai","125578","Chennai","Andaman and Nicobar Islands"
"PERF59874356","2020-08-06","Niranjan","Tandon","Acharya","M","1967-01-21","Mumbai","945850","Mumbai","Uttar Pradesh"
"PERF70284357","2021-12-23","Chanakya","Shah","Nair","F","1944-10-25","Chennai","820554","Chennai","Sikkim"
"PERF30804358","2017-08-17","Aamod","Prajapat","Dwivedi","M","1988-11-11","Chennai","831291","Chennai","Kerala"
"PERF51924359","2023-07-10","Bhuvaneshwar","Talwar","Dwivedi","M","1989-07-10","Kolkata","791631","Kolkata","Tamil Nadu"
"PERF2224360","2016-09-24","Geeta","Malik","Panicker","M","1987-08-28","Chennai","198704","Chennai","Jammu and Kashmir"
"PERF98214361","2021-03-10","Gudakesha","Dubashi","Tandon","M","1985-06-25","Bengaluru","001483","Bengaluru","Chandigarh"
"PERF74464362","2021-11-29","Baalaaditya","Sinha","Joshi","M","1966-03-27","New Delhi","433569","New Delhi","Nagaland"
"PERF93034363","2014-02-21","Aaryan","Menon","Namboothiri","F","1964-01-10","New Delhi","269084","New Delhi","Karnataka"
"PERF11594364","2017-05-28","Bankimchandra","Varrier","Bharadwaj","M","1999-12-22","Mumbai","785224","Mumbai","Madya Pradesh"
"PERF27334365","2020-05-07","Anandamayi","Mehra","Bandopadhyay","F","1998-07-20","Hyderabad","405370","Hyderabad","Uttar Pradesh"
"PERF16624366","2019-09-08","Jagadish","Nair","Adiga","M","1970-12-03","Mumbai","170969","Mumbai","Goa"
"PERF49614367","2015-05-19","Bala","Chaturvedi","Ahuja","M","1980-08-10","Thiruvananthapuram","814791","Thiruvananthapuram","Kerala"
"PERF81864368","2021-08-23","Akshita","Agarwal","Mahajan","F","1999-10-09","Bengaluru","455639","Bengaluru","Goa"
"PERF22854369","2014-10-18","Bhoopat","Ahluwalia","Ahuja","M","1962-07-24","Bengaluru","751594","Bengaluru","Dadar and Nagar Haveli"
"PERF20624370","2014-03-05","Anasuya","Acharya","Kapoor","F","1973-07-28","New Delhi","667942","New Delhi","Meghalaya"
"PERF49184371","2024-01-02","Amrita","Iyer","Prajapat","M","1940-07-09","Bengaluru","796665","Bengaluru","Assam"
"PERF29834372","2021-07-06","Annapurna","Sinha","Pandey","M","1965-07-30","Visakhapatnam","198480","Visakhapatnam","Sikkim"
"PERF61494373","2018-09-24","Amarnath","Banerjee","Varman","F","2000-09-06","Thiruvananthapuram","292668","Thiruvananthapuram","Gujarat"
"PERF9974374","2017-02-02","Amrit","Chopra","Khanna","F","1985-12-12","New Delhi","687392","New Delhi","Haryana"
"PERF50804375","2017-11-28","Sarada","Chaturvedi","Pothuvaal","F","1981-01-09","Hyderabad","555828","Hyderabad","Kerala"
"PERF33574376","2022-05-14","Akshita","Shah","Shukla","M","1945-01-13","Thiruvananthapuram","778231","Thiruvananthapuram","Jammu and Kashmir"
"PERF19034377","2021-11-01","Sarisha","Tagore","Nair","M","2018-10-04","Visakhapatnam","394933","Visakhapatnam","Chhattisgarh"
"PERF29954378","2020-09-05","Leela","Johar","Kaul","F","1964-09-16","Mumbai","846159","Mumbai","Assam"
"PERF53544379","2021-08-17","Somu","Mahajan","Achari","F","1930-10-17","Bengaluru","136221","Bengaluru","Kerala"
"PERF51664380","2021-06-01","Girish","Iyer","Khan","M","1961-04-12","Chennai","085829","Chennai","Bihar"
"PERF73364381","2014-11-01","Daevika","Gandhi","Kaul","F","2003-04-18","Kolkata","172633","Kolkata","Assam"
"PERF47174382","2016-02-22","Goswami","Chaturvedi","Shukla","F","2020-10-09","New Delhi","276550","New Delhi","Andaman and Nicobar Islands"
"PERF61634383","2024-02-14","Abhaya","Nehru","Kakkar","M","1990-10-23","New Delhi","360367","New Delhi","Himachal Pradesh"
"PERF21424384","2017-06-09","Dhanu","Ganaka","Jha","F","1959-02-11","New Delhi","154122","New Delhi","Sikkim"
"PERF52164385","2024-01-05","Chatur","Shukla","Bhattacharya","F","1959-07-17","Mumbai","345248","Mumbai","Andaman and Nicobar Islands"
"PERF98464386","2020-12-13","Digambar","Khatri","Kaniyar","M","1977-04-23","Bengaluru","502543","Bengaluru","Jammu and Kashmir"
"PERF51454387","2017-05-08","Mayoor","Panicker","Pothuvaal","F","1968-08-27","Kolkata","013582","Kolkata","Kerala"
"PERF30124388","2020-01-16","Damayanti","Kocchar","Deshpande","M","1939-03-04","Chennai","698890","Chennai","Punjab"
"PERF45814389","2015-05-13","Dinesh","Chattopadhyay","Arora","M","2010-06-30","Chennai","915285","Chennai","Goa"
"PERF67924390","2023-04-09","Shubha","Sinha","Guha","F","1954-12-06","Hyderabad","863312","Hyderabad","Karnataka"
"PERF6964391","2019-11-22","Agniprava","Bharadwaj","Banerjee","F","1988-11-13","Chennai","022942","Chennai","Mizoram"
"PERF60244392","2020-07-23","Dhanesh","Pilla","Mukhopadhyay","M","1936-04-12","Kolkata","137367","Kolkata","West Bengal"
"PERF95804393","2020-08-19","Dayaanidhi","Ahluwalia","Khanna","F","1944-03-09","Mumbai","942033","Mumbai","Daman and Diu"
"PERF40104394","2021-09-08","Adwitiya","Shah","Embranthiri","F","2014-03-08","Hyderabad","312298","Hyderabad","Daman and Diu"
"PERF95614395","2017-09-27","Dayaanidhi","Deshpande","Gill","M","2020-10-27","Kolkata","308989","Kolkata","Haryana"
"PERF44524396","2023-02-02","Urmila","Singh","Achari","M","2019-09-18","Bengaluru","628243","Bengaluru","Karnataka"
"PERF75454397","2017-05-04","Aarya","Varman","Ahluwalia","F","1994-01-27","Visakhapatnam","367118","Visakhapatnam","Tripura"
"PERF53044398","2018-09-05","Acharyasuta","Menon","Acharya","F","1984-11-05","Mumbai","123473","Mumbai","Uttar Pradesh"
"PERF68284399","2021-01-18","Abhaya","Trivedi","Butt","M","2023-03-28","Mumbai","208957","Mumbai","Arunachal Pradesh"
"PERF96684400","2024-07-01","Deeptimoyee","Pillai","Joshi","M","1942-09-27","Bengaluru","299040","Bengaluru","Delhi"
"PERF344401","2018-09-08","Kama","Kaul","Bharadwaj","F","1959-03-05","Kolkata","599556","Kolkata","Goa"
"PERF79514402","2019-06-26","Bhagavaan","Varrier","Deshpande","M","1976-07-17","Bengaluru","025326","Bengaluru","Jammu and Kashmir"
"PERF48474403","2014-07-11","Chetan","Rana","Deshpande","M","1949-07-11","Thiruvananthapuram","866053","Thiruvananthapuram","Tripura"
"PERF16074404","2021-10-30","Ekaling","Acharya","Saini","F","2008-05-14","Mumbai","488094","Mumbai","Kerala"
"PERF78254405","2024-01-10","Chandramauli","Chaturvedi","Achari","F","1945-03-05","Visakhapatnam","373889","Visakhapatnam","Daman and Diu"
"PERF10544406","2015-12-24","Chaaruchandra","Rana","Desai","F","2005-09-04","Thiruvananthapuram","118431","Thiruvananthapuram","Chhattisgarh"
"PERF73494407","2020-05-04","Mandakini","Kaur","Mishra","F","1988-05-18","Thiruvananthapuram","119548","Thiruvananthapuram","Nagaland"
"PERF60604408","2017-01-03","Ganapati","Bhat","Desai","M","1997-04-10","Kolkata","467642","Kolkata","Gujarat"
"PERF30234409","2023-10-02","Arindam","Naik","Nair","F","1973-01-22","New Delhi","449565","New Delhi","Tripura"
"PERF55434410","2016-04-05","Mukesh","Rana","Dutta","M","1931-12-14","Chennai","360372","Chennai","Andaman and Nicobar Islands"
"PERF484411","2017-06-19","Kiran","Khanna","Desai","F","1939-01-17","Hyderabad","256452","Hyderabad","Andaman and Nicobar Islands"
"PERF8224412","2017-10-08","Chaturbhuj","Mukhopadhyay","Iyer","F","1993-07-16","Bengaluru","786468","Bengaluru","Madya Pradesh"
"PERF68264413","2023-06-15","Varalakshmi","Chaturvedi","Banerjee","F","2004-03-24","Thiruvananthapuram","164885","Thiruvananthapuram","Andaman and Nicobar Islands"
"PERF26204414","2022-10-10","Sucheta","Kapoor","Deshpande","F","2023-10-27","Thiruvananthapuram","943533","Thiruvananthapuram","Punjab"
"PERF404415","2023-11-19","Dhanpati","Chaturvedi","Acharya","M","1987-12-18","Bengaluru","031026","Bengaluru","Punjab"
"PERF80094416","2017-08-08","Aadinath","Saini","Gowda","M","1941-06-26","Thiruvananthapuram","029817","Thiruvananthapuram","Karnataka"
"PERF77614417","2021-09-29","Deven","Kapoor","Dhawan","M","1947-07-23","Bengaluru","661722","Bengaluru","Uttaranchal"
"PERF40514418","2021-02-19","Brijesh","Varma","Nair","M","1982-05-05","Hyderabad","505619","Hyderabad","Chhattisgarh"
"PERF57144419","2021-08-17","Shashi","Malik","Iyer","F","1943-09-09","Visakhapatnam","430145","Visakhapatnam","Dadar and Nagar Haveli"
"PERF50194420","2018-08-28","Subhasini","Kaniyar","Pilla","M","1932-07-31","Bengaluru","316350","Bengaluru","Kerala"
"PERF41634421","2019-08-25","Giriraaj","Shukla","Bhattathiri","M","1970-11-21","Kolkata","375386","Kolkata","Rajasthan"
"PERF44194422","2020-05-06","Tanushree","Nehru","Bhattathiri","M","2001-06-10","Bengaluru","127397","Bengaluru","Orissa"
"PERF62504423","2022-12-29","Kartik","Butt","Joshi","F","1966-08-14","New Delhi","843338","New Delhi","Chhattisgarh"
"PERF66614424","2016-06-14","Gemine","Jha","Kaur","F","1947-11-13","New Delhi","243290","New Delhi","Maharashtra"
"PERF37644425","2023-12-30","Deepan","Kaur","Dubashi","F","1972-05-30","New Delhi","700643","New Delhi","Dadar and Nagar Haveli"
"PERF5984426","2017-12-29","Chandra","Kaur","Achari","M","1988-11-09","Kolkata","423090","Kolkata","West Bengal"
"PERF46194427","2018-05-15","Giriraj","Bhattathiri","Joshi","M","2001-03-01","Thiruvananthapuram","243870","Thiruvananthapuram","Maharashtra"
"PERF5604428","2014-05-13","Ekaling","Kocchar","Agarwal","F","1970-06-16","Bengaluru","859897","Bengaluru","Daman and Diu"
"PERF54814429","2023-06-13","Chanda","Iyengar","Ahuja","M","1940-08-07","New Delhi","602376","New Delhi","Uttaranchal"
"PERF92054430","2019-11-04","Jagdeep","Gupta","Talwar","F","1949-06-09","Bengaluru","246274","Bengaluru","Sikkim"
"PERF38264431","2014-12-19","Gobinda","Dhawan","Tagore","M","2007-11-16","Thiruvananthapuram","797515","Thiruvananthapuram","Gujarat"
"PERF34644432","2021-01-09","Kama","Gill","Kaul","M","2007-04-02","Bengaluru","715506","Bengaluru","Gujarat"
"PERF99924433","2018-02-24","Anaadi","Prajapat","Namboothiri","F","2019-08-08","Bengaluru","346994","Bengaluru","Lakshadweep"
"PERF91684434","2017-06-10","Aditya","Adiga","Ganaka","M","2011-10-02","Kolkata","360656","Kolkata","Tamil Nadu"
"PERF40644435","2022-10-17","Baalaaditya","Singh","Kaul","M","2004-01-20","Thiruvananthapuram","071015","Thiruvananthapuram","Manipur"
"PERF72614436","2021-07-25","Gurdev","Patel","Nair","F","1960-06-05","Mumbai","600463","Mumbai","Punjab"
"PERF254437","2018-03-02","Lavanya","Desai","Shah","M","1994-03-18","Chennai","029702","Chennai","Tripura"
"PERF51404438","2022-06-01","Jagathi","Kaur","Desai","F","2018-06-11","New Delhi","301912","New Delhi","Haryana"
"PERF13014439","2021-09-02","Vaijayanthi","Nair","Gowda","M","1976-06-25","New Delhi","909431","New Delhi","Jammu and Kashmir"
"PERF52304440","2021-09-15","Balachandra","Kakkar","Nair","M","1980-02-14","Thiruvananthapuram","947338","Thiruvananthapuram","Himachal Pradesh"
"PERF59444441","2018-07-11","Acaryatanaya","Bandopadhyay","Arora","F","1982-01-22","Mumbai","359881","Mumbai","Manipur"
"PERF37634442","2022-10-22","Indra","Dutta","Mehrotra","F","1949-05-04","Thiruvananthapuram","265043","Thiruvananthapuram","Jammu and Kashmir"
"PERF5014443","2021-04-15","Shwet","Dwivedi","Kakkar","M","1987-05-28","New Delhi","670172","New Delhi","Tripura"
"PERF45094444","2021-08-22","Saraswati","Sharma","Namboothiri","M","1956-01-19","Kolkata","458762","Kolkata","Maharashtra"
"PERF90574445","2015-02-06","Anang","Varman","Guha","M","1981-07-06","Mumbai","252097","Mumbai","Tamil Nadu"
"PERF8164446","2021-01-13","Sudeva","Deshpande","Nayar","M","1968-07-04","Chennai","559744","Chennai","Himachal Pradesh"
"PERF94154447","2019-07-27","Bakula","Varman","Rana","F","1984-08-19","Thiruvananthapuram","986425","Thiruvananthapuram","Nagaland"
"PERF90384448","2017-01-16","Dipankar","Desai","Kakkar","M","1962-04-22","Mumbai","365830","Mumbai","Sikkim"
"PERF45634449","2022-01-19","Chandini","Nehru","Khanna","F","1963-03-26","Mumbai","830760","Mumbai","Daman and Diu"
"PERF47684450","2015-10-30","Dwaipayan","Butt","Guha","M","2012-12-17","Chennai","372308","Chennai","Haryana"
"PERF24664451","2016-10-29","Dhara","Pothuvaal","Nambeesan","F","2012-03-11","Hyderabad","200132","Hyderabad","Gujarat"
"PERF85204452","2018-11-08","Bhagirathi","Naik","Pandey","F","1986-02-24","Thiruvananthapuram","190774","Thiruvananthapuram","Uttaranchal"
"PERF95824453","2023-06-29","Avadhesh","Deshpande","Pillai","M","1948-09-17","New Delhi","579475","New Delhi","Tamil Nadu"
"PERF2034454","2017-09-07","Shanti","Dutta","Devar","M","1997-02-18","Thiruvananthapuram","857540","Thiruvananthapuram","Assam"
"PERF78884455","2014-08-06","Opaline","Bhattathiri","Trivedi","M","1991-09-15","Hyderabad","830483","Hyderabad","Karnataka"
"PERF44354456","2016-12-24","Uttam","Khanna","Nehru","M","1989-02-15","Chennai","129207","Chennai","Pondicherry"
"PERF82944457","2018-11-02","Avadhesh","Embranthiri","Gowda","M","1970-02-10","Bengaluru","766185","Bengaluru","Chhattisgarh"
"PERF74664458","2016-04-06","Eekalabya","Arora","Nayar","M","1930-01-09","Thiruvananthapuram","475605","Thiruvananthapuram","Chandigarh"
"PERF32924459","2016-12-25","Bhuvaneshwar","Chopra","Menon","M","1931-01-05","Bengaluru","388025","Bengaluru","Andaman and Nicobar Islands"
"PERF20094460","2021-06-11","Chandi","Devar","Jain","M","1995-01-28","Visakhapatnam","766780","Visakhapatnam","Maharashtra"
"PERF46874461","2021-05-22","Bhushan","Prajapat","Banerjee","M","2020-01-21","Thiruvananthapuram","045381","Thiruvananthapuram","Chandigarh"
"PERF16394462","2023-12-24","Anish","Abbott","Nayar","M","1968-08-31","Kolkata","091327","Kolkata","Orissa"
"PERF51884463","2014-10-12","Devi","Tandon","Jha","M","1984-07-04","Chennai","335591","Chennai","Haryana"
"PERF8064464","2018-04-21","Gautam","Mishra","Mehra","F","1988-12-01","New Delhi","093665","New Delhi","Chandigarh"
"PERF954465","2018-07-27","Atmananda","Varma","Varrier","M","2019-05-21","Hyderabad","065562","Hyderabad","Kerala"
"PERF27854466","2016-04-27","Bhagwanti","Iyer","Agarwal","M","1954-07-15","Hyderabad","866245","Hyderabad","Maharashtra"
"PERF52074467","2023-10-20","Aslesha","Acharya","Jain","F","1973-10-30","Hyderabad","088806","Hyderabad","Punjab"
"PERF84094468","2021-05-31","Brahmaanand","Varma","Kakkar","M","2002-01-31","Hyderabad","279185","Hyderabad","Haryana"
"PERF23034469","2018-02-19","Chandrabhan","Pothuvaal","Marar","F","1942-12-13","Chennai","776554","Chennai","Delhi"
"PERF38454470","2016-06-24","Sunita","Iyer","Kocchar","F","2001-04-30","Thiruvananthapuram","171965","Thiruvananthapuram","Madya Pradesh"
"PERF20084471","2024-01-10","Deependra","Marar","Dwivedi","F","1997-02-12","Kolkata","452553","Kolkata","Jammu and Kashmir"
"PERF64814472","2015-12-16","Agasti","Bhattathiri","Kocchar","M","1991-02-26","Mumbai","980339","Mumbai","Kerala"
"PERF58504473","2023-11-01","Shubhaprada","Bhat","Abbott","F","1932-01-18","Bengaluru","521367","Bengaluru","Goa"
"PERF55114474","2018-03-26","Siddhran","Dubashi","Kocchar","M","2000-08-01","Thiruvananthapuram","050734","Thiruvananthapuram","Karnataka"
"PERF52904475","2014-08-01","Anish","Bhat","Agarwal","F","2000-10-13","Bengaluru","533288","Bengaluru","Tamil Nadu"
"PERF54894476","2022-05-19","Anjushri","Bhattathiri","Joshi","M","1955-12-17","Thiruvananthapuram","942908","Thiruvananthapuram","Chhattisgarh"
"PERF25734477","2015-11-10","Anunay","Banerjee","Gill","F","1963-07-18","Kolkata","106686","Kolkata","Dadar and Nagar Haveli"
"PERF4554478","2017-01-01","Bhaasvan","Bhat","Chopra","F","1936-09-28","Hyderabad","413300","Hyderabad","West Bengal"
"PERF99074479","2021-11-27","Anasooya","Dutta","Pilla","M","1943-10-07","Visakhapatnam","587398","Visakhapatnam","Orissa"
"PERF82214480","2023-12-06","Gorakhanatha","Ganaka","Chattopadhyay","F","1967-03-19","Mumbai","154501","Mumbai","Rajasthan"
"PERF85344481","2016-03-03","Abhirath","Sethi","Mukhopadhyay","M","1984-01-20","Hyderabad","601608","Hyderabad","Maharashtra"
"PERF63334482","2017-09-27","Tapan","Somayaji","Guha","F","1975-04-22","Chennai","775773","Chennai","Andhra Pradesh"
"PERF3304483","2016-01-04","Geetanjali","Kaur","Chopra","M","1949-06-13","New Delhi","660646","New Delhi","Tripura"
"PERF53074484","2024-06-05","Chetan","Abbott","Dhawan","F","2014-03-23","Visakhapatnam","710667","Visakhapatnam","Meghalaya"
"PERF75754485","2022-03-04","Deepali","Gandhi","Chopra","F","2007-07-21","Bengaluru","861266","Bengaluru","Uttaranchal"
"PERF4314486","2014-05-17","Dev","Mehra","Nair","F","1934-07-04","Mumbai","536131","Mumbai","Orissa"
"PERF30334487","2017-12-21","Kama","Dutta","Joshi","F","1951-08-21","Mumbai","184025","Mumbai","West Bengal"
"PERF32364488","2017-07-31","Subhashini","Dwivedi","Bhattacharya","F","1955-03-22","New Delhi","392210","New Delhi","Rajasthan"
"PERF49774489","2017-09-07","Subodh","Mahajan","Mehra","M","1959-01-09","Hyderabad","202121","Hyderabad","Madya Pradesh"
"PERF84224490","2022-05-04","Chandi","Varman","Dutta","F","1975-08-11","Thiruvananthapuram","924261","Thiruvananthapuram","Arunachal Pradesh"
"PERF57404491","2017-06-05","Leela","Agarwal","Banerjee","F","2014-08-05","Mumbai","486346","Mumbai","Manipur"
"PERF43214492","2016-12-13","Lakshmi","Bhat","Talwar","M","2002-01-14","Kolkata","953916","Kolkata","Daman and Diu"
"PERF36414493","2016-03-25","Digambar","Arora","Nair","M","1959-08-11","Hyderabad","563715","Hyderabad","Chandigarh"
"PERF76774494","2018-06-14","Bhupati","Mukhopadhyay","Bhattathiri","F","1979-02-04","Mumbai","929294","Mumbai","Arunachal Pradesh"
"PERF97604495","2021-05-03","Amodini","Singh","Butt","F","1983-04-30","Mumbai","908653","Mumbai","Nagaland"
"PERF4314496","2022-12-21","Deven","Khan","Butt","M","1957-07-18","Mumbai","484029","Mumbai","Tamil Nadu"
"PERF45674497","2015-10-07","Maheswar","Panicker","Pandey","M","1978-07-09","Visakhapatnam","480374","Visakhapatnam","Gujarat"
"PERF32184498","2016-08-05","Drona","Mahajan","Shukla","M","2004-09-25","New Delhi","030519","New Delhi","Uttaranchal"
"PERF99744499","2019-08-31","Bhaumik","Reddy","Nair","F","2010-03-15","Visakhapatnam","311197","Visakhapatnam","Manipur"
"PERF50034500","2023-05-09","Shrishti","Iyer","Nambeesan","F","1992-11-01","New Delhi","912707","New Delhi","Delhi"
"PERF71544501","2016-01-20","Sudeva","Agarwal","Butt","F","1956-03-08","Visakhapatnam","280927","Visakhapatnam","Kerala"
"PERF1314502","2015-12-22","Aalok","Tagore","Guneta","F","1985-07-15","Kolkata","487208","Kolkata","Uttaranchal"
"PERF13904503","2016-07-21","Anjushri","Bhattathiri","Rana","F","1976-08-28","New Delhi","505858","New Delhi","Nagaland"
"PERF49834504","2018-02-16","Kama","Talwar","Adiga","F","1965-03-20","Hyderabad","499177","Hyderabad","Goa"
"PERF9504505","2017-09-22","Sudeva","Chaturvedi","Nambeesan","F","2014-05-23","Thiruvananthapuram","357617","Thiruvananthapuram","Sikkim"
"PERF41794506","2021-10-17","Durga","Jain","Bhattacharya","M","1955-08-22","Hyderabad","454851","Hyderabad","Lakshadweep"
"PERF14054507","2023-10-25","Bharat","Pandey","Shukla","F","1951-04-20","Kolkata","238439","Kolkata","Tripura"
"PERF56844508","2014-06-18","Goutam","Trivedi","Adiga","F","1980-06-23","Chennai","856845","Chennai","Chhattisgarh"
"PERF59824509","2019-02-02","Opaline","Marar","Panicker","F","1935-11-25","New Delhi","989458","New Delhi","Dadar and Nagar Haveli"
"PERF4994510","2021-08-25","Soma","Abbott","Kocchar","F","1982-08-29","Visakhapatnam","882232","Visakhapatnam","Haryana"
"PERF19774511","2018-12-28","Aadi","Khanna","Somayaji","F","2013-11-20","Bengaluru","514779","Bengaluru","Karnataka"
"PERF65354512","2024-04-28","Deependra","Khanna","Mehra","F","1976-04-03","Kolkata","820428","Kolkata","Meghalaya"
"PERF22034513","2016-04-23","Kartik","Dhawan","Johar","M","1983-05-17","Mumbai","755343","Mumbai","Karnataka"
"PERF94504514","2022-04-16","Chandramohan","Pandey","Talwar","F","1938-05-27","Chennai","677234","Chennai","Rajasthan"
"PERF37844515","2018-04-09","Aashritha","Ahuja","Shukla","M","2020-12-20","Mumbai","459006","Mumbai","Maharashtra"
"PERF44854516","2016-03-22","Bela","Nair","Guneta","F","1988-05-24","Hyderabad","657653","Hyderabad","Pondicherry"
"PERF46844517","2015-02-14","Anjali","Pothuvaal","Sethi","M","1956-02-10","New Delhi","602744","New Delhi","Sikkim"
"PERF81594518","2022-12-29","Goswami","Kapoor","Banerjee","F","1977-03-17","Mumbai","320314","Mumbai","Bihar"
"PERF54294519","2016-03-21","Aaratrika","Kapoor","Nayar","M","1996-10-28","Kolkata","330862","Kolkata","Lakshadweep"
"PERF13834520","2015-07-28","Bhagvan","Kaniyar","Reddy","M","2007-03-15","New Delhi","758443","New Delhi","Delhi"
"PERF34454521","2024-04-22","Mangala","Reddy","Kaur","F","1961-08-08","Bengaluru","873453","Bengaluru","Pondicherry"
"PERF71144522","2017-09-05","Pranay","Arora","Asan","M","1975-06-08","New Delhi","411299","New Delhi","Jharkhand"
"PERF17554523","2024-02-22","Bhagwanti","Guneta","Tandon","F","1967-03-20","Chennai","356783","Chennai","Jammu and Kashmir"
"PERF57674524","2014-03-15","Ajit","Gupta","Talwar","M","1946-07-10","New Delhi","010811","New Delhi","West Bengal"
"PERF1694525","2014-09-05","Damayanti","Reddy","Pothuvaal","F","1956-05-14","Chennai","658732","Chennai","Andaman and Nicobar Islands"
"PERF62314526","2022-08-28","Chandrabhan","Jha","Desai","M","2012-11-10","Hyderabad","429237","Hyderabad","Chhattisgarh"
"PERF31924527","2015-07-26","Aditya","Varma","Joshi","M","1959-08-19","Visakhapatnam","212547","Visakhapatnam","Jammu and Kashmir"
"PERF36174528","2018-07-10","Rupinder","Jain","Arora","M","2002-02-25","Thiruvananthapuram","664976","Thiruvananthapuram","Sikkim"
"PERF82404529","2017-11-05","Digambara","Adiga","Patil","M","1958-07-21","Visakhapatnam","226588","Visakhapatnam","Uttaranchal"
"PERF62434530","2016-10-09","Meena","Kapoor","Guneta","F","1989-06-21","Mumbai","297930","Mumbai","Tamil Nadu"
"PERF60124531","2022-11-26","Ekaksh","Tandon","Pothuvaal","F","1960-10-26","Visakhapatnam","787005","Visakhapatnam","Maharashtra"
"PERF78604532","2019-10-26","Rohan","Desai","Agarwal","F","1949-02-26","Thiruvananthapuram","803281","Thiruvananthapuram","Chandigarh"
"PERF4664533","2017-07-09","Dhanesh","Namboothiri","Bhattathiri","F","2008-05-06","New Delhi","873127","New Delhi","Andhra Pradesh"
"PERF22054534","2020-09-11","Niro","Mahajan","Varman","M","2021-12-28","New Delhi","162637","New Delhi","Himachal Pradesh"
"PERF30644535","2024-03-30","Anuja","Jha","Pothuvaal","F","1941-12-26","Hyderabad","314640","Hyderabad","West Bengal"
"PERF37594536","2016-04-25","Gautam","Namboothiri","Guha","F","1970-06-25","Bengaluru","077113","Bengaluru","Manipur"
"PERF44584537","2018-12-30","Adikavi","Dubashi","Devar","M","2000-08-30","Mumbai","478184","Mumbai","Daman and Diu"
"PERF40874538","2020-12-15","Laal","Saini","Gandhi","F","1973-04-18","New Delhi","471792","New Delhi","Tripura"
"PERF89444539","2024-02-20","Chaten","Rana","Bhattathiri","M","1949-09-29","Visakhapatnam","227673","Visakhapatnam","Arunachal Pradesh"
"PERF67734540","2022-07-13","Ankal","Jha","Tagore","M","1953-05-13","Hyderabad","695770","Hyderabad","Himachal Pradesh"
"PERF70134541","2017-03-19","Shubha","Agarwal","Varma","F","2021-03-21","Visakhapatnam","414893","Visakhapatnam","Tripura"
"PERF83234542","2015-11-02","Kalpana","Gowda","Bhattathiri","M","1986-04-15","Bengaluru","720120","Bengaluru","Bihar"
"PERF70984543","2020-08-09","Sharda","Kocchar","Varman","F","1964-03-21","Chennai","200642","Chennai","Daman and Diu"
"PERF51944544","2021-01-27","Madhuri","Abbott","Gill","F","2021-06-20","New Delhi","702585","New Delhi","Pondicherry"
"PERF56014545","2016-02-22","Umang","Kapoor","Chattopadhyay","M","2018-09-18","Chennai","905463","Chennai","Jharkhand"
"PERF61994546","2016-11-20","Dhruv","Varma","Talwar","M","1996-02-08","Bengaluru","119093","Bengaluru","Sikkim"
"PERF65094547","2020-02-21","Manjusha","Gupta","Desai","M","1936-01-23","Hyderabad","446501","Hyderabad","Madya Pradesh"
"PERF73004548","2014-05-18","Himadri","Shah","Sethi","F","1944-05-30","New Delhi","164528","New Delhi","Madya Pradesh"
"PERF49274549","2021-08-31","Radha","Khatri","Pandey","F","1934-07-04","Thiruvananthapuram","663126","Thiruvananthapuram","Nagaland"
"PERF24914550","2015-10-13","Tej","Banerjee","Khanna","M","1963-12-17","Kolkata","594127","Kolkata","Manipur"
"PERF54444551","2018-12-13","Som","Gandhi","Sharma","F","1991-05-19","Hyderabad","500446","Hyderabad","Andhra Pradesh"
"PERF6684552","2022-01-19","Anamika","Talwar","Kapoor","F","1935-10-16","Hyderabad","310037","Hyderabad","Andhra Pradesh"
"PERF23704553","2024-02-15","Bhushan","Joshi","Mehrotra","F","2004-10-25","Kolkata","228030","Kolkata","Manipur"
"PERF42304554","2023-10-23","Chanda","Varman","Bandopadhyay","F","1959-09-22","Thiruvananthapuram","637409","Thiruvananthapuram","West Bengal"
"PERF17214555","2014-12-15","Chinmayananda","Tandon","Somayaji","M","1973-01-14","Mumbai","593569","Mumbai","Rajasthan"
"PERF81714556","2020-12-06","Digambara","Khan","Mishra","M","2023-05-05","Mumbai","273410","Mumbai","Daman and Diu"
"PERF41904557","2015-06-19","Kamla","Mishra","Tandon","M","2008-12-09","Chennai","891796","Chennai","Manipur"
"PERF5814558","2021-03-06","Chandraayan","Jha","Sethi","F","1992-07-23","Visakhapatnam","444224","Visakhapatnam","Manipur"
"PERF68434559","2014-11-04","Arindam","Khanna","Pandey","F","2019-10-23","New Delhi","778545","New Delhi","Mizoram"
"PERF19024560","2023-09-22","Baidehi","Pothuvaal","Bhattacharya","F","1958-09-29","Visakhapatnam","203244","Visakhapatnam","Goa"
"PERF8424561","2021-05-26","Charuchandra","Arora","Gupta","M","1955-03-09","Chennai","504235","Chennai","Daman and Diu"
"PERF2764562","2014-07-04","Daevika","Varma","Nair","F","1955-11-05","Mumbai","481086","Mumbai","Maharashtra"
"PERF10814563","2021-07-01","Bhudeva","Joshi","Jha","M","2005-11-09","Mumbai","163768","Mumbai","Maharashtra"
"PERF89464564","2015-03-06","Darshan","Chattopadhyay","Dubashi","M","1950-11-02","Bengaluru","133165","Bengaluru","Orissa"
"PERF65274565","2023-09-19","Acharyasuta","Pillai","Kaur","F","1988-06-28","Thiruvananthapuram","825914","Thiruvananthapuram","Uttar Pradesh"
"PERF46114566","2019-04-03","Chidaatma","Guneta","Shukla","M","1940-04-30","Visakhapatnam","856399","Visakhapatnam","West Bengal"
"PERF44534567","2018-01-19","Jyotsana","Guha","Namboothiri","F","1946-12-28","Kolkata","808533","Kolkata","Jharkhand"
"PERF91294568","2014-03-13","Nirbhay","Abbott","Asan","M","1932-12-16","Hyderabad","708143","Hyderabad","Orissa"
"PERF57354569","2022-12-14","Vidya","Somayaji","Mishra","M","1980-05-03","Mumbai","451348","Mumbai","Uttar Pradesh"
"PERF77314570","2024-05-04","Adikavi","Rana","Mahajan","M","2008-11-13","Chennai","394192","Chennai","Chandigarh"
"PERF38744571","2016-12-08","Ahilya","Kakkar","Mishra","M","1965-08-12","Chennai","489061","Chennai","Kerala"
"PERF99724572","2021-07-07","Vedang","Sethi","Reddy","M","2023-02-19","Visakhapatnam","967963","Visakhapatnam","Manipur"
"PERF70724573","2017-07-29","Deb","Guneta","Naik","F","1995-02-04","Bengaluru","756382","Bengaluru","Uttaranchal"
"PERF48874574","2020-06-12","Devi","Nambeesan","Kakkar","F","1967-06-01","Thiruvananthapuram","234594","Thiruvananthapuram","Punjab"
"PERF3584575","2021-09-30","Dipankar","Bhattathiri","Ahluwalia","F","1936-02-13","Mumbai","685854","Mumbai","Jharkhand"
"PERF53044576","2016-02-17","Gautama","Dutta","Jain","M","2002-08-29","Thiruvananthapuram","322842","Thiruvananthapuram","Andaman and Nicobar Islands"
"PERF33044577","2019-06-03","Dhananjay","Adiga","Patel","M","2012-04-04","Bengaluru","791236","Bengaluru","Rajasthan"
"PERF39414578","2017-03-05","Sharda","Nair","Kaur","F","1937-05-14","Chennai","298011","Chennai","West Bengal"
"PERF37064579","2021-12-11","Chandran","Bhattathiri","Iyengar","M","2013-12-29","Mumbai","885573","Mumbai","West Bengal"
"PERF19464580","2022-12-15","Adheesh","Khan","Shukla","F","1953-02-08","Chennai","195648","Chennai","Punjab"
"PERF56634581","2016-03-20","Girija","Shukla","Devar","F","1987-04-10","Hyderabad","779637","Hyderabad","Uttaranchal"
"PERF22914582","2018-11-08","Hiranmay","Desai","Menon","F","1937-10-02","New Delhi","421399","New Delhi","Madya Pradesh"
"PERF12864583","2022-05-31","Kanti","Menon","Achari","F","1987-10-26","Bengaluru","819234","Bengaluru","Lakshadweep"
"PERF73794584","2023-05-10","Chandramauli","Saini","Varrier","F","1951-01-04","Kolkata","839498","Kolkata","Tamil Nadu"
"PERF32244585","2020-11-07","Bankim","Arora","Pillai","F","1979-02-20","Chennai","307792","Chennai","Daman and Diu"
"PERF19624586","2019-11-10","Kamla","Mukhopadhyay","Patil","M","2015-03-24","Mumbai","408321","Mumbai","Delhi"
"PERF76704587","2015-02-12","Shakti","Bhat","Varrier","M","1965-04-30","Chennai","846990","Chennai","Goa"
"PERF75494588","2024-04-09","Abhaya","Kapoor","Asan","M","1993-08-03","Thiruvananthapuram","324775","Thiruvananthapuram","Karnataka"
"PERF22004589","2024-06-11","Sharda","Johar","Devar","F","1981-09-06","Bengaluru","807467","Bengaluru","Tamil Nadu"
"PERF62954590","2017-05-04","Meghnath","Shukla","Pilla","M","1930-07-25","New Delhi","026823","New Delhi","Karnataka"
"PERF31454591","2015-07-26","Chandramauli","Dutta","Chopra","M","1936-08-30","Visakhapatnam","549228","Visakhapatnam","Uttaranchal"
"PERF85324592","2018-12-22","Damayanti","Ahuja","Singh","F","1985-06-23","New Delhi","726059","New Delhi","Chandigarh"
"PERF85494593","2015-05-29","Gopee","Mukhopadhyay","Varman","F","1966-03-08","Bengaluru","126027","Bengaluru","Tripura"
"PERF22144594","2015-08-07","Girija","Sinha","Somayaji","M","1968-07-09","Kolkata","789340","Kolkata","Rajasthan"
"PERF134595","2022-12-13","Jagadisha","Gandhi","Sharma","M","2011-02-02","Chennai","292873","Chennai","Uttar Pradesh"
"PERF43434596","2022-05-10","Paramartha","Khatri","Khatri","F","1954-01-20","Hyderabad","223618","Hyderabad","Pondicherry"
"PERF47614597","2015-12-16","Bhagirathi","Mahajan","Bhattathiri","F","2012-06-04","Kolkata","058288","Kolkata","Himachal Pradesh"
"PERF46934598","2017-04-14","Bhoj","Devar","Ahluwalia","M","1944-01-07","Thiruvananthapuram","456267","Thiruvananthapuram","Delhi"
"PERF7564599","2021-10-19","Dayaamay","Dutta","Deshpande","F","1930-06-06","Visakhapatnam","592570","Visakhapatnam","Tripura"
"PERF80054600","2020-01-01","Indra","Iyengar","Khan","M","1987-03-07","Chennai","489719","Chennai","Chandigarh"
"PERF50384601","2017-01-21","Gajbaahu","Khan","Jha","M","2014-12-03","Chennai","483215","Chennai","West Bengal"
"PERF38164602","2019-06-18","Satyen","Chaturvedi","Panicker","M","1941-10-27","Chennai","962202","Chennai","Punjab"
"PERF8994603","2017-01-30","Chetanaanand","Butt","Talwar","M","1973-01-27","Visakhapatnam","115552","Visakhapatnam","Orissa"
"PERF40174604","2020-03-16","Gitanjali","Nehru","Kapoor","M","1944-02-17","Thiruvananthapuram","790643","Thiruvananthapuram","Jharkhand"
"PERF11854605","2023-03-01","Chandra","Somayaji","Bhattacharya","F","2011-03-11","Kolkata","979088","Kolkata","Uttar Pradesh"
"PERF89284606","2022-08-11","Ahilya","Singh","Kapoor","F","1993-03-05","New Delhi","541606","New Delhi","Rajasthan"
"PERF76304607","2014-06-20","Brajesh","Khatri","Guneta","F","1993-01-29","Mumbai","313361","Mumbai","Manipur"
"PERF9914608","2018-11-10","Dhana","Jain","Iyer","F","2022-10-09","Thiruvananthapuram","688978","Thiruvananthapuram","Gujarat"
"PERF23834609","2021-12-06","Brahmdev","Mishra","Desai","M","1977-08-19","Mumbai","266474","Mumbai","Andhra Pradesh"
"PERF84984610","2022-09-18","Karunanidhi","Varma","Bandopadhyay","F","1941-01-24","Visakhapatnam","047448","Visakhapatnam","Orissa"
"PERF8624611","2014-12-09","Anasooya","Dhawan","Bhattacharya","M","1990-09-21","Chennai","331631","Chennai","Daman and Diu"
"PERF29184612","2016-11-12","Rati","Abbott","Patil","M","1959-12-01","New Delhi","211129","New Delhi","Lakshadweep"
"PERF53234613","2018-02-16","Udit","Panicker","Achari","F","1957-05-05","Bengaluru","635833","Bengaluru","Goa"
"PERF9354614","2019-04-13","Dharani","Pandey","Gupta","M","1945-04-17","Hyderabad","735496","Hyderabad","Goa"
"PERF84274615","2022-10-05","Aaratrika","Talwar","Gandhi","M","2005-12-27","Thiruvananthapuram","437204","Thiruvananthapuram","Gujarat"
"PERF14044616","2015-11-24","Trisha","Varma","Gill","M","1971-06-20","Mumbai","110070","Mumbai","Tripura"
"PERF87274617","2021-08-22","Chaanakya","Patel","Marar","F","1965-12-25","New Delhi","095883","New Delhi","West Bengal"
"PERF30314618","2021-11-23","Laxmi","Deshpande","Joshi","F","1946-11-06","Thiruvananthapuram","945313","Thiruvananthapuram","Madya Pradesh"
"PERF33634619","2021-09-12","Ambar","Tandon","Menon","M","1985-04-11","Bengaluru","709126","Bengaluru","Manipur"
"PERF30854620","2019-10-30","Brahmaanand","Pillai","Varrier","M","1953-08-25","Kolkata","012802","Kolkata","Rajasthan"
"PERF45514621","2018-07-02","Bhargavi","Bandopadhyay","Kakkar","M","1976-02-13","New Delhi","453202","New Delhi","Himachal Pradesh"
"PERF54694622","2018-10-26","Tej","Bhat","Joshi","F","1934-10-01","Thiruvananthapuram","770877","Thiruvananthapuram","Kerala"
"PERF36344623","2022-05-02","Gajadhar","Varma","Shukla","F","1940-05-19","Chennai","439496","Chennai","Chhattisgarh"
"PERF80054624","2017-11-13","Chandraprabha","Ahuja","Jain","M","2015-12-30","Chennai","635398","Chennai","Jharkhand"
"PERF83384625","2019-01-10","Hiranya","Guha","Nayar","M","1965-11-15","Kolkata","777262","Kolkata","Uttar Pradesh"
"PERF32394626","2021-09-21","Nalini","Panicker","Nayar","M","1998-06-23","Kolkata","226434","Kolkata","Himachal Pradesh"
"PERF70484627","2023-10-16","Dhananjay","Sharma","Gupta","M","1942-08-07","Mumbai","231444","Mumbai","Assam"
"PERF54104628","2021-03-25","Satish","Pillai","Deshpande","M","1962-02-20","Hyderabad","077139","Hyderabad","Manipur"
"PERF75054629","2023-09-13","Trilochan","Adiga","Jain","M","1950-07-06","Kolkata","523804","Kolkata","Maharashtra"
"PERF91564630","2016-05-22","Dhanalakshmi","Johar","Ahuja","F","1950-01-12","Bengaluru","827475","Bengaluru","Mizoram"
"PERF34794631","2018-01-06","Chaanakya","Ahuja","Agarwal","F","1958-10-18","Kolkata","399022","Kolkata","Jharkhand"
"PERF79884632","2014-10-13","Karan","Pilla","Ahuja","F","1947-03-22","Chennai","153327","Chennai","Chhattisgarh"
"PERF91824633","2016-12-06","Gangesh","Jha","Butt","M","1932-06-02","Thiruvananthapuram","701482","Thiruvananthapuram","Tamil Nadu"
"PERF63244634","2024-06-30","Chakor","Varma","Patel","M","1987-05-04","Hyderabad","075650","Hyderabad","Nagaland"
"PERF16994635","2015-04-12","Kanchan","Ganaka","Adiga","M","2005-06-06","Visakhapatnam","760788","Visakhapatnam","Kerala"
"PERF23014636","2014-12-02","Chaaruchandra","Ahuja","Bhat","F","1966-04-05","New Delhi","207644","New Delhi","West Bengal"
"PERF97824637","2017-02-15","Bhaumik","Patel","Mukhopadhyay","F","1948-10-10","Visakhapatnam","376981","Visakhapatnam","Lakshadweep"
"PERF12444638","2020-01-15","Aasa","Khanna","Pandey","M","2007-05-28","Visakhapatnam","117327","Visakhapatnam","Jharkhand"
"PERF81134639","2023-02-06","Hiranmay","Pillai","Achari","F","1959-09-03","Visakhapatnam","638675","Visakhapatnam","Chhattisgarh"
"PERF45294640","2016-01-11","Arjun","Bhat","Singh","F","1941-02-21","Hyderabad","690901","Hyderabad","Tripura"
"PERF66814641","2018-05-02","Lai","Khanna","Dubashi","F","1935-08-17","Bengaluru","901571","Bengaluru","Gujarat"
"PERF17764642","2024-05-04","Sucheta","Banerjee","Naik","M","1971-12-16","Bengaluru","526636","Bengaluru","Pondicherry"
"PERF78964643","2020-02-25","Udit","Bhat","Iyer","M","1953-05-25","Bengaluru","315360","Bengaluru","Daman and Diu"
"PERF66954644","2017-06-28","Bhooshit","Varrier","Khanna","M","1944-09-16","Visakhapatnam","491452","Visakhapatnam","Lakshadweep"
"PERF57014645","2014-03-15","Ramaa","Nair","Gowda","F","1983-02-04","New Delhi","635659","New Delhi","Lakshadweep"
"PERF64404646","2023-07-21","Bhargava","Jha","Panicker","M","2019-03-08","New Delhi","835424","New Delhi","Himachal Pradesh"
"PERF26444647","2014-11-08","Anaadi","Somayaji","Banerjee","M","1992-07-23","Hyderabad","066800","Hyderabad","Nagaland"
"PERF16564648","2023-03-30","Tushar","Chattopadhyay","Malik","M","1951-09-01","Hyderabad","866384","Hyderabad","Lakshadweep"
"PERF30234649","2019-12-26","Bhudeva","Patel","Panicker","F","2014-04-05","Kolkata","405980","Kolkata","Goa"
"PERF69724650","2014-07-14","Dhananjay","Patel","Chattopadhyay","M","2023-12-17","Mumbai","175089","Mumbai","Chhattisgarh"
"PERF79834651","2015-02-13","Nikita","Trivedi","Iyengar","F","2009-04-05","Hyderabad","577130","Hyderabad","Bihar"
"PERF86524652","2016-06-21","Diptendu","Deshpande","Prajapat","M","1935-12-28","Visakhapatnam","300679","Visakhapatnam","Dadar and Nagar Haveli"
"PERF63474653","2020-12-22","Vedang","Ahluwalia","Abbott","M","2006-09-14","New Delhi","309353","New Delhi","Jammu and Kashmir"
"PERF45844654","2017-01-09","Deeptendu","Chaturvedi","Joshi","M","2018-10-28","Hyderabad","617216","Hyderabad","Chhattisgarh"
"PERF5984655","2022-09-07","Chitramala","Khatri","Devar","M","1972-11-05","Bengaluru","913775","Bengaluru","Bihar"
"PERF20484656","2021-02-14","Amritambu","Acharya","Reddy","F","1936-10-28","Bengaluru","267217","Bengaluru","Tripura"
"PERF67684657","2017-06-30","Subhash","Shah","Ahluwalia","M","1962-06-12","New Delhi","450235","New Delhi","Manipur"
"PERF10814658","2015-04-05","Deeptimoyee","Asan","Kocchar","M","2014-05-07","New Delhi","160930","New Delhi","Chhattisgarh"
"PERF90834659","2020-10-22","Bhaaswar","Gill","Gandhi","M","2017-07-10","Hyderabad","612958","Hyderabad","Andaman and Nicobar Islands"
"PERF18114660","2017-05-04","Dayaananda","Shah","Mahajan","M","1975-01-25","Kolkata","329264","Kolkata","Chandigarh"
"PERF85654661","2015-08-05","Kali","Rana","Mishra","M","2022-09-18","New Delhi","089518","New Delhi","Orissa"
"PERF59984662","2014-08-04","Dhatri","Mehrotra","Sharma","M","1994-02-16","Bengaluru","665707","Bengaluru","Nagaland"
"PERF79814663","2019-06-12","Niranjan","Adiga","Kapoor","F","1957-06-26","New Delhi","524737","New Delhi","Bihar"
"PERF82444664","2020-10-23","Tushar","Gupta","Agarwal","F","1940-11-20","Thiruvananthapuram","575601","Thiruvananthapuram","Madya Pradesh"
"PERF44714665","2016-01-22","Smriti","Banerjee","Dhawan","F","1986-10-12","Mumbai","063502","Mumbai","Mizoram"
"PERF80254666","2017-10-17","Priyala","Dutta","Mishra","F","1943-06-27","Mumbai","690197","Mumbai","Jharkhand"
"PERF50264667","2023-06-20","Bishnu","Prajapat","Chattopadhyay","F","1934-06-07","New Delhi","789735","New Delhi","West Bengal"
"PERF44384668","2016-12-09","Satish","Sharma","Ahluwalia","F","1931-03-31","Visakhapatnam","429345","Visakhapatnam","Jharkhand"
"PERF96494669","2015-08-27","Shantanu","Nayar","Patel","M","1949-08-11","Kolkata","658693","Kolkata","Goa"
"PERF53094670","2017-07-26","Rageshwari","Adiga","Dwivedi","M","1948-02-08","Visakhapatnam","321176","Visakhapatnam","Jharkhand"
"PERF96794671","2017-11-26","Krishnadasa","Desai","Panicker","F","1948-08-07","Thiruvananthapuram","962221","Thiruvananthapuram","Lakshadweep"
"PERF49414672","2017-03-10","Mani","Singh","Kaniyar","M","1991-10-12","Thiruvananthapuram","550231","Thiruvananthapuram","Madya Pradesh"
"PERF56354673","2023-01-06","Sanka","Achari","Mehrotra","M","1983-09-12","Chennai","918142","Chennai","Goa"
"PERF12304674","2017-10-21","Kashyap","Saini","Banerjee","F","1969-06-26","Thiruvananthapuram","196457","Thiruvananthapuram","Dadar and Nagar Haveli"
"PERF97544675","2014-12-13","Shresth","Johar","Panicker","F","1935-09-13","New Delhi","678656","New Delhi","Nagaland"
"PERF11674676","2023-08-02","Ashok","Kaul","Adiga","M","1971-05-05","Visakhapatnam","362785","Visakhapatnam","Pondicherry"
"PERF50204677","2024-05-02","Jai","Dhawan","Butt","M","1961-10-20","Chennai","140649","Chennai","Chandigarh"
"PERF61484678","2015-12-16","Bhaanumati","Nambeesan","Nambeesan","M","1988-09-05","New Delhi","786120","New Delhi","Arunachal Pradesh"
"PERF39674679","2018-09-27","Girindra","Mishra","Talwar","M","1975-02-17","Bengaluru","542931","Bengaluru","Nagaland"
"PERF71254680","2016-09-22","Dinesh","Bandopadhyay","Rana","M","1982-02-16","New Delhi","441774","New Delhi","Pondicherry"
"PERF73614681","2021-09-30","Tushar","Kocchar","Naik","F","1972-09-30","New Delhi","913686","New Delhi","Goa"
"PERF27454682","2016-03-19","Gati","Singh","Joshi","F","2000-08-03","Mumbai","655062","Mumbai","Jharkhand"
"PERF89854683","2023-10-13","Balgopal","Iyer","Nair","F","1949-03-25","New Delhi","863349","New Delhi","Chandigarh"
"PERF82004684","2018-06-25","Dhanapati","Acharya","Joshi","M","1964-08-23","Bengaluru","188980","Bengaluru","Pondicherry"
"PERF10124685","2021-03-20","Vimala","Desai","Iyengar","F","1972-02-26","Chennai","232886","Chennai","Mizoram"
"PERF5664686","2017-12-19","Jyotis","Saini","Mehrotra","M","2003-07-13","Mumbai","305446","Mumbai","Mizoram"
"PERF88224687","2017-10-30","Kanchan","Bhattacharya","Sinha","M","2016-10-26","Bengaluru","784196","Bengaluru","Sikkim"
"PERF9814688","2022-02-04","Dharani","Gill","Jha","F","2018-03-10","Mumbai","428664","Mumbai","Uttar Pradesh"
"PERF88624689","2017-04-03","Pushti","Khanna","Khanna","F","1995-04-01","Kolkata","906302","Kolkata","Nagaland"
"PERF57554690","2024-05-01","Suryakantam","Pillai","Singh","F","2008-02-26","Thiruvananthapuram","968889","Thiruvananthapuram","Orissa"
"PERF53644691","2020-11-23","Agniprava","Adiga","Bhattacharya","F","1975-06-09","New Delhi","394785","New Delhi","Orissa"
"PERF99144692","2018-07-22","Mangala","Ahluwalia","Dutta","M","2023-12-10","Visakhapatnam","130337","Visakhapatnam","Chandigarh"
"PERF82314693","2014-02-13","Rajinder","Dhawan","Sethi","M","1948-05-21","Thiruvananthapuram","474368","Thiruvananthapuram","Punjab"
"PERF19574694","2016-10-29","Laxmi","Rana","Chattopadhyay","M","1980-06-20","Kolkata","941978","Kolkata","Punjab"
"PERF38304695","2019-03-08","Avadhesh","Bhattacharya","Iyer","F","1953-01-19","Kolkata","487814","Kolkata","Dadar and Nagar Haveli"
"PERF14314696","2023-01-05","Bhushan","Nayar","Kaniyar","F","1955-05-10","Hyderabad","730404","Hyderabad","Punjab"
"PERF68894697","2018-05-05","Chakrika","Varma","Pothuvaal","F","2002-02-21","Visakhapatnam","884549","Visakhapatnam","Chandigarh"
"PERF40704698","2014-06-23","Gemine","Bandopadhyay","Mishra","M","1978-03-26","Visakhapatnam","666554","Visakhapatnam","Dadar and Nagar Haveli"
"PERF86564699","2022-05-16","Rohan","Gill","Butt","F","1997-10-08","Mumbai","230786","Mumbai","Maharashtra"
"PERF42864700","2020-07-11","Anand","Gill","Sharma","M","1962-11-17","Bengaluru","869670","Bengaluru","Andhra Pradesh"
"PERF92974701","2017-02-27","Vinay","Mukhopadhyay","Gill","F","1933-06-09","Visakhapatnam","097482","Visakhapatnam","Dadar and Nagar Haveli"
"PERF5454702","2022-07-10","Narinder","Malik","Jain","M","1977-06-12","Chennai","742654","Chennai","Goa"
"PERF78314703","2020-12-09","Vimala","Dutta","Shukla","M","1935-11-29","New Delhi","746237","New Delhi","Bihar"
"PERF3554704","2023-01-08","Deenabandhu","Varrier","Khatri","M","2020-05-26","Thiruvananthapuram","792672","Thiruvananthapuram","Mizoram"
"PERF22704705","2017-04-04","Mohana","Sharma","Kaur","M","1938-03-18","Bengaluru","472043","Bengaluru","Gujarat"
"PERF2524706","2014-06-22","Bhasvan","Acharya","Acharya","F","1939-09-18","Mumbai","650279","Mumbai","Sikkim"
"PERF96684707","2015-01-09","Dron","Saini","Dhawan","F","2021-12-04","Mumbai","110942","Mumbai","Jammu and Kashmir"
"PERF21904708","2018-10-17","Divakar","Nehru","Malik","M","1958-06-21","Thiruvananthapuram","665538","Thiruvananthapuram","Uttar Pradesh"
"PERF29934709","2017-06-21","Kanak","Tandon","Bhattathiri","M","1951-07-02","Hyderabad","433812","Hyderabad","Jharkhand"
"PERF59814710","2018-12-14","Prayag","Iyengar","Rana","F","2007-10-18","Mumbai","944416","Mumbai","Bihar"
"PERF88464711","2021-01-04","Anala","Singh","Kakkar","F","1993-08-30","Chennai","617301","Chennai","Orissa"
"PERF4854712","2016-11-24","Bhooshan","Khatri","Mahajan","M","1984-02-26","Bengaluru","874424","Bengaluru","Uttaranchal"
"PERF47954713","2023-06-13","Deveshwar","Mahajan","Chattopadhyay","M","2013-08-04","Visakhapatnam","782233","Visakhapatnam","Meghalaya"
"PERF77894714","2017-03-17","Kumuda","Ahuja","Adiga","M","1979-08-23","Mumbai","276340","Mumbai","Karnataka"
"PERF12674715","2021-07-05","Chandranath","Pandey","Malik","M","2005-05-03","Chennai","315699","Chennai","Andaman and Nicobar Islands"
"PERF54594716","2019-12-15","Charumati","Nambeesan","Adiga","M","2020-11-28","Hyderabad","321204","Hyderabad","Andhra Pradesh"
"PERF12514717","2022-02-07","Asha","Verma","Jain","F","1972-12-07","Bengaluru","147777","Bengaluru","Chhattisgarh"
"PERF50654718","2022-02-05","Shakuntala","Mishra","Gill","F","1955-12-20","Mumbai","855895","Mumbai","Mizoram"
"PERF54084719","2019-01-12","Kanchan","Kapoor","Dubashi","M","1989-03-31","Thiruvananthapuram","025287","Thiruvananthapuram","Chandigarh"
"PERF51724720","2020-02-18","Maheswar","Kaur","Somayaji","M","1996-11-15","Visakhapatnam","458680","Visakhapatnam","Meghalaya"
"PERF87184721","2023-09-20","Suryakant","Gowda","Dubashi","M","1959-01-19","Thiruvananthapuram","186445","Thiruvananthapuram","Meghalaya"
"PERF36454722","2014-09-25","Siddhran","Verma","Gandhi","M","1991-05-07","Bengaluru","901838","Bengaluru","Manipur"
"PERF52694723","2024-05-11","Narayan","Gandhi","Butt","M","1942-03-27","New Delhi","492056","New Delhi","Pondicherry"
"PERF12874724","2020-06-08","Anala","Mahajan","Ganaka","M","1972-10-25","New Delhi","670798","New Delhi","Chhattisgarh"
"PERF82464725","2024-04-22","Himani","Ganaka","Achari","M","2013-10-09","Mumbai","173027","Mumbai","Andaman and Nicobar Islands"
"PERF62644726","2016-09-25","Dayaananda","Rana","Johar","F","1961-01-10","Visakhapatnam","450516","Visakhapatnam","Bihar"
"PERF78274727","2022-12-29","Anusuya","Acharya","Agarwal","M","2016-03-05","Mumbai","668752","Mumbai","Chhattisgarh"
"PERF90994728","2018-04-08","Javas","Malik","Malik","M","2008-01-18","Mumbai","534719","Mumbai","Arunachal Pradesh"
"PERF77964729","2022-12-01","Gemine","Dutta","Chattopadhyay","M","1939-06-04","Hyderabad","173041","Hyderabad","Haryana"
"PERF82674730","2017-01-23","Sarala","Talwar","Mishra","F","1941-02-02","Visakhapatnam","582171","Visakhapatnam","Haryana"
"PERF94224731","2022-12-24","Anila","Iyer","Sinha","F","1936-02-07","Chennai","544715","Chennai","Manipur"
"PERF42754732","2021-10-12","Chidananda","Pilla","Panicker","M","1931-03-05","Visakhapatnam","436623","Visakhapatnam","Madya Pradesh"
"PERF80864733","2017-02-01","Chaaruchandra","Saini","Adiga","F","2008-04-17","Hyderabad","073123","Hyderabad","Andaman and Nicobar Islands"
"PERF20584734","2017-01-11","Dhanapati","Nair","Guha","F","1999-01-22","Mumbai","276166","Mumbai","Uttaranchal"
"PERF19324735","2017-05-25","Akshaj","Bharadwaj","Nayar","M","1972-05-10","Visakhapatnam","082831","Visakhapatnam","Daman and Diu"
"PERF57314736","2017-07-15","Diksha","Deshpande","Acharya","M","1999-06-11","Kolkata","611159","Kolkata","Tripura"
"PERF56104737","2019-03-10","Sarvin","Devar","Ganaka","F","1971-04-04","Chennai","490442","Chennai","West Bengal"
"PERF21704738","2016-06-19","Madhuri","Patel","Kaniyar","M","1943-09-15","Chennai","582991","Chennai","Maharashtra"
"PERF60364739","2023-09-15","Chidaakaash","Gowda","Kakkar","M","1931-09-13","Hyderabad","172357","Hyderabad","Uttar Pradesh"
"PERF38904740","2022-10-09","Swarnalata","Sethi","Sinha","M","2002-09-26","Bengaluru","560650","Bengaluru","Arunachal Pradesh"
"PERF39544741","2021-07-04","Javas","Rana","Agarwal","F","2012-08-15","Chennai","256398","Chennai","Goa"
"PERF42424742","2021-04-17","Chandra","Embranthiri","Chopra","M","1935-02-07","Kolkata","678188","Kolkata","Pondicherry"
"PERF49764743","2014-10-30","Bankim","Embranthiri","Chaturvedi","M","1949-06-21","Hyderabad","854800","Hyderabad","Gujarat"
"PERF44864744","2022-11-16","Baijayanti","Chaturvedi","Ahluwalia","M","2010-02-13","Hyderabad","996483","Hyderabad","Maharashtra"
"PERF86394745","2015-10-18","Dhanalakshmi","Pillai","Jha","F","2023-09-28","New Delhi","542165","New Delhi","Assam"
"PERF34034746","2024-07-11","Devadatt","Khan","Pilla","F","1966-12-23","New Delhi","698899","New Delhi","Goa"
"PERF81884747","2021-10-06","Achalesvara","Kapoor","Ganaka","F","2016-08-22","Chennai","124048","Chennai","Andaman and Nicobar Islands"
"PERF92594748","2016-07-15","Rudra","Mehrotra","Joshi","F","2006-11-25","Kolkata","906837","Kolkata","Haryana"
"PERF71434749","2021-12-03","Adityanandan","Chattopadhyay","Ganaka","M","1978-04-02","Bengaluru","247285","Bengaluru","Pondicherry"
"PERF4484750","2017-04-15","Aaratrika","Dutta","Mukhopadhyay","F","1944-12-01","Hyderabad","026925","Hyderabad","Nagaland"
"PERF87584751","2021-10-25","Anandamayi","Kaur","Chaturvedi","M","2019-04-02","Chennai","388948","Chennai","Punjab"
"PERF99814752","2018-12-18","Alok","Prajapat","Kapoor","F","1959-12-08","Kolkata","744363","Kolkata","Orissa"
"PERF47994753","2021-04-22","Shresthi","Dutta","Embranthiri","M","1980-01-29","Hyderabad","474252","Hyderabad","West Bengal"
"PERF33114754","2019-08-23","Mani","Johar","Guha","F","1979-01-22","Thiruvananthapuram","382973","Thiruvananthapuram","Tamil Nadu"
"PERF52284755","2019-09-29","Shrishti","Patil","Pothuvaal","M","2005-12-17","Kolkata","056960","Kolkata","Meghalaya"
"PERF56264756","2017-04-14","Chandraswaroopa","Shukla","Ahluwalia","F","2004-04-10","Visakhapatnam","281222","Visakhapatnam","Punjab"
"PERF40494757","2024-02-20","Shakuntala","Acharya","Bhattathiri","F","1991-06-22","Mumbai","497429","Mumbai","Nagaland"
"PERF72064758","2016-02-29","Triloki","Trivedi","Mahajan","M","1947-10-16","New Delhi","689325","New Delhi","Daman and Diu"
"PERF52344759","2018-09-04","Swarnalata","Somayaji","Sethi","F","1966-05-09","Visakhapatnam","224813","Visakhapatnam","Rajasthan"
"PERF54424760","2019-08-22","Akroor","Pillai","Mehrotra","M","1986-10-02","New Delhi","010472","New Delhi","Tamil Nadu"
"PERF13524761","2021-03-21","Sarisha","Mukhopadhyay","Kakkar","F","1994-01-31","Kolkata","072752","Kolkata","Tripura"
"PERF39124762","2017-09-05","Triloki Nath","Acharya","Gupta","M","1993-01-02","Bengaluru","693534","Bengaluru","Uttaranchal"
"PERF69864763","2022-11-19","Yogendra","Chopra","Dubashi","F","1984-02-04","Hyderabad","684544","Hyderabad","Uttar Pradesh"
"PERF25514764","2014-04-12","Achalesvara","Verma","Sharma","F","1963-06-07","New Delhi","872516","New Delhi","Meghalaya"
"PERF97764765","2019-09-24","Chakrika","Marar","Devar","M","1944-05-28","Kolkata","552505","Kolkata","Maharashtra"
"PERF39754766","2016-04-24","Bhudev","Mahajan","Dubashi","F","1941-05-25","Visakhapatnam","156728","Visakhapatnam","Arunachal Pradesh"
"PERF23314767","2023-05-30","Gandharv","Gowda","Desai","M","1991-12-01","Bengaluru","842505","Bengaluru","Karnataka"
"PERF60944768","2022-10-24","Gautam","Devar","Pilla","F","1935-09-27","Thiruvananthapuram","912752","Thiruvananthapuram","Jharkhand"
"PERF4884769","2020-08-27","Aadidev","Khatri","Pothuvaal","M","2022-11-06","Thiruvananthapuram","243937","Thiruvananthapuram","Tripura"
"PERF88084770","2024-03-18","Bhishma","Asan","Varman","F","1978-08-11","Chennai","539307","Chennai","Uttaranchal"
"PERF11634771","2017-03-10","Atmananda","Pilla","Gill","F","2017-12-10","Visakhapatnam","373038","Visakhapatnam","Meghalaya"
"PERF79964772","2023-10-23","Agasti","Mehra","Mehra","F","2013-05-27","Bengaluru","936831","Bengaluru","Chandigarh"
"PERF82084773","2019-02-18","Adwitiya","Dwivedi","Dutta","M","1938-09-03","Kolkata","300383","Kolkata","Chhattisgarh"
"PERF8024774","2020-06-26","Chandi","Mahajan","Khatri","F","1998-02-24","New Delhi","513226","New Delhi","Andhra Pradesh"
"PERF16374775","2016-11-12","Amish","Kapoor","Bandopadhyay","F","1954-12-30","Thiruvananthapuram","757769","Thiruvananthapuram","Rajasthan"
"PERF29224776","2016-08-24","Triloki","Panicker","Chopra","M","1939-08-31","Chennai","605962","Chennai","Meghalaya"
"PERF26364777","2021-05-19","Atreyi","Devar","Arora","M","1969-01-02","Visakhapatnam","757920","Visakhapatnam","Bihar"
"PERF804778","2020-10-02","Baijayanti","Tandon","Asan","M","2010-12-22","Bengaluru","096598","Bengaluru","Arunachal Pradesh"
"PERF89164779","2021-06-19","Heema","Khatri","Dutta","F","1938-02-13","Thiruvananthapuram","296194","Thiruvananthapuram","Chhattisgarh"
"PERF42424780","2018-09-01","Bandhu","Achari","Mukhopadhyay","M","1952-12-16","Kolkata","474376","Kolkata","West Bengal"
"PERF6874781","2015-01-29","Sushil","Rana","Kakkar","M","1984-02-12","Chennai","053080","Chennai","Karnataka"
"PERF95474782","2024-07-15","Deeptimay","Reddy","Malik","F","1955-06-16","Mumbai","777531","Mumbai","Manipur"
"PERF75104783","2018-09-13","Sushil","Gandhi","Banerjee","F","1952-11-03","Visakhapatnam","760265","Visakhapatnam","Uttaranchal"
"PERF36334784","2016-01-28","Devani","Khanna","Tandon","M","1984-06-09","Mumbai","863117","Mumbai","Assam"
"PERF77774785","2016-05-31","Chitraksh","Mukhopadhyay","Asan","M","2000-03-14","New Delhi","741123","New Delhi","Madya Pradesh"
"PERF58574786","2014-06-27","Gati","Shah","Mukhopadhyay","F","1965-12-05","Bengaluru","474180","Bengaluru","Arunachal Pradesh"
"PERF29234787","2024-07-11","Yogendra","Kaniyar","Ganaka","F","1968-01-28","Hyderabad","331844","Hyderabad","Chhattisgarh"
"PERF83724788","2015-12-12","Heema","Ahuja","Jain","F","1960-06-01","Visakhapatnam","276694","Visakhapatnam","Lakshadweep"
"PERF15794789","2018-03-13","Dayaanidhi","Nambeesan","Saini","M","2008-03-20","Mumbai","657838","Mumbai","Punjab"
"PERF4174790","2023-05-11","Ganak","Pilla","Ahuja","M","1940-06-11","Bengaluru","257521","Bengaluru","Gujarat"
"PERF55734791","2022-01-28","Pranay","Singh","Dubashi","F","2019-03-18","New Delhi","509363","New Delhi","West Bengal"
"PERF91154792","2020-08-06","Abhisyanta","Sharma","Acharya","F","1947-06-15","Visakhapatnam","985594","Visakhapatnam","Madya Pradesh"
"PERF29824793","2023-02-28","Devadatt","Bhat","Varrier","F","2018-12-22","Chennai","480101","Chennai","West Bengal"
"PERF18854794","2023-06-19","Agasti","Dutta","Adiga","M","1969-01-20","Visakhapatnam","497944","Visakhapatnam","Dadar and Nagar Haveli"
"PERF66464795","2018-12-09","Vaishvi","Pothuvaal","Adiga","F","2007-02-21","Mumbai","498730","Mumbai","Assam"
"PERF35934796","2019-11-22","Rudra","Marar","Pothuvaal","M","1951-08-20","Kolkata","104711","Kolkata","Meghalaya"
"PERF34724797","2015-09-05","Chapala","Agarwal","Bhat","F","1983-08-30","Thiruvananthapuram","749300","Thiruvananthapuram","Rajasthan"
"PERF27604798","2024-02-22","Kumar","Jha","Varrier","M","1999-12-06","Visakhapatnam","925191","Visakhapatnam","Lakshadweep"
"PERF84214799","2017-12-04","Kailash","Jha","Pandey","F","1979-09-04","Mumbai","407005","Mumbai","Mizoram"
"PERF70264800","2016-12-24","Lavanya","Chopra","Chattopadhyay","M","1997-05-04","Mumbai","435743","Mumbai","Pondicherry"
"PERF90794801","2015-02-03","Lavanya","Marar","Dubashi","M","1932-12-06","Mumbai","673455","Mumbai","Madya Pradesh"
"PERF72544802","2023-11-27","Mangala","Sinha","Iyengar","M","2008-06-16","Mumbai","144699","Mumbai","Bihar"
"PERF54974803","2020-07-25","Suresh","Iyer","Naik","F","1967-11-06","Mumbai","061213","Mumbai","Chandigarh"
"PERF23174804","2020-12-18","Abhaya","Chattopadhyay","Dhawan","M","1992-08-01","Visakhapatnam","706375","Visakhapatnam","Madya Pradesh"
"PERF96924805","2018-12-24","Aasa","Gupta","Chopra","M","2010-07-14","Mumbai","854097","Mumbai","Karnataka"
"PERF314806","2024-01-07","Gajadhar","Nehru","Kocchar","M","1942-09-04","Bengaluru","400356","Bengaluru","Delhi"
"PERF72934807","2016-11-08","Leela","Chopra","Mishra","F","2015-12-07","Visakhapatnam","256895","Visakhapatnam","Goa"
"PERF61444808","2015-07-18","Kumuda","Abbott","Talwar","M","1967-05-23","Visakhapatnam","750083","Visakhapatnam","Uttar Pradesh"
"PERF29944809","2019-04-09","Deeptiman","Marar","Tagore","F","2012-06-10","Visakhapatnam","535611","Visakhapatnam","Manipur"
"PERF56614810","2022-05-20","Advaya","Chopra","Kaniyar","F","2009-12-12","Mumbai","165241","Mumbai","Punjab"
"PERF39794811","2019-05-09","Achintya","Arora","Khan","F","2000-07-24","Mumbai","735854","Mumbai","Nagaland"
"PERF51754812","2014-05-28","Jagadish","Mehrotra","Kocchar","M","1936-06-20","Chennai","946769","Chennai","Rajasthan"
"PERF12614813","2016-09-20","Adripathi","Mahajan","Somayaji","M","1976-09-09","Bengaluru","737248","Bengaluru","West Bengal"
"PERF7784814","2023-10-22","Kannen","Kakkar","Gowda","M","1936-04-08","Chennai","349053","Chennai","Arunachal Pradesh"
"PERF4024815","2014-09-28","Agastya","Khanna","Patil","M","1966-11-13","New Delhi","384321","New Delhi","Daman and Diu"
"PERF3344816","2014-09-18","Giriraaj","Mahajan","Jha","F","1949-08-29","Mumbai","160944","Mumbai","Karnataka"
"PERF3574817","2015-12-13","Geetanjali","Varma","Guha","M","1972-04-25","New Delhi","736583","New Delhi","Karnataka"
"PERF98594818","2024-03-01","Jai","Singh","Guneta","F","1992-07-16","New Delhi","079631","New Delhi","Jammu and Kashmir"
"PERF41454819","2014-12-06","Abhaya","Menon","Ahluwalia","F","2011-05-05","Visakhapatnam","044592","Visakhapatnam","Lakshadweep"
"PERF8674820","2015-03-07","Jyoti","Bhattathiri","Bandopadhyay","M","1985-07-27","Hyderabad","220012","Hyderabad","Mizoram"
"PERF13294821","2019-02-02","Sachin","Tandon","Bhat","M","1956-04-12","Chennai","857453","Chennai","Tamil Nadu"
"PERF26654822","2022-07-25","Baala","Dhawan","Shukla","M","1990-11-01","Thiruvananthapuram","412151","Thiruvananthapuram","Kerala"
"PERF20264823","2019-10-17","Tanushree","Prajapat","Prajapat","M","2008-03-08","Visakhapatnam","185933","Visakhapatnam","Nagaland"
"PERF32704824","2017-07-27","Soma","Naik","Dutta","M","1953-09-09","Mumbai","347688","Mumbai","Dadar and Nagar Haveli"
"PERF76764825","2014-12-10","Susheel","Gandhi","Pilla","M","1978-08-22","Chennai","526577","Chennai","Andhra Pradesh"
"PERF33074826","2017-05-25","Aditeya","Ahluwalia","Sethi","M","2019-12-02","Hyderabad","245589","Hyderabad","Tamil Nadu"
"PERF30414827","2019-10-28","Ananda","Marar","Talwar","F","2008-10-23","New Delhi","025647","New Delhi","Tripura"
"PERF81214828","2022-01-15","Kannan","Iyengar","Chaturvedi","F","1977-12-03","Visakhapatnam","363171","Visakhapatnam","Punjab"
"PERF99404829","2018-11-01","Ajit","Bharadwaj","Shah","M","1976-07-29","Thiruvananthapuram","133996","Thiruvananthapuram","Rajasthan"
"PERF14374830","2022-09-12","Indra","Ahuja","Bhattacharya","F","1931-07-18","Visakhapatnam","562045","Visakhapatnam","Madya Pradesh"
"PERF75944831","2016-05-22","Ashlesh","Kaniyar","Gandhi","F","1948-05-26","Kolkata","521582","Kolkata","Jammu and Kashmir"
"PERF24334832","2015-07-19","Ekaling","Kaul","Chattopadhyay","M","2023-12-15","Thiruvananthapuram","211971","Thiruvananthapuram","Goa"
"PERF42954833","2017-06-18","Gautam","Pandey","Mehra","M","2017-11-19","New Delhi","975316","New Delhi","Lakshadweep"
"PERF83574834","2016-03-03","Bhaaswar","Chopra","Bandopadhyay","M","1960-12-24","Mumbai","436108","Mumbai","Delhi"
"PERF53594835","2023-09-01","Kailash","Varrier","Embranthiri","F","1980-03-03","Bengaluru","764336","Bengaluru","Arunachal Pradesh"
"PERF9474836","2018-01-25","Aatmaj","Abbott","Guneta","M","2006-02-22","Thiruvananthapuram","176126","Thiruvananthapuram","Pondicherry"
"PERF46774837","2024-03-14","Aanand","Somayaji","Trivedi","M","2013-06-17","Mumbai","451854","Mumbai","Chhattisgarh"
"PERF27454838","2023-09-08","Vedanshi","Chattopadhyay","Abbott","M","1938-09-10","Kolkata","734069","Kolkata","Maharashtra"
"PERF44564839","2014-06-01","Nalini","Deshpande","Talwar","M","1961-04-16","Visakhapatnam","844992","Visakhapatnam","West Bengal"
"PERF46644840","2023-03-18","Kashyapi","Asan","Prajapat","F","1962-07-25","Mumbai","186837","Mumbai","Mizoram"
"PERF40334841","2019-02-08","Radha","Gill","Bhattacharya","F","1953-01-02","Mumbai","660087","Mumbai","Mizoram"
"PERF88504842","2022-09-28","Krishna","Sharma","Sharma","M","1986-10-14","Bengaluru","881642","Bengaluru","Sikkim"
"PERF80824843","2021-07-27","Gauranga","Panicker","Kaniyar","M","1969-12-26","Mumbai","845149","Mumbai","Kerala"
"PERF77224844","2016-06-22","Bhamini","Menon","Khatri","F","1997-10-21","Kolkata","200363","Kolkata","Bihar"
"PERF37444845","2014-11-28","Sudeva","Marar","Arora","M","2005-03-01","Hyderabad","768246","Hyderabad","Uttaranchal"
"PERF51174846","2021-11-03","Gotum","Singh","Nayar","M","1946-10-13","Hyderabad","898505","Hyderabad","Goa"
"PERF79774847","2015-11-13","Rohit","Verma","Naik","F","1998-11-03","Visakhapatnam","015108","Visakhapatnam","Goa"
"PERF90304848","2020-02-03","Gautam","Abbott","Sharma","F","1964-10-12","New Delhi","730287","New Delhi","Assam"
"PERF42334849","2023-07-02","Brahma","Abbott","Khanna","F","1969-06-25","New Delhi","591602","New Delhi","Punjab"
"PERF8544850","2018-11-11","Brahmaanand","Nambeesan","Desai","M","1944-07-03","Mumbai","700617","Mumbai","Tamil Nadu"
"PERF34064851","2023-06-21","Aruna","Shah","Bharadwaj","F","1936-05-29","Hyderabad","842458","Hyderabad","Tripura"
"PERF34494852","2023-04-27","Girja","Banerjee","Kaniyar","F","2014-04-07","Hyderabad","160670","Hyderabad","Nagaland"
"PERF42764853","2020-04-07","Enakshi","Talwar","Malik","F","2006-11-15","Mumbai","216271","Mumbai","Nagaland"
"PERF2044854","2022-06-16","Anunay","Varrier","Prajapat","M","1956-11-27","Visakhapatnam","561077","Visakhapatnam","Lakshadweep"
"PERF71714855","2024-06-15","Kalinda","Bhattathiri","Trivedi","F","1937-09-30","Mumbai","527209","Mumbai","Kerala"
"PERF1474856","2019-05-14","Leela","Gowda","Bhattacharya","M","1973-08-16","Bengaluru","619584","Bengaluru","Assam"
"PERF66364857","2021-01-12","Menaka","Acharya","Gill","M","2003-06-18","New Delhi","677324","New Delhi","Daman and Diu"
"PERF94564858","2022-07-11","Dhanu","Chattopadhyay","Banerjee","F","1963-12-13","Kolkata","616839","Kolkata","Daman and Diu"
"PERF30194859","2014-03-23","Chiranjeev","Menon","Patil","M","1993-04-18","Visakhapatnam","804485","Visakhapatnam","Arunachal Pradesh"
"PERF91914860","2014-04-08","Krishnadas","Singh","Mehra","M","1991-01-12","Bengaluru","278982","Bengaluru","Himachal Pradesh"
"PERF24944861","2018-02-27","Lakshmidhar","Johar","Deshpande","F","1972-10-26","Kolkata","394902","Kolkata","Uttar Pradesh"
"PERF93184862","2017-01-05","Upendra","Mehrotra","Somayaji","M","1961-03-01","Hyderabad","340247","Hyderabad","Punjab"
"PERF41714863","2019-05-13","Vidur","Desai","Mehrotra","F","1949-04-22","Chennai","808304","Chennai","Mizoram"
"PERF32104864","2018-01-04","Shantanu","Agarwal","Naik","M","1934-02-14","Hyderabad","869230","Hyderabad","Jharkhand"
"PERF4394865","2020-09-21","Puneet","Ahluwalia","Kapoor","M","1975-12-26","Thiruvananthapuram","712602","Thiruvananthapuram","Kerala"
"PERF99074866","2019-03-04","Vidya","Asan","Saini","F","2010-12-03","Kolkata","810826","Kolkata","Dadar and Nagar Haveli"
"PERF26524867","2014-11-27","Anand Swarup","Achari","Embranthiri","F","2023-02-03","Thiruvananthapuram","472525","Thiruvananthapuram","Madya Pradesh"
"PERF45764868","2019-04-19","Anand","Mahajan","Butt","F","2023-05-08","Thiruvananthapuram","636796","Thiruvananthapuram","Himachal Pradesh"
"PERF66664869","2017-12-04","Suryakantam","Ahuja","Bhat","M","1991-08-03","Hyderabad","488763","Hyderabad","Gujarat"
"PERF27184870","2020-10-11","Ojaswini","Guha","Deshpande","M","1939-11-18","Hyderabad","737267","Hyderabad","Goa"
"PERF18154871","2022-03-20","Chanda","Bandopadhyay","Dhawan","F","1933-07-02","New Delhi","149251","New Delhi","Chandigarh"
"PERF74434872","2022-05-18","Shreyashi","Marar","Patil","F","2011-05-23","Visakhapatnam","119389","Visakhapatnam","Jammu and Kashmir"
"PERF20414873","2016-10-30","Gopaal","Arora","Varrier","F","2015-04-10","Hyderabad","306801","Hyderabad","Chandigarh"
"PERF55364874","2024-02-27","Ajeet","Acharya","Mehra","M","1980-12-21","Thiruvananthapuram","799307","Thiruvananthapuram","Bihar"
"PERF74794875","2020-08-31","Manikya","Bharadwaj","Nehru","M","1999-05-29","Chennai","341669","Chennai","Karnataka"
"PERF82364876","2023-09-23","Deeptimoyee","Chopra","Bandopadhyay","M","1974-09-03","Thiruvananthapuram","247379","Thiruvananthapuram","Madya Pradesh"
"PERF21524877","2014-05-20","Dhanadeepa","Asan","Sethi","F","2018-10-28","Kolkata","349352","Kolkata","Andaman and Nicobar Islands"
"PERF12844878","2016-04-18","Anaadi","Chopra","Kakkar","F","1963-08-04","New Delhi","453684","New Delhi","West Bengal"
"PERF6194879","2021-08-14","Balagovind","Joshi","Adiga","F","1952-11-02","New Delhi","218626","New Delhi","Haryana"
"PERF19924880","2022-08-20","Suryakant","Guneta","Mahajan","F","2021-10-16","Visakhapatnam","703472","Visakhapatnam","Arunachal Pradesh"
"PERF44464881","2014-07-18","Kirti","Nayar","Chopra","F","1931-07-07","Hyderabad","705068","Hyderabad","Manipur"
"PERF34964882","2018-07-02","Deeptanshu","Devar","Saini","M","2016-10-24","Hyderabad","770419","Hyderabad","Pondicherry"
"PERF62754883","2015-06-06","Anuja","Sinha","Dutta","F","2008-05-09","Visakhapatnam","398170","Visakhapatnam","Manipur"
"PERF20204884","2015-06-08","Paramartha","Banerjee","Guha","M","1972-04-20","New Delhi","823899","New Delhi","Rajasthan"
"PERF68204885","2014-12-07","Naval","Desai","Nambeesan","M","2020-07-18","Bengaluru","543324","Bengaluru","Mizoram"
"PERF98034886","2015-04-11","Adheesh","Talwar","Shukla","F","2008-07-04","Chennai","643435","Chennai","Andhra Pradesh"
"PERF60954887","2014-05-21","Chandrabhaga","Iyengar","Arora","M","2013-06-17","Bengaluru","674519","Bengaluru","Tamil Nadu"
"PERF56344888","2019-05-25","Chandi","Guha","Khatri","F","1964-03-12","Kolkata","592294","Kolkata","Jammu and Kashmir"
"PERF83414889","2015-12-07","Ambar","Chattopadhyay","Varma","M","2002-07-30","Mumbai","406814","Mumbai","Lakshadweep"
"PERF62544890","2023-03-13","Balgopal","Patel","Devar","F","1959-10-28","Bengaluru","695003","Bengaluru","Jammu and Kashmir"
"PERF2284891","2020-01-19","Niro","Bhattathiri","Mehra","M","1999-01-12","Kolkata","923732","Kolkata","Mizoram"
"PERF29804892","2024-06-26","Opaline","Gupta","Sinha","M","1959-02-16","Visakhapatnam","263734","Visakhapatnam","Goa"
"PERF97244893","2021-10-31","Krishna","Asan","Verma","M","2008-04-07","Mumbai","307316","Mumbai","Andhra Pradesh"
"PERF44044894","2018-10-06","Gajbaahu","Kaniyar","Bhat","F","2000-01-21","New Delhi","562217","New Delhi","Chandigarh"
"PERF84234895","2017-04-24","Rageswari","Dutta","Kocchar","M","1985-02-15","Chennai","070705","Chennai","Karnataka"
"PERF95324896","2016-03-26","Bhuvaneshwar","Varman","Menon","F","1982-11-20","New Delhi","628234","New Delhi","Tripura"
"PERF57224897","2014-06-25","Dayaanidhi","Singh","Chaturvedi","F","1936-05-25","Hyderabad","890633","Hyderabad","Jammu and Kashmir"
"PERF96664898","2024-01-13","Indra","Malik","Chattopadhyay","F","1987-03-19","New Delhi","052739","New Delhi","Nagaland"
"PERF26564899","2015-11-13","Bhadraksh","Shah","Gowda","F","1981-12-10","Hyderabad","911730","Hyderabad","Tripura"
"PERF7554900","2018-05-08","Mohinder","Khatri","Sinha","M","1950-07-02","Bengaluru","172992","Bengaluru","Jammu and Kashmir"
"PERF23334901","2021-05-22","Karthik","Varma","Khatri","M","1957-03-26","Bengaluru","719816","Bengaluru","Sikkim"
"PERF68154902","2023-07-20","Balachandra","Gandhi","Pandey","M","1958-08-20","Hyderabad","514928","Hyderabad","Sikkim"
"PERF36244903","2024-07-17","Akshayakeerti","Sethi","Jha","F","1982-08-19","Bengaluru","219181","Bengaluru","Karnataka"
"PERF46074904","2022-04-26","Shashi","Panicker","Bharadwaj","F","1964-10-29","Hyderabad","898645","Hyderabad","Pondicherry"
"PERF90994905","2023-09-15","Siddarth","Kapoor","Arora","F","1964-12-24","Visakhapatnam","281070","Visakhapatnam","Chhattisgarh"
"PERF4864906","2019-08-24","Dhana","Pilla","Kapoor","M","1966-07-28","Kolkata","776742","Kolkata","Haryana"
"PERF46204907","2017-01-20","Abhaidev","Kapoor","Bhattacharya","F","1941-05-20","Chennai","448902","Chennai","Assam"
"PERF44594908","2017-03-21","Chapala","Nambeesan","Shah","M","2004-11-03","New Delhi","186336","New Delhi","Jammu and Kashmir"
"PERF41814909","2019-08-17","Dhanu","Namboothiri","Chaturvedi","F","1930-04-10","Bengaluru","442022","Bengaluru","Dadar and Nagar Haveli"
"PERF53604910","2014-07-22","Ambar","Tagore","Bhat","M","1931-09-23","New Delhi","421128","New Delhi","Jammu and Kashmir"
"PERF74974911","2014-09-22","Kirti","Sethi","Namboothiri","F","1938-11-30","Kolkata","409288","Kolkata","Meghalaya"
"PERF53964912","2021-09-17","Atmanand","Adiga","Arora","M","1963-07-30","Mumbai","432469","Mumbai","Himachal Pradesh"
"PERF54614913","2017-12-31","Ganak","Agarwal","Saini","F","2023-10-11","Visakhapatnam","470574","Visakhapatnam","Andhra Pradesh"
"PERF28754914","2014-12-16","Aatmaja","Nehru","Mishra","M","1998-02-14","Bengaluru","262479","Bengaluru","Rajasthan"
"PERF99184915","2015-12-23","Garuda","Marar","Abbott","M","1992-10-29","Hyderabad","640996","Hyderabad","Uttaranchal"
"PERF1344916","2019-07-04","Chaturbhuj","Devar","Varma","M","1958-05-28","Visakhapatnam","791223","Visakhapatnam","Goa"
"PERF39384917","2020-07-27","Anandamayi","Patil","Arora","M","1953-07-08","Mumbai","689927","Mumbai","Pondicherry"
"PERF98634918","2018-10-03","Vyas","Adiga","Dubashi","F","1930-07-08","Bengaluru","506992","Bengaluru","Rajasthan"
"PERF3024919","2020-07-20","Bhaumik","Panicker","Ganaka","F","2007-11-18","Chennai","676200","Chennai","Daman and Diu"
"PERF29804920","2023-08-01","Bhramar","Mishra","Acharya","M","1944-08-29","Thiruvananthapuram","179665","Thiruvananthapuram","Sikkim"
"PERF51274921","2021-05-04","Bela","Bhat","Nair","F","1959-09-12","Thiruvananthapuram","893084","Thiruvananthapuram","Pondicherry"
"PERF14124922","2019-05-25","Sarisha","Kaniyar","Patil","M","1985-03-03","New Delhi","134349","New Delhi","Tamil Nadu"
"PERF25084923","2021-04-27","Atreyee","Pothuvaal","Mehrotra","F","2002-11-16","Thiruvananthapuram","865942","Thiruvananthapuram","Jammu and Kashmir"
"PERF67024924","2017-11-03","Aatreya","Iyer","Acharya","F","1985-09-02","Mumbai","739729","Mumbai","Assam"
"PERF36164925","2017-03-20","Chidaakaash","Guha","Menon","M","1980-08-20","Bengaluru","717334","Bengaluru","Jammu and Kashmir"
"PERF12854926","2017-12-04","Bankimchandra","Nambeesan","Abbott","F","1944-02-27","Chennai","902001","Chennai","Rajasthan"
"PERF54374927","2018-07-22","Smita","Pilla","Shah","F","1958-09-17","Hyderabad","751946","Hyderabad","West Bengal"
"PERF22974928","2015-05-19","Dipesh","Gowda","Varrier","M","1941-05-11","Mumbai","774591","Mumbai","Andhra Pradesh"
"PERF28454929","2018-12-24","Arya","Chattopadhyay","Gandhi","M","1939-08-29","Thiruvananthapuram","527351","Thiruvananthapuram","Lakshadweep"
"PERF3684930","2021-10-30","Chandramani","Nambeesan","Somayaji","M","1994-01-06","Visakhapatnam","713459","Visakhapatnam","Tripura"
"PERF27314931","2023-10-28","Ghanashyam","Shah","Kaniyar","F","1935-05-24","Mumbai","649131","Mumbai","Andaman and Nicobar Islands"
"PERF4924932","2014-10-17","Divya","Arora","Gill","M","1974-11-03","Bengaluru","154456","Bengaluru","Andaman and Nicobar Islands"
"PERF28304933","2016-04-01","Gorakhanatha","Varrier","Nambeesan","F","2016-02-22","Bengaluru","357759","Bengaluru","Bihar"
"PERF79174934","2014-03-21","Acharyasuta","Bhattathiri","Shah","F","2003-06-15","Chennai","656909","Chennai","Kerala"
"PERF82534935","2018-08-14","Geeta","Sharma","Trivedi","F","1989-03-07","Thiruvananthapuram","072164","Thiruvananthapuram","Delhi"
"PERF56774936","2017-01-31","Atmananda","Chaturvedi","Varman","M","2021-08-27","Mumbai","083448","Mumbai","Jammu and Kashmir"
"PERF24054937","2015-12-21","Avantika","Iyer","Iyer","F","1980-10-15","Visakhapatnam","809848","Visakhapatnam","Goa"
"PERF27874938","2023-01-05","Guru","Johar","Ahuja","F","1964-02-22","Thiruvananthapuram","586590","Thiruvananthapuram","Pondicherry"
"PERF64004939","2014-12-26","Nanda","Kakkar","Khan","M","1938-03-18","Chennai","377687","Chennai","Gujarat"
"PERF71454940","2016-05-24","Datta","Iyengar","Bhattacharya","M","1973-03-25","Thiruvananthapuram","173885","Thiruvananthapuram","Manipur"
"PERF74804941","2021-06-09","Akroor","Mehrotra","Pillai","M","1966-10-03","New Delhi","980300","New Delhi","Andaman and Nicobar Islands"
"PERF87354942","2017-02-07","Jitendra","Sinha","Nambeesan","M","2012-05-02","Mumbai","608613","Mumbai","Jharkhand"
"PERF37134943","2024-01-18","Gopi","Prajapat","Nair","M","1992-12-22","Mumbai","344982","Mumbai","Jammu and Kashmir"
"PERF33864944","2016-07-07","Devak","Banerjee","Trivedi","M","1955-03-11","Visakhapatnam","320779","Visakhapatnam","Gujarat"
"PERF63974945","2016-01-25","Pranay","Patel","Saini","M","1984-02-03","Bengaluru","932860","Bengaluru","Goa"
"PERF21424946","2023-07-15","Gajabahu","Rana","Johar","M","1936-09-29","Kolkata","877387","Kolkata","Chandigarh"
"PERF45614947","2015-07-22","Aryan","Saini","Guha","F","1993-08-06","New Delhi","599097","New Delhi","Jharkhand"
"PERF56304948","2015-09-02","Rahul","Mehra","Acharya","M","1940-11-13","Kolkata","757872","Kolkata","Goa"
"PERF51324949","2015-04-15","Menaka","Patel","Butt","F","1943-08-06","New Delhi","357623","New Delhi","Punjab"
"PERF50224950","2018-07-19","Dinakar","Joshi","Sharma","M","2005-06-19","Kolkata","549674","Kolkata","Andhra Pradesh"
"PERF44164951","2014-06-02","Kumuda","Pilla","Butt","F","2015-10-25","Chennai","088394","Chennai","Gujarat"
"PERF82314952","2016-12-10","Veda","Butt","Bandopadhyay","M","1965-07-22","Hyderabad","631693","Hyderabad","Himachal Pradesh"
"PERF6744953","2022-03-11","Balagopal","Trivedi","Banerjee","M","1967-03-27","Kolkata","941276","Kolkata","Goa"
"PERF53294954","2016-01-11","Dulari","Tagore","Khatri","F","1941-05-21","Bengaluru","954074","Bengaluru","Assam"
"PERF56034955","2020-06-20","Suryakantam","Bharadwaj","Dwivedi","M","1945-06-07","Thiruvananthapuram","230520","Thiruvananthapuram","Jharkhand"
"PERF39274956","2020-01-04","Chandraprabha","Bandopadhyay","Bhattathiri","M","2012-07-15","Thiruvananthapuram","623706","Thiruvananthapuram","Tripura"
"PERF41054957","2018-10-03","Karunanidhi","Pillai","Bhattacharya","F","2015-11-20","New Delhi","073012","New Delhi","Chandigarh"
"PERF80754958","2021-08-12","Amrit","Dwivedi","Reddy","M","1996-11-17","Chennai","446363","Chennai","Jammu and Kashmir"
"PERF96154959","2017-08-06","Suma","Tandon","Varman","F","1952-11-26","Mumbai","226503","Mumbai","Tamil Nadu"
"PERF99364960","2018-12-31","Satyen","Ahluwalia","Bandopadhyay","M","1962-01-03","Thiruvananthapuram","810321","Thiruvananthapuram","Chandigarh"
"PERF15854961","2019-11-06","Chandan","Sethi","Deshpande","F","1939-08-17","Visakhapatnam","136145","Visakhapatnam","Gujarat"
"PERF36314962","2016-01-21","Sucheta","Bhat","Desai","F","1985-06-21","Visakhapatnam","914544","Visakhapatnam","Jharkhand"
"PERF11174963","2022-03-11","Anuraag","Pothuvaal","Mehra","F","2020-05-21","Chennai","217165","Chennai","Himachal Pradesh"
"PERF66994964","2021-07-20","Rajinder","Gandhi","Mehra","F","1946-06-13","New Delhi","902650","New Delhi","Kerala"
"PERF42514965","2021-12-06","Rohana","Deshpande","Dutta","F","1960-12-04","Thiruvananthapuram","737800","Thiruvananthapuram","Andhra Pradesh"
"PERF22794966","2015-03-18","Bhudeva","Chattopadhyay","Kaul","F","1997-12-30","Mumbai","948314","Mumbai","Sikkim"
"PERF93964967","2024-03-04","Rohana","Embranthiri","Namboothiri","M","1972-07-12","Chennai","806889","Chennai","Madya Pradesh"
"PERF96464968","2024-02-08","Krishnadas","Patel","Varma","F","2004-10-26","Thiruvananthapuram","464783","Thiruvananthapuram","Meghalaya"
"PERF62814969","2016-05-03","Shivakari","Mukhopadhyay","Pandey","F","1958-03-16","Visakhapatnam","621584","Visakhapatnam","Uttaranchal"
"PERF20734970","2023-12-14","Sarada","Joshi","Abbott","F","2000-12-30","Mumbai","654465","Mumbai","Assam"
"PERF6264971","2021-05-19","Aalok","Bhattacharya","Mehra","M","1932-07-22","Chennai","009442","Chennai","Andaman and Nicobar Islands"
"PERF71724972","2020-03-26","Dev","Banerjee","Arora","M","2014-09-21","Chennai","629070","Chennai","Andaman and Nicobar Islands"
"PERF79034973","2016-02-29","Shiv","Kaniyar","Tandon","F","1976-07-15","Visakhapatnam","742738","Visakhapatnam","Chandigarh"
"PERF41474974","2014-08-05","Aarya","Gandhi","Nayar","M","1962-03-09","Chennai","265235","Chennai","Goa"
"PERF10774975","2022-11-04","Gitanjali","Bhattacharya","Banerjee","M","2024-05-05","Mumbai","790506","Mumbai","Lakshadweep"
"PERF49384976","2017-08-16","Govinda","Shah","Mishra","M","1936-04-28","Kolkata","821293","Kolkata","Pondicherry"
"PERF25824977","2018-05-13","Aasa","Gill","Malik","F","1998-10-13","Mumbai","259558","Mumbai","Mizoram"
"PERF47054978","2021-09-25","Harit","Kaur","Kakkar","M","1989-07-06","Kolkata","577376","Kolkata","Arunachal Pradesh"
"PERF58504979","2019-07-24","Mayoor","Gupta","Mahajan","F","2002-06-12","Kolkata","884991","Kolkata","Rajasthan"
"PERF45414980","2023-02-16","Pramila","Mehrotra","Mehrotra","F","1993-01-03","Bengaluru","166922","Bengaluru","Andhra Pradesh"
"PERF38764981","2023-06-14","Jagathi","Chattopadhyay","Ahuja","M","1968-08-06","Kolkata","407036","Kolkata","Haryana"
"PERF91064982","2015-10-07","Vedang","Patel","Menon","M","2023-04-21","Visakhapatnam","549769","Visakhapatnam","Rajasthan"
"PERF28534983","2016-10-05","Gouranga","Trivedi","Gupta","F","1998-08-08","Mumbai","611649","Mumbai","Jharkhand"
"PERF57734984","2021-09-06","Kamala","Arora","Butt","M","1941-07-03","Bengaluru","254946","Bengaluru","Tamil Nadu"
"PERF20544985","2023-04-29","Dayaananda","Asan","Devar","F","2006-03-17","Visakhapatnam","157250","Visakhapatnam","Meghalaya"
"PERF714986","2015-05-23","Aagam","Jha","Panicker","F","1983-02-10","Visakhapatnam","640961","Visakhapatnam","Himachal Pradesh"
"PERF23784987","2019-08-13","Jaya","Reddy","Sharma","F","2022-03-02","Kolkata","660970","Kolkata","Pondicherry"
"PERF62054988","2020-11-07","Prasanna","Khan","Bhattacharya","M","1955-07-22","Hyderabad","959267","Hyderabad","Sikkim"
"PERF72554989","2018-08-23","Aatmaj","Iyengar","Bharadwaj","F","1985-07-23","New Delhi","763261","New Delhi","Chhattisgarh"
"PERF88364990","2014-04-06","Deevakar","Embranthiri","Patil","M","1966-09-18","Mumbai","020941","Mumbai","Haryana"
"PERF26524991","2020-12-06","Bhanumati","Varma","Banerjee","F","2010-12-04","Visakhapatnam","453222","Visakhapatnam","Dadar and Nagar Haveli"
"PERF7384992","2019-06-07","Kanti","Tandon","Nair","M","2010-01-18","Hyderabad","353637","Hyderabad","Maharashtra"
"PERF2634993","2014-07-03","Sharmila","Butt","Dwivedi","M","1996-12-28","Bengaluru","199417","Bengaluru","West Bengal"
"PERF40784994","2020-06-25","Adityanandan","Pandey","Bhattathiri","F","1997-04-20","Bengaluru","991178","Bengaluru","Uttar Pradesh"
"PERF55744995","2021-10-21","Darshwana","Achari","Varman","M","2014-10-23","Kolkata","183618","Kolkata","Maharashtra"
"PERF72004996","2019-07-10","Chanakya","Jain","Ahuja","M","2016-08-11","Visakhapatnam","935393","Visakhapatnam","Gujarat"
"PERF34774997","2019-03-18","Sunita","Sinha","Embranthiri","F","1963-01-20","New Delhi","640856","New Delhi","Bihar"
"PERF6364998","2019-03-16","Swapnil","Talwar","Tandon","F","1979-08-18","Mumbai","033103","Mumbai","Himachal Pradesh"
"PERF45594999","2020-03-24","Yogesh","Embranthiri","Mishra","M","2014-03-17","Visakhapatnam","339491","Visakhapatnam","Delhi"
"PERF21935000","2018-05-10","Anila","Tagore","Marar","F","1933-03-27","Mumbai","115353","Mumbai","Orissa"
"PERF60215001","2018-08-13","Geeta","Pilla","Sinha","M","1964-08-07","Bengaluru","919362","Bengaluru","Goa"
"PERF11915002","2019-10-13","Gautama","Bandopadhyay","Namboothiri","F","1960-04-30","Hyderabad","162272","Hyderabad","Maharashtra"
"PERF97485003","2020-06-13","Yogesh","Iyer","Shah","M","1932-04-10","Mumbai","888903","Mumbai","Tamil Nadu"
"PERF16945004","2021-01-09","Brahmdev","Sharma","Varma","M","2002-01-10","Kolkata","295585","Kolkata","Andaman and Nicobar Islands"
"PERF39645005","2023-01-13","Vidhya","Guneta","Gupta","M","1991-05-16","Visakhapatnam","477903","Visakhapatnam","Orissa"
"PERF53235006","2022-09-09","Shiv","Pothuvaal","Mahajan","F","1980-06-11","Chennai","941171","Chennai","Uttaranchal"
"PERF70755007","2022-07-15","Gudakesa","Pilla","Ganaka","M","1944-08-29","Chennai","501104","Chennai","Arunachal Pradesh"
"PERF16365008","2023-01-05","Tara","Chattopadhyay","Sethi","F","1978-06-22","Visakhapatnam","410061","Visakhapatnam","Gujarat"
"PERF80165009","2020-08-13","Rageshwari","Acharya","Guha","M","1984-07-24","Chennai","852004","Chennai","Manipur"
"PERF82765010","2014-10-17","Sachin","Iyer","Nambeesan","F","1985-09-20","Visakhapatnam","132252","Visakhapatnam","Andhra Pradesh"
"PERF17875011","2021-11-02","Devasree","Trivedi","Pilla","F","2022-05-07","New Delhi","717274","New Delhi","Orissa"
"PERF49615012","2014-06-14","Triloki","Dutta","Kaur","M","1998-04-01","Bengaluru","349388","Bengaluru","Goa"
"PERF80895013","2018-01-21","Ekadant","Verma","Kapoor","F","1932-08-16","Chennai","333263","Chennai","Orissa"
"PERF97945014","2023-12-16","Anjushree","Kaniyar","Bhattathiri","F","1975-08-30","Hyderabad","898883","Hyderabad","Uttaranchal"
"PERF47025015","2019-10-19","Triloki","Talwar","Deshpande","F","1951-08-07","Mumbai","060941","Mumbai","Nagaland"
"PERF28855016","2016-06-21","Chandrabhaga","Nair","Namboothiri","F","1943-04-16","New Delhi","441304","New Delhi","Chandigarh"
"PERF35075017","2023-07-18","Akshita","Khan","Khanna","F","1970-04-22","Mumbai","131560","Mumbai","Uttaranchal"
"PERF92535018","2017-10-17","Aasa","Patil","Panicker","F","1972-07-14","Bengaluru","564449","Bengaluru","Haryana"
"PERF37595019","2022-11-25","Jagathi","Gupta","Deshpande","M","2004-07-17","Mumbai","663322","Mumbai","Lakshadweep"
"PERF73785020","2021-01-01","Lalita","Embranthiri","Jha","F","2006-12-25","Chennai","269266","Chennai","Andhra Pradesh"
"PERF24585021","2018-01-10","Acharyasuta","Nair","Panicker","M","1957-10-16","Bengaluru","976969","Bengaluru","Tripura"
"PERF5785022","2024-06-21","Jagdish","Tagore","Somayaji","F","1959-04-06","Bengaluru","619846","Bengaluru","Uttaranchal"
"PERF16215023","2022-12-11","Chitrangada","Varma","Jain","F","1976-05-21","Kolkata","466479","Kolkata","Dadar and Nagar Haveli"
"PERF24295024","2022-04-09","Girindra","Bhat","Chattopadhyay","M","1931-06-14","Thiruvananthapuram","330553","Thiruvananthapuram","Kerala"
"PERF55495025","2015-03-14","Daevika","Joshi","Kapoor","F","1985-09-14","Thiruvananthapuram","228816","Thiruvananthapuram","Bihar"
"PERF23665026","2022-06-18","Chandak","Prajapat","Khanna","F","1953-05-16","Kolkata","649696","Kolkata","Sikkim"
"PERF3585027","2016-07-14","Laxmi","Nehru","Pillai","M","1937-03-09","Visakhapatnam","042274","Visakhapatnam","Madya Pradesh"
"PERF86515028","2017-06-10","Devangana","Bhattacharya","Mishra","M","1936-04-23","New Delhi","823173","New Delhi","Delhi"
"PERF14045029","2017-08-31","Tanushri","Iyengar","Patil","M","1978-04-30","Mumbai","806957","Mumbai","Jammu and Kashmir"
"PERF83345030","2020-10-27","Tanirika","Kocchar","Patel","F","1934-07-16","Chennai","047906","Chennai","Punjab"
"PERF17415031","2016-02-01","Girish","Pandey","Saini","F","1977-10-14","Chennai","524469","Chennai","Tamil Nadu"
"PERF85345032","2016-01-01","Deven","Reddy","Guha","M","1949-12-24","Kolkata","972787","Kolkata","Karnataka"
"PERF44275033","2017-09-11","Ujjawal","Malik","Banerjee","F","1980-08-02","Hyderabad","978405","Hyderabad","Chandigarh"
"PERF97905034","2015-07-28","Sweta","Bhattacharya","Mishra","M","2004-03-19","Mumbai","416055","Mumbai","Bihar"
"PERF27905035","2022-08-21","Nanda","Namboothiri","Butt","F","1994-06-11","Thiruvananthapuram","829806","Thiruvananthapuram","Uttaranchal"
"PERF84865036","2017-08-08","Bhagwanti","Panicker","Nayar","M","1997-01-06","Bengaluru","552188","Bengaluru","Goa"
"PERF23185037","2023-11-19","Chandra","Varrier","Agarwal","F","1983-09-01","Hyderabad","930007","Hyderabad","Andaman and Nicobar Islands"
"PERF49675038","2022-10-19","Gangesh","Pothuvaal","Khan","F","2024-07-21","Hyderabad","947925","Hyderabad","Chhattisgarh"
"PERF28775039","2014-04-01","Jagmeet","Sharma","Banerjee","F","1972-02-11","Hyderabad","014496","Hyderabad","Sikkim"
"PERF63605040","2020-08-13","Daevi","Varrier","Trivedi","F","2019-05-24","Kolkata","498788","Kolkata","Daman and Diu"
"PERF33395041","2021-10-26","Charvi","Jha","Nehru","F","1950-05-02","New Delhi","458880","New Delhi","Gujarat"
"PERF42955042","2018-03-02","Aadi","Iyengar","Ahuja","M","1959-10-03","Mumbai","119413","Mumbai","Punjab"
"PERF59715043","2016-04-05","Bilva","Bhattathiri","Acharya","M","2017-03-10","Kolkata","329290","Kolkata","Maharashtra"
"PERF37235044","2018-03-30","Gajabahu","Gandhi","Iyengar","M","2023-03-23","Thiruvananthapuram","097866","Thiruvananthapuram","Manipur"
"PERF69395045","2016-09-15","Ritesh","Desai","Shukla","M","1944-07-12","Mumbai","942647","Mumbai","Pondicherry"
"PERF15025046","2017-02-24","Achyut","Khanna","Khan","M","1935-10-17","Bengaluru","969118","Bengaluru","Arunachal Pradesh"
"PERF49215047","2014-11-24","Dipankar","Dwivedi","Iyengar","F","1952-05-08","Visakhapatnam","095570","Visakhapatnam","Assam"
"PERF52155048","2022-07-17","Hamsini","Pandey","Gill","M","1981-10-10","Kolkata","881164","Kolkata","Daman and Diu"
"PERF12575049","2015-09-15","Tanya","Ganaka","Patel","F","1981-07-31","Hyderabad","400638","Hyderabad","Kerala"
"PERF53245050","2021-04-26","Bhramar","Gowda","Tandon","M","2018-08-18","Kolkata","766968","Kolkata","Uttar Pradesh"
"PERF7245051","2019-10-14","Aatmaj","Varman","Dubashi","F","2004-09-12","Chennai","781009","Chennai","Gujarat"
"PERF79735052","2022-05-10","Subhasini","Bharadwaj","Khanna","M","2015-01-15","Kolkata","663718","Kolkata","Jharkhand"
"PERF60825053","2017-07-20","Rajinder","Mishra","Kakkar","F","1987-08-02","Thiruvananthapuram","599148","Thiruvananthapuram","Jharkhand"
"PERF65645054","2021-09-10","Mandaakin","Mehra","Banerjee","F","2022-01-18","Mumbai","469270","Mumbai","Orissa"
"PERF6645055","2015-02-08","Vasanti","Marar","Panicker","F","1933-10-07","Mumbai","436724","Mumbai","Nagaland"
"PERF63225056","2015-05-30","Chakradhar","Gill","Nair","M","1977-01-23","Chennai","754693","Chennai","Dadar and Nagar Haveli"
"PERF49495057","2020-07-28","Jahnu","Dutta","Reddy","M","1945-11-19","Hyderabad","036404","Hyderabad","Uttar Pradesh"
"PERF19495058","2020-07-30","Bhima","Guha","Ganaka","F","2013-01-17","Bengaluru","355273","Bengaluru","Tamil Nadu"
"PERF49265059","2020-03-08","Chandan","Agarwal","Bandopadhyay","F","1976-10-30","Mumbai","019182","Mumbai","Lakshadweep"
"PERF21895060","2022-09-27","Ujjawal","Bandopadhyay","Saini","F","1967-02-10","Kolkata","330220","Kolkata","Arunachal Pradesh"
"PERF33135061","2019-07-03","Dron","Varrier","Bandopadhyay","M","1933-09-06","Chennai","468799","Chennai","Haryana"
"PERF125062","2016-10-20","Ramaa","Deshpande","Pandey","F","1965-10-11","Hyderabad","426337","Hyderabad","Tripura"
"PERF43345063","2017-11-23","Malti","Kocchar","Iyengar","F","1936-04-15","Chennai","710499","Chennai","Uttar Pradesh"
"PERF43495064","2019-02-19","Rukhmani","Talwar","Agarwal","M","1989-08-26","Thiruvananthapuram","559537","Thiruvananthapuram","Andhra Pradesh"
"PERF93705065","2021-11-11","Rohana","Sharma","Acharya","M","1978-01-21","Hyderabad","563219","Hyderabad","Uttar Pradesh"
"PERF69245066","2019-04-24","Bhooshit","Devar","Mehra","M","1981-05-15","Mumbai","838559","Mumbai","Madya Pradesh"
"PERF90145067","2019-12-10","Kanaka","Menon","Asan","F","2017-01-06","New Delhi","669997","New Delhi","Bihar"
"PERF48605068","2020-09-07","Shubhaprada","Bhattacharya","Bhattathiri","F","1958-12-02","New Delhi","318240","New Delhi","Rajasthan"
"PERF76855069","2022-07-02","Jagdeep","Kocchar","Bhattathiri","F","1946-11-22","Visakhapatnam","709494","Visakhapatnam","Sikkim"
"PERF43435070","2017-07-14","Himadri","Pilla","Ahuja","M","1974-01-01","Visakhapatnam","942993","Visakhapatnam","Meghalaya"
"PERF14265071","2019-08-04","Laxman","Khatri","Gupta","M","1994-12-24","Mumbai","169516","Mumbai","Karnataka"
"PERF9995072","2014-05-08","Lai","Panicker","Tandon","F","2022-04-16","Chennai","446031","Chennai","Rajasthan"
"PERF64715073","2017-05-28","Nawal","Somayaji","Desai","M","1962-09-14","Thiruvananthapuram","758955","Thiruvananthapuram","Assam"
"PERF65065074","2020-07-09","Ghanaanand","Reddy","Mahajan","M","1987-02-26","Hyderabad","730593","Hyderabad","Lakshadweep"
"PERF90585075","2023-08-05","Aasa","Menon","Bhattathiri","F","1971-07-28","Visakhapatnam","749823","Visakhapatnam","Tripura"
"PERF11485076","2023-08-05","Aditeya","Mishra","Sinha","F","1980-11-11","Mumbai","918714","Mumbai","West Bengal"
"PERF12585077","2019-09-19","Gemini","Guha","Mahajan","F","1973-12-09","Hyderabad","750231","Hyderabad","Mizoram"
"PERF55265078","2021-06-01","Devi","Panicker","Gupta","M","1976-05-25","Mumbai","038890","Mumbai","Kerala"
"PERF19925079","2019-04-20","Naval","Gupta","Chaturvedi","F","1949-02-01","Thiruvananthapuram","863217","Thiruvananthapuram","Orissa"
"PERF77555080","2024-07-09","Kanishka","Singh","Mehra","M","1982-05-23","Thiruvananthapuram","494530","Thiruvananthapuram","Chandigarh"
"PERF64095081","2023-04-13","Ambar","Achari","Ahluwalia","F","1931-03-11","Chennai","683693","Chennai","Tripura"
"PERF30345082","2022-05-19","Chandrakala","Khatri","Trivedi","M","1951-09-11","Kolkata","604424","Kolkata","Bihar"
"PERF97685083","2016-07-18","Goswamee","Trivedi","Kocchar","F","1974-12-09","Chennai","814567","Chennai","Tamil Nadu"
"PERF86305084","2020-02-09","Agnimitra","Shah","Saini","F","2005-03-13","New Delhi","339685","New Delhi","Punjab"
"PERF87365085","2022-05-07","Devak","Kaul","Khatri","M","1936-12-12","Kolkata","042538","Kolkata","Jharkhand"
"PERF78355086","2015-07-15","Goswami","Kaul","Chaturvedi","F","1973-07-11","Kolkata","971305","Kolkata","Pondicherry"
"PERF80705087","2020-09-04","Sanka","Bharadwaj","Chattopadhyay","F","1933-08-27","Thiruvananthapuram","183870","Thiruvananthapuram","Andhra Pradesh"
"PERF41305088","2017-01-23","Pran","Mahajan","Desai","F","2008-01-03","Mumbai","401176","Mumbai","Meghalaya"
"PERF28945089","2015-04-09","Agneya","Saini","Pilla","M","1979-01-28","Visakhapatnam","834051","Visakhapatnam","Andaman and Nicobar Islands"
"PERF58205090","2014-07-27","Sanka","Chattopadhyay","Singh","M","1935-09-08","Thiruvananthapuram","576827","Thiruvananthapuram","Meghalaya"
"PERF35485091","2014-06-07","Ashok","Pandey","Gandhi","M","1969-01-07","Hyderabad","768374","Hyderabad","Bihar"
"PERF1165092","2022-06-09","Sloka","Talwar","Bhattacharya","M","1989-10-14","Thiruvananthapuram","017382","Thiruvananthapuram","Tamil Nadu"
"PERF93315093","2015-06-07","Aanandaswarup","Butt","Deshpande","M","1962-10-11","Hyderabad","531483","Hyderabad","Arunachal Pradesh"
"PERF97985094","2022-05-21","Ramaa","Varman","Jha","M","1939-01-18","Kolkata","925747","Kolkata","Gujarat"
"PERF13945095","2019-06-16","Sujata","Chattopadhyay","Saini","F","1975-09-29","Visakhapatnam","681871","Visakhapatnam","Lakshadweep"
"PERF66785096","2020-08-15","Bhargava","Kaur","Talwar","M","2001-02-27","Kolkata","234115","Kolkata","Orissa"
"PERF39065097","2014-07-22","Abhaidev","Kocchar","Jain","M","1957-06-30","Hyderabad","680744","Hyderabad","Tamil Nadu"
"PERF28185098","2020-02-04","Avantika","Menon","Sethi","M","1975-02-03","Bengaluru","828767","Bengaluru","Andhra Pradesh"
"PERF99255099","2017-01-24","Surya","Jha","Dhawan","M","1943-09-28","Thiruvananthapuram","558355","Thiruvananthapuram","Uttar Pradesh"
"PERF74885100","2024-05-08","Ganaka","Jain","Chopra","M","1932-12-23","Kolkata","426948","Kolkata","Punjab"
"PERF65135101","2019-10-06","Rohit","Nayar","Ahuja","M","2018-11-24","Chennai","911125","Chennai","Jharkhand"
"PERF84915102","2020-11-25","Chaitan","Nambeesan","Menon","M","1933-11-04","Mumbai","982244","Mumbai","Sikkim"
"PERF45625103","2021-11-02","Chakor","Abbott","Prajapat","F","1947-11-22","Kolkata","738853","Kolkata","Delhi"
"PERF79035104","2022-12-29","Adwitiya","Sharma","Ganaka","M","1971-12-18","Mumbai","585132","Mumbai","Uttar Pradesh"
"PERF87565105","2019-06-09","Goutam","Marar","Agarwal","F","1980-07-08","Thiruvananthapuram","035713","Thiruvananthapuram","Dadar and Nagar Haveli"
"PERF67985106","2024-03-03","Dwaipayana","Butt","Asan","M","1992-05-08","Chennai","034419","Chennai","Kerala"
"PERF20725107","2016-08-03","Ashlesh","Kapoor","Namboothiri","F","1934-03-16","Visakhapatnam","638536","Visakhapatnam","Tripura"
"PERF95385108","2016-05-05","Tejas","Talwar","Pothuvaal","M","1992-09-27","New Delhi","371449","New Delhi","Dadar and Nagar Haveli"
"PERF21675109","2022-01-01","Vasundhara","Gill","Abbott","M","1939-12-28","Visakhapatnam","144561","Visakhapatnam","Tripura"
"PERF10985110","2017-06-03","Dipali","Rana","Singh","M","1955-05-08","Bengaluru","401322","Bengaluru","Chhattisgarh"
"PERF26985111","2022-06-10","Deeptiman","Chattopadhyay","Khanna","F","1978-08-02","Mumbai","479412","Mumbai","Andaman and Nicobar Islands"
"PERF57855112","2021-07-12","Meena","Asan","Adiga","M","2020-12-20","Thiruvananthapuram","391704","Thiruvananthapuram","Punjab"
"PERF69945113","2016-11-25","Lavanya","Arora","Pillai","M","1984-06-13","Visakhapatnam","407761","Visakhapatnam","Tamil Nadu"
"PERF12495114","2019-06-15","Advaya","Nair","Gupta","F","1978-12-26","Chennai","956397","Chennai","Orissa"
"PERF57705115","2017-10-02","Bhoopati","Kaur","Marar","F","1947-12-25","Visakhapatnam","137747","Visakhapatnam","Uttar Pradesh"
"PERF53815116","2020-03-23","Trisha","Tagore","Asan","F","1950-08-09","New Delhi","147985","New Delhi","Arunachal Pradesh"
"PERF52025117","2021-05-21","Esha","Patil","Bhattathiri","F","2001-06-02","Hyderabad","262323","Hyderabad","West Bengal"
"PERF83415118","2018-09-08","Ravi","Embranthiri","Kaur","F","1931-11-19","Chennai","916844","Chennai","Orissa"
"PERF16805119","2022-05-20","Mina","Talwar","Rana","M","2013-10-09","Mumbai","843197","Mumbai","Haryana"
"PERF75805120","2018-01-14","Anjaneya","Namboothiri","Ahluwalia","F","1988-09-25","Hyderabad","908672","Hyderabad","Arunachal Pradesh"
"PERF41045121","2024-05-17","Aanandaswarup","Agarwal","Ahluwalia","F","1959-07-26","Kolkata","761875","Kolkata","Haryana"
"PERF78045122","2023-06-20","Ambar","Prajapat","Gupta","M","1996-02-21","New Delhi","256629","New Delhi","Chhattisgarh"
"PERF13785123","2020-10-03","Gotum","Talwar","Nair","M","1997-07-21","Hyderabad","228236","Hyderabad","Haryana"
"PERF52665124","2017-01-12","Nagabhushanam","Ahuja","Pothuvaal","M","2006-09-19","Chennai","642843","Chennai","Haryana"
"PERF12185125","2021-06-02","Charak","Chaturvedi","Tandon","M","1931-05-13","Hyderabad","893405","Hyderabad","Daman and Diu"
"PERF32295126","2015-05-23","Bhanumati","Bandopadhyay","Marar","F","2017-02-27","New Delhi","954624","New Delhi","Pondicherry"
"PERF16585127","2015-09-03","Prema","Mishra","Acharya","M","1940-11-07","Visakhapatnam","960453","Visakhapatnam","Himachal Pradesh"
"PERF49135128","2021-11-22","Mohana","Dutta","Reddy","M","1931-06-08","Chennai","993947","Chennai","Gujarat"
"PERF74275129","2024-01-19","Kanak","Abbott","Verma","M","1950-01-19","Hyderabad","858492","Hyderabad","Tripura"
"PERF42415130","2014-10-28","Shashi","Shukla","Ganaka","F","1975-06-09","Hyderabad","004336","Hyderabad","Haryana"
"PERF11085131","2018-01-13","Bhoopati","Chopra","Pothuvaal","F","2006-08-09","Kolkata","682103","Kolkata","Meghalaya"
"PERF76025132","2022-08-24","Bhaanumati","Singh","Guha","F","2021-06-06","Thiruvananthapuram","189854","Thiruvananthapuram","Jammu and Kashmir"
"PERF33145133","2022-01-02","Suryakant","Acharya","Pilla","F","2006-06-27","Chennai","279944","Chennai","Uttar Pradesh"
"PERF95235134","2020-09-22","Jagathi","Chopra","Pilla","M","1999-09-28","Mumbai","512803","Mumbai","Mizoram"
"PERF47015135","2017-03-07","Bhooshan","Butt","Somayaji","M","2004-12-31","Mumbai","072063","Mumbai","Punjab"
"PERF57785136","2017-06-16","Upendra","Guneta","Kocchar","M","1960-05-09","Thiruvananthapuram","027557","Thiruvananthapuram","Himachal Pradesh"
"PERF55395137","2018-06-23","Bilwa","Ahluwalia","Banerjee","F","1969-04-09","New Delhi","196816","New Delhi","Dadar and Nagar Haveli"
"PERF10105138","2018-04-16","Rajendra","Dubashi","Mahajan","M","1952-11-18","Visakhapatnam","541551","Visakhapatnam","Punjab"
"PERF77975139","2024-04-04","Dandapaani","Varma","Iyengar","F","1995-07-16","Visakhapatnam","517502","Visakhapatnam","Andhra Pradesh"
"PERF70555140","2020-06-03","Mani","Nehru","Somayaji","M","1968-08-12","New Delhi","159395","New Delhi","Tripura"
"PERF69605141","2019-08-11","Aanandaswarup","Verma","Tandon","F","1986-03-06","Thiruvananthapuram","838681","Thiruvananthapuram","Andaman and Nicobar Islands"
"PERF73545142","2019-06-30","Anang","Chaturvedi","Khatri","F","2010-10-21","Hyderabad","258954","Hyderabad","Himachal Pradesh"
"PERF88955143","2017-07-11","Vimala","Embranthiri","Acharya","F","1996-02-18","Kolkata","917959","Kolkata","Gujarat"
"PERF21375144","2015-02-25","Heema","Somayaji","Mehrotra","M","1941-10-29","Chennai","047887","Chennai","Tripura"
"PERF99875145","2019-11-14","Chakradhar","Embranthiri","Varrier","M","1932-05-16","New Delhi","915754","New Delhi","Tripura"
"PERF18875146","2019-01-11","Geeta","Trivedi","Nambeesan","F","1960-03-11","Bengaluru","784587","Bengaluru","Pondicherry"
"PERF48295147","2015-08-22","Deenabandhu","Shukla","Jha","M","1976-10-02","Visakhapatnam","985378","Visakhapatnam","Karnataka"
"PERF12515148","2016-01-09","Usha","Pillai","Achari","F","1998-12-05","Chennai","410066","Chennai","Manipur"
"PERF8265149","2024-06-11","Saroja","Asan","Jain","F","2004-11-08","New Delhi","180366","New Delhi","Mizoram"
"PERF82915150","2023-01-22","Shresth","Malik","Joshi","M","1996-04-06","Chennai","098583","Chennai","Tamil Nadu"
"PERF41335151","2017-10-14","Bala","Desai","Butt","F","1944-03-06","Chennai","772977","Chennai","Arunachal Pradesh"
"PERF70555152","2014-07-27","Gajabahu","Adiga","Khatri","M","1949-04-09","New Delhi","490121","New Delhi","Jharkhand"
"PERF6915153","2021-03-12","Kumar","Guneta","Kaur","M","1986-11-29","New Delhi","418738","New Delhi","Kerala"
"PERF38195154","2014-12-02","Usha","Malik","Gupta","F","1970-12-06","Hyderabad","398868","Hyderabad","Maharashtra"
"PERF76475155","2014-05-25","Umang","Chopra","Shukla","F","1995-12-13","New Delhi","864416","New Delhi","Pondicherry"
"PERF20865156","2017-05-28","Sarvin","Talwar","Mehrotra","F","1975-11-04","Visakhapatnam","409344","Visakhapatnam","Karnataka"
"PERF73585157","2020-05-23","Prasanna","Singh","Varman","M","1997-03-19","New Delhi","431241","New Delhi","Andhra Pradesh"
"PERF10235158","2021-02-15","Gurdev","Bhat","Reddy","M","2002-06-10","Hyderabad","301234","Hyderabad","Jammu and Kashmir"
"PERF46925159","2018-12-10","Bhargava","Tagore","Agarwal","F","1982-12-03","Hyderabad","818833","Hyderabad","Tamil Nadu"
"PERF81105160","2019-11-26","Chinmayananda","Verma","Rana","M","1999-04-12","Kolkata","565226","Kolkata","Jammu and Kashmir"
"PERF40785161","2015-03-25","Chinmayananda","Bandopadhyay","Kapoor","M","1971-08-03","Hyderabad","086941","Hyderabad","Arunachal Pradesh"
"PERF71445162","2014-10-12","Bharat","Patel","Kaul","M","1943-01-07","Visakhapatnam","733262","Visakhapatnam","Maharashtra"
"PERF68655163","2016-07-23","Yogesh","Tagore","Ahluwalia","M","2017-12-13","Chennai","663294","Chennai","Daman and Diu"
"PERF72355164","2014-09-17","Bhadrak","Varrier","Shah","F","1962-07-20","Kolkata","828548","Kolkata","Rajasthan"
"PERF6165165","2023-07-01","Acaryatanaya","Talwar","Nambeesan","M","1959-12-29","Hyderabad","209865","Hyderabad","Kerala"
"PERF90725166","2014-05-02","Shiv","Talwar","Desai","M","1962-11-28","Thiruvananthapuram","051626","Thiruvananthapuram","Pondicherry"
"PERF37795167","2015-06-29","Upendra","Nehru","Shah","M","1980-10-15","Chennai","106160","Chennai","Maharashtra"
"PERF29595168","2023-06-13","Laxmi","Jain","Sethi","M","1942-05-09","Mumbai","049432","Mumbai","Uttaranchal"
"PERF33155169","2017-07-05","Charuchandra","Khan","Sinha","M","2019-12-06","Kolkata","989789","Kolkata","West Bengal"
"PERF38935170","2016-05-18","Devi","Sharma","Bharadwaj","M","1959-10-09","Chennai","057049","Chennai","Nagaland"
"PERF68585171","2024-07-24","Daevika","Patel","Dwivedi","M","1983-04-12","Hyderabad","796249","Hyderabad","Manipur"
"PERF24985172","2021-08-17","Anwesha","Desai","Bhattathiri","M","1999-12-20","Bengaluru","710296","Bengaluru","Goa"
"PERF22625173","2022-03-10","Sumitra","Gowda","Patil","F","1941-06-22","Kolkata","390359","Kolkata","Karnataka"
"PERF98635174","2021-07-02","Aanand","Kocchar","Bharadwaj","M","2021-05-29","Hyderabad","617104","Hyderabad","Uttaranchal"
"PERF77675175","2018-10-28","Aadinath","Ahuja","Tandon","M","1934-05-16","Mumbai","062634","Mumbai","Jharkhand"
"PERF82045176","2024-03-11","Bankim","Patil","Deshpande","M","2013-04-23","Thiruvananthapuram","667031","Thiruvananthapuram","Jharkhand"
"PERF69425177","2020-03-11","Aagneya","Kapoor","Pothuvaal","M","1937-06-08","Thiruvananthapuram","491631","Thiruvananthapuram","Maharashtra"
"PERF99105178","2019-09-22","Ashlesh","Bhattacharya","Guha","M","2008-11-23","Thiruvananthapuram","503519","Thiruvananthapuram","Andhra Pradesh"
"PERF61105179","2015-09-21","Deepan","Menon","Varma","M","1953-02-24","Visakhapatnam","772005","Visakhapatnam","Gujarat"
"PERF33585180","2021-09-30","Dipankar","Menon","Deshpande","F","2009-11-26","Visakhapatnam","284786","Visakhapatnam","Uttar Pradesh"
"PERF69195181","2020-01-31","Mohini","Naik","Gowda","M","1935-08-15","Mumbai","209693","Mumbai","Kerala"
"PERF47585182","2019-11-01","Kumari","Saini","Jha","M","1997-05-07","New Delhi","090464","New Delhi","Uttar Pradesh"
"PERF18605183","2023-10-24","Sucheta","Gupta","Bhat","M","1973-05-04","New Delhi","856901","New Delhi","West Bengal"
"PERF57415184","2017-05-20","Deevakar","Guha","Desai","F","1931-04-10","Chennai","017947","Chennai","Pondicherry"
"PERF91035185","2023-05-24","Bharat","Prajapat","Nair","F","2023-10-06","Thiruvananthapuram","298701","Thiruvananthapuram","Delhi"
"PERF86515186","2023-12-30","Charuchandra","Johar","Abbott","F","1958-12-20","New Delhi","145499","New Delhi","Andaman and Nicobar Islands"
"PERF35555187","2020-11-21","Bhadran","Namboothiri","Dhawan","F","2014-01-08","Kolkata","662842","Kolkata","Karnataka"
"PERF70085188","2020-08-21","Gopal","Dhawan","Dhawan","M","2005-11-22","Chennai","081059","Chennai","Assam"
"PERF13675189","2015-02-08","Deeptimay","Embranthiri","Sethi","F","1979-11-03","Chennai","906617","Chennai","Madya Pradesh"
"PERF56625190","2015-09-17","Uttam","Kaniyar","Gandhi","M","1934-07-27","New Delhi","279712","New Delhi","Dadar and Nagar Haveli"
"PERF40345191","2020-12-22","Prathamesh","Marar","Khanna","F","1950-02-01","New Delhi","696757","New Delhi","Assam"
"PERF86225192","2014-12-21","Minakshi","Trivedi","Mehrotra","M","1985-09-10","Visakhapatnam","688414","Visakhapatnam","Pondicherry"
"PERF1935193","2021-10-09","Anshula","Singh","Kakkar","F","1972-06-23","Kolkata","152884","Kolkata","Bihar"
"PERF75105194","2021-12-21","Gajadhar","Agarwal","Guha","F","1932-03-08","Chennai","298308","Chennai","Madya Pradesh"
"PERF40145195","2017-07-16","Dhyanesh","Jain","Varma","F","1980-07-24","Kolkata","539580","Kolkata","Jammu and Kashmir"
"PERF71855196","2016-09-25","Agniprava","Gandhi","Mukhopadhyay","M","2015-10-04","Mumbai","098621","Mumbai","Gujarat"
"PERF44195197","2018-01-20","Devangana","Bandopadhyay","Naik","M","1971-09-22","Chennai","294850","Chennai","Delhi"
"PERF70565198","2019-12-04","Bharat","Jha","Khatri","F","1945-10-07","Kolkata","951726","Kolkata","Tamil Nadu"
"PERF40525199","2014-05-09","Aalok","Singh","Varman","M","1995-04-23","Kolkata","569741","Kolkata","Rajasthan"
"PERF14785200","2018-03-03","Sarala","Mehrotra","Jha","F","1966-11-02","Bengaluru","008617","Bengaluru","Orissa"
"PERF11875201","2023-05-21","Bhargava","Achari","Saini","F","1988-01-06","Bengaluru","302816","Bengaluru","Jammu and Kashmir"
"PERF21535202","2016-05-15","Shiv","Kaul","Banerjee","M","1936-09-06","Mumbai","405943","Mumbai","Uttar Pradesh"
"PERF99895203","2024-02-15","Ghanashyam","Achari","Adiga","F","2017-03-09","Thiruvananthapuram","234402","Thiruvananthapuram","Jammu and Kashmir"
"PERF74835204","2015-12-22","Deeptiman","Patel","Chattopadhyay","F","1960-01-17","Mumbai","201196","Mumbai","Haryana"
"PERF53865205","2015-08-20","Bhuvanesh","Mukhopadhyay","Kapoor","F","2002-04-24","Thiruvananthapuram","127049","Thiruvananthapuram","Madya Pradesh"
"PERF71195206","2020-02-14","Dipesh","Varman","Iyer","M","1933-04-21","Visakhapatnam","173419","Visakhapatnam","West Bengal"
"PERF85305207","2015-09-25","Agneya","Pilla","Achari","M","1997-08-17","Kolkata","309780","Kolkata","Tamil Nadu"
"PERF93765208","2016-03-07","Gopi","Khan","Dwivedi","F","1999-12-13","Bengaluru","068332","Bengaluru","Sikkim"
"PERF97145209","2021-07-04","Deb","Mishra","Guha","M","1971-02-11","Visakhapatnam","400060","Visakhapatnam","Tamil Nadu"
"PERF23255210","2021-02-22","Deepankar","Butt","Jha","M","2010-05-23","New Delhi","151835","New Delhi","Sikkim"
"PERF11025211","2023-12-13","Kali","Khanna","Devar","M","1960-05-12","Mumbai","689014","Mumbai","Manipur"
"PERF99925212","2022-06-14","Meghnad","Agarwal","Butt","F","1993-09-11","New Delhi","812578","New Delhi","Haryana"
"PERF43775213","2018-10-28","Subhasini","Dubashi","Varman","F","1946-04-02","Thiruvananthapuram","700407","Thiruvananthapuram","Madya Pradesh"
"PERF22525214","2015-11-08","Paramartha","Ahuja","Khatri","M","1989-10-20","Mumbai","753031","Mumbai","West Bengal"
"PERF76955215","2021-08-23","Gorakhnath","Kapoor","Kocchar","F","1984-11-26","Mumbai","982453","Mumbai","Mizoram"
"PERF10295216","2016-07-11","Javas","Mahajan","Arora","M","1972-03-20","New Delhi","624182","New Delhi","Uttaranchal"
"PERF81085217","2022-08-01","Atmananda","Namboothiri","Acharya","F","1970-01-25","Kolkata","947422","Kolkata","Nagaland"
"PERF90355218","2021-10-03","Girija","Pandey","Chattopadhyay","M","1955-03-15","Kolkata","048479","Kolkata","Karnataka"
"PERF72945219","2021-03-28","Keerti","Bhattathiri","Sinha","M","1987-04-25","Chennai","943363","Chennai","Lakshadweep"
"PERF86565220","2020-05-15","Gorakhanatha","Trivedi","Bhattacharya","M","1961-10-12","New Delhi","929098","New Delhi","Lakshadweep"
"PERF52615221","2021-10-10","Tushar","Bharadwaj","Verma","F","1993-05-28","New Delhi","469045","New Delhi","Goa"
"PERF23925222","2023-03-13","Aashritha","Guneta","Nair","F","2009-02-07","Mumbai","659886","Mumbai","Gujarat"
"PERF92195223","2022-12-13","Arun","Kaur","Khatri","F","1934-02-03","Chennai","032782","Chennai","Madya Pradesh"
"PERF21755224","2017-08-14","Priya","Nambeesan","Trivedi","F","1970-06-19","Chennai","991960","Chennai","Andaman and Nicobar Islands"
"PERF99505225","2023-07-05","Kiran","Verma","Gill","M","1939-09-12","Hyderabad","809817","Hyderabad","Himachal Pradesh"
"PERF58215226","2015-10-28","Gudakesa","Gandhi","Pandey","F","1956-12-15","Bengaluru","013489","Bengaluru","Punjab"
"PERF28105227","2022-02-22","Prathamesh","Bandopadhyay","Shukla","M","1967-05-11","New Delhi","420876","New Delhi","Jharkhand"
"PERF59025228","2016-03-01","Chaaruchandra","Mahajan","Guha","M","1962-12-13","Thiruvananthapuram","601815","Thiruvananthapuram","Goa"
"PERF96205229","2018-12-23","Chaturaanan","Malik","Varman","F","1983-07-21","Hyderabad","735697","Hyderabad","Andaman and Nicobar Islands"
"PERF23095230","2023-12-05","Sher","Dhawan","Iyengar","M","2013-01-26","Bengaluru","153730","Bengaluru","Meghalaya"
"PERF88655231","2015-04-13","Gorakhnath","Chattopadhyay","Devar","F","1979-08-12","Bengaluru","006158","Bengaluru","Goa"
"PERF21675232","2019-12-13","Dhanapati","Abbott","Namboothiri","M","2016-09-14","New Delhi","073961","New Delhi","Mizoram"
"PERF43095233","2018-03-15","Narinder","Gandhi","Pandey","F","1950-01-15","Mumbai","376795","Mumbai","Haryana"
"PERF58215234","2022-10-11","Nirbhay","Sinha","Kaniyar","F","1964-05-01","Visakhapatnam","690541","Visakhapatnam","Arunachal Pradesh"
"PERF32405235","2024-05-31","Manikya","Sinha","Trivedi","F","1932-09-30","Visakhapatnam","436596","Visakhapatnam","Orissa"
"PERF29225236","2024-07-14","Digambar","Dubashi","Jha","F","1939-10-16","Hyderabad","725383","Hyderabad","Rajasthan"
"PERF83635237","2022-11-18","Ghanaanand","Jain","Shukla","F","1973-10-10","New Delhi","084567","New Delhi","Karnataka"
"PERF52525238","2015-11-05","Somu","Panicker","Abbott","F","1945-05-14","Kolkata","810859","Kolkata","Andaman and Nicobar Islands"
"PERF73445239","2018-10-17","Radha","Asan","Ahuja","M","1941-12-26","Bengaluru","769235","Bengaluru","Chhattisgarh"
"PERF69355240","2023-03-12","Jyotsana","Banerjee","Patel","M","1995-12-23","Chennai","068544","Chennai","Jammu and Kashmir"
"PERF60325241","2014-07-18","Ahalya","Guha","Bhattathiri","M","1959-06-23","Thiruvananthapuram","787079","Thiruvananthapuram","Bihar"
"PERF98685242","2019-12-16","Avadhesh","Kaul","Kaniyar","M","2003-08-30","Mumbai","094087","Mumbai","Pondicherry"
"PERF36455243","2017-01-28","Advaya","Mishra","Gowda","M","1943-01-18","Kolkata","597487","Kolkata","Uttar Pradesh"
"PERF49435244","2021-01-20","Brajesh","Desai","Chopra","M","1943-06-01","Mumbai","849288","Mumbai","Mizoram"
"PERF28005245","2023-07-18","Javas","Mishra","Mukhopadhyay","F","1996-05-02","Thiruvananthapuram","633342","Thiruvananthapuram","Sikkim"
"PERF24555246","2024-01-08","Vishwamitra","Sharma","Rana","F","1989-07-12","Hyderabad","104542","Hyderabad","Andaman and Nicobar Islands"
"PERF52055247","2021-10-09","Bhardwaj","Bhat","Naik","F","1960-08-01","New Delhi","686801","New Delhi","Delhi"
"PERF31925248","2015-06-02","Anil","Tagore","Chaturvedi","M","2019-05-14","Kolkata","134467","Kolkata","Nagaland"
"PERF21555249","2017-05-31","Gautam","Panicker","Gowda","M","1993-09-23","Mumbai","800281","Mumbai","Dadar and Nagar Haveli"
"PERF3635250","2022-08-11","Ankal","Achari","Talwar","F","1969-06-03","Visakhapatnam","706388","Visakhapatnam","Nagaland"
"PERF37605251","2024-04-06","Atmananda","Saini","Banerjee","F","1939-11-15","Mumbai","527881","Mumbai","Assam"
"PERF35585252","2020-09-28","Gati","Chaturvedi","Dhawan","M","1964-01-08","Visakhapatnam","141940","Visakhapatnam","Assam"
"PERF25925253","2017-03-09","Rameshwar","Nambeesan","Iyer","F","1983-03-07","New Delhi","435145","New Delhi","Maharashtra"
"PERF57435254","2019-12-01","Bilwa","Dubashi","Guneta","F","1957-12-16","Thiruvananthapuram","917314","Thiruvananthapuram","Madya Pradesh"
"PERF80385255","2015-12-27","Karan","Gandhi","Banerjee","M","1996-08-07","Chennai","601806","Chennai","Jammu and Kashmir"
"PERF96835256","2014-02-13","Bhadrak","Shukla","Pillai","M","1980-05-19","Mumbai","997083","Mumbai","Rajasthan"
"PERF74605257","2024-01-07","Gouranga","Dhawan","Saini","F","1959-12-09","Chennai","661554","Chennai","Jammu and Kashmir"
"PERF87805258","2014-04-15","Bhisham","Embranthiri","Gill","F","1976-01-03","Mumbai","479564","Mumbai","Pondicherry"
"PERF16215259","2023-05-24","Dipesh","Prajapat","Desai","F","1932-09-21","Bengaluru","855476","Bengaluru","Punjab"
"PERF38645260","2014-08-25","Aishani","Bandopadhyay","Reddy","F","1930-07-12","Thiruvananthapuram","022328","Thiruvananthapuram","Bihar"
"PERF36415261","2021-07-19","Shreyashi","Tagore","Rana","M","1930-08-31","Visakhapatnam","161219","Visakhapatnam","Uttar Pradesh"
"PERF22225262","2014-07-12","Purnima","Adiga","Reddy","M","1946-07-27","Bengaluru","382462","Bengaluru","Karnataka"
"PERF70335263","2020-05-04","Deenabandhu","Dutta","Tagore","F","1963-03-28","Hyderabad","349999","Hyderabad","Delhi"
"PERF32515264","2024-04-09","Chetan","Shah","Gupta","F","1957-06-27","Kolkata","357566","Kolkata","Himachal Pradesh"
"PERF72885265","2016-08-10","Chandran","Prajapat","Patil","F","1938-03-04","Thiruvananthapuram","289840","Thiruvananthapuram","Manipur"
"PERF85295266","2017-09-20","Navin","Johar","Mukhopadhyay","M","2010-07-05","Bengaluru","397860","Bengaluru","Kerala"
"PERF47705267","2020-03-12","Menaka","Devar","Iyer","F","2003-07-15","Kolkata","474539","Kolkata","Manipur"
"PERF76165268","2019-07-19","Goswami","Shah","Kaniyar","F","1964-06-09","New Delhi","850651","New Delhi","Uttar Pradesh"
"PERF20735269","2018-07-02","Vijay","Khatri","Kaur","M","1953-04-17","Thiruvananthapuram","304582","Thiruvananthapuram","Chandigarh"
"PERF26935270","2015-02-22","Vaijayanti","Shah","Bhat","F","2005-10-20","New Delhi","254866","New Delhi","Goa"
"PERF20655271","2016-07-13","Devi","Kaur","Reddy","M","2000-07-04","Thiruvananthapuram","989421","Thiruvananthapuram","Rajasthan"
"PERF89605272","2019-06-07","Anaadi","Pandey","Arora","M","1971-02-28","Kolkata","184437","Kolkata","Karnataka"
"PERF6945273","2014-04-18","Daksha","Iyer","Arora","F","2018-04-02","Kolkata","246290","Kolkata","Lakshadweep"
"PERF60755274","2020-02-25","Bhagwanti","Patel","Panicker","F","1970-05-16","Thiruvananthapuram","903042","Thiruvananthapuram","Tamil Nadu"
"PERF73565275","2022-12-28","Shanti","Naik","Adiga","F","1975-04-20","Chennai","427068","Chennai","Himachal Pradesh"
"PERF9975276","2018-02-15","Ghanashyam","Chaturvedi","Patil","F","1997-12-22","Kolkata","085832","Kolkata","Arunachal Pradesh"
"PERF94525277","2015-02-04","Dwaipayan","Swarup","Talwar","M","1998-05-01","Mumbai","953155","Mumbai","Daman and Diu"
"PERF66145278","2021-03-16","Bilva","Jain","Verma","F","1984-08-03","Mumbai","983390","Mumbai","Assam"
"PERF86635279","2017-05-11","Sarisha","Tandon","Nehru","M","1998-08-07","Mumbai","189109","Mumbai","Sikkim"
"PERF3725280","2021-03-16","Anurag","Menon","Abbott","M","2008-01-09","New Delhi","248204","New Delhi","Tripura"
"PERF65865281","2018-10-10","Vaidehi","Menon","Mishra","F","1954-11-10","Kolkata","822918","Kolkata","Orissa"
"PERF44275282","2022-05-02","Bhadraksh","Adiga","Sethi","M","1966-06-19","Thiruvananthapuram","565565","Thiruvananthapuram","Kerala"
"PERF41055283","2017-10-20","Vrund","Sharma","Asan","M","1943-02-27","Chennai","128774","Chennai","Uttar Pradesh"
"PERF675284","2019-10-05","Bala","Dhawan","Shukla","F","1992-09-09","New Delhi","460389","New Delhi","Orissa"
"PERF43855285","2016-10-10","Nikita","Sharma","Ahuja","F","2002-09-30","Chennai","183172","Chennai","Andhra Pradesh"
"PERF15385286","2018-10-25","Atmanand","Iyer","Patil","M","1966-05-23","Kolkata","710078","Kolkata","Kerala"
"PERF3975287","2015-02-22","Garud","Sethi","Dutta","F","2023-03-03","New Delhi","366939","New Delhi","Chandigarh"
"PERF54975288","2022-03-19","Brahmdev","Johar","Patel","M","1967-10-06","Bengaluru","640721","Bengaluru","Orissa"
"PERF87065289","2014-11-13","Vishwamitra","Jain","Sethi","F","2017-12-04","Thiruvananthapuram","738955","Thiruvananthapuram","Haryana"
"PERF83085290","2017-02-26","Aayushmaan","Devar","Bhattacharya","F","1969-07-27","Hyderabad","811850","Hyderabad","Kerala"
"PERF88635291","2024-03-30","Ekadant","Somayaji","Devar","F","1982-05-28","Bengaluru","414472","Bengaluru","Pondicherry"
"PERF6415292","2018-11-11","Yogesh","Ganaka","Sharma","F","1937-01-12","Thiruvananthapuram","784542","Thiruvananthapuram","Pondicherry"
"PERF27405293","2015-10-26","Bhargavi","Varma","Prajapat","M","1971-03-07","Bengaluru","353600","Bengaluru","Arunachal Pradesh"
"PERF97875294","2020-06-18","Baijayanti","Dutta","Gill","F","1990-04-01","Kolkata","355806","Kolkata","Tamil Nadu"
"PERF63795295","2023-04-02","Bhuvaneshwar","Varma","Shukla","F","1999-11-23","Kolkata","309730","Kolkata","Gujarat"
"PERF99765296","2017-08-12","Vidur","Kaul","Asan","M","1964-08-11","Kolkata","628376","Kolkata","Chandigarh"
"PERF29725297","2019-11-14","Maheswar","Pilla","Pothuvaal","M","1942-11-02","Mumbai","119351","Mumbai","Uttar Pradesh"
"PERF7095298","2021-11-07","Eshita","Khatri","Malik","M","2022-02-17","Hyderabad","923256","Hyderabad","Mizoram"
"PERF82275299","2024-04-25","Devi","Embranthiri","Ahuja","F","1976-09-03","Visakhapatnam","451719","Visakhapatnam","Goa"
"PERF74995300","2022-03-21","Rajendra","Chopra","Ganaka","M","1997-01-11","Chennai","619043","Chennai","Maharashtra"
"PERF84525301","2014-05-09","Satyen","Sinha","Trivedi","M","2021-03-02","Kolkata","188538","Kolkata","West Bengal"
"PERF12985302","2023-08-30","Gouranga","Kakkar","Ahuja","M","1955-10-12","Chennai","868287","Chennai","Gujarat"
"PERF8705303","2018-02-28","Omana","Ganaka","Chopra","F","1984-09-09","Kolkata","043861","Kolkata","Orissa"
"PERF3955304","2023-09-22","Chapala","Jain","Ganaka","M","1993-12-30","New Delhi","893765","New Delhi","Himachal Pradesh"
"PERF39095305","2022-11-10","Adinath","Sethi","Abbott","M","1970-02-07","Visakhapatnam","498212","Visakhapatnam","Arunachal Pradesh"
"PERF17305306","2018-08-18","Girja","Kaur","Ahluwalia","F","1987-09-27","Kolkata","486551","Kolkata","Andhra Pradesh"
"PERF38345307","2023-03-13","Anjushree","Kaniyar","Banerjee","F","1942-05-24","Visakhapatnam","651291","Visakhapatnam","Jammu and Kashmir"
"PERF51455308","2016-01-06","Rita","Dwivedi","Shukla","F","2013-08-07","New Delhi","159553","New Delhi","Orissa"
"PERF20935309","2016-05-29","Dwaipayan","Devar","Dwivedi","M","1966-01-25","Visakhapatnam","451265","Visakhapatnam","Kerala"
"PERF98015310","2020-07-12","Akshata","Gowda","Somayaji","F","1978-05-22","New Delhi","011419","New Delhi","Assam"
"PERF92035311","2023-05-22","Vidhur","Gupta","Reddy","F","1956-07-16","Bengaluru","105109","Bengaluru","Andaman and Nicobar Islands"
"PERF9705312","2023-10-27","Sitara","Deshpande","Varman","F","1965-05-16","Visakhapatnam","357473","Visakhapatnam","Punjab"
"PERF1235313","2017-03-06","Bakula","Saini","Singh","M","2019-02-06","Hyderabad","907974","Hyderabad","Dadar and Nagar Haveli"
"PERF60595314","2014-04-11","Parvati","Ahuja","Sinha","F","1931-03-27","Bengaluru","322053","Bengaluru","Delhi"
"PERF9225315","2014-04-29","Kannan","Gowda","Asan","M","1931-04-19","New Delhi","224387","New Delhi","Assam"
"PERF22455316","2015-05-23","Aruna","Marar","Marar","F","2010-04-23","Visakhapatnam","463719","Visakhapatnam","Andaman and Nicobar Islands"
"PERF58545317","2020-03-20","Ameyatma","Sethi","Devar","M","2022-10-24","Kolkata","019463","Kolkata","Rajasthan"
"PERF96975318","2019-01-01","Gatik","Mukhopadhyay","Desai","M","1967-07-03","Kolkata","747126","Kolkata","Jammu and Kashmir"
"PERF5035319","2022-12-10","Amarnath","Pandey","Nayar","M","2005-09-28","Chennai","676068","Chennai","Gujarat"
"PERF19855320","2019-01-18","Nirbhay","Varman","Sharma","F","1975-05-18","Hyderabad","819456","Hyderabad","Nagaland"
"PERF81705321","2016-09-20","Ghanashyam","Nair","Dutta","F","2008-11-09","Bengaluru","292691","Bengaluru","Andhra Pradesh"
"PERF6275322","2014-05-08","Aanjaneya","Kaniyar","Marar","M","1955-11-19","Kolkata","966326","Kolkata","Haryana"
"PERF93685323","2014-05-20","Varalakshmi","Chopra","Nambeesan","M","1932-01-31","Mumbai","289659","Mumbai","Daman and Diu"
"PERF38005324","2023-04-14","Chandira","Talwar","Pandey","M","2000-10-23","Mumbai","621551","Mumbai","Sikkim"
"PERF84045325","2017-10-05","Vasundhara","Panicker","Singh","M","1977-01-31","Thiruvananthapuram","499512","Thiruvananthapuram","Haryana"
"PERF41245326","2018-02-21","Deven","Desai","Banerjee","F","1931-06-28","Hyderabad","259940","Hyderabad","Pondicherry"
"PERF99455327","2024-04-16","Agnimitra","Ahluwalia","Jain","M","1992-03-12","Visakhapatnam","501230","Visakhapatnam","Assam"
"PERF5675328","2014-04-28","Laxmi","Guha","Bandopadhyay","M","1957-12-23","Visakhapatnam","568317","Visakhapatnam","Jammu and Kashmir"
"PERF49785329","2023-08-14","Deeptimayee","Iyengar","Nehru","F","2016-08-31","Visakhapatnam","325539","Visakhapatnam","Pondicherry"
"PERF26345330","2022-01-15","Kailash","Nambeesan","Butt","M","1971-02-07","Bengaluru","780528","Bengaluru","Maharashtra"
"PERF50195331","2022-01-07","Brijesh","Gandhi","Shukla","M","1941-03-26","Mumbai","004543","Mumbai","Mizoram"
"PERF68775332","2023-12-22","Jyoti","Naik","Embranthiri","F","1970-09-04","Hyderabad","372039","Hyderabad","Madya Pradesh"
"PERF45565333","2021-04-08","Ganesh","Desai","Kapoor","F","2021-03-11","Chennai","542771","Chennai","Maharashtra"
"PERF73075334","2022-12-13","Smita","Varman","Gupta","F","1961-02-28","Mumbai","600176","Mumbai","Gujarat"
"PERF34225335","2024-07-24","Vaijayanti","Malik","Joshi","M","1946-09-24","Bengaluru","822887","Bengaluru","Tripura"
"PERF94325336","2014-09-12","Saraswati","Prajapat","Kapoor","F","2009-03-23","Mumbai","297861","Mumbai","Daman and Diu"
"PERF97265337","2014-12-17","Chitramala","Guha","Bhattacharya","M","1978-05-05","Chennai","752045","Chennai","Sikkim"
"PERF11705338","2024-06-25","Lal","Banerjee","Mukhopadhyay","F","1942-11-28","Kolkata","054526","Kolkata","Manipur"
"PERF19105339","2015-04-17","Balagopal","Mishra","Gupta","M","1943-02-23","New Delhi","670377","New Delhi","Tamil Nadu"
"PERF38995340","2021-01-31","Aditeya","Chaturvedi","Pothuvaal","F","2010-06-05","New Delhi","938394","New Delhi","Delhi"
"PERF34125341","2015-05-20","Sarvin","Jain","Mahajan","M","2013-09-16","New Delhi","668667","New Delhi","West Bengal"
"PERF24325342","2021-01-31","Shresthi","Iyer","Mehra","F","1954-04-01","Bengaluru","611037","Bengaluru","Gujarat"
"PERF64905343","2021-03-30","Anjali","Nehru","Bhattacharya","M","1963-09-03","Hyderabad","419806","Hyderabad","Delhi"
"PERF58675344","2020-12-20","Bharadwaj","Nayar","Kaul","M","1941-08-17","Hyderabad","207861","Hyderabad","Daman and Diu"
"PERF82535345","2015-08-31","Sarla","Saini","Pothuvaal","M","1934-05-13","Chennai","400575","Chennai","Himachal Pradesh"
"PERF81085346","2015-09-24","Ujjwal","Tandon","Ahuja","M","2011-05-09","Kolkata","208795","Kolkata","Goa"
"PERF32655347","2018-10-26","Eekalabya","Mahajan","Saini","M","2015-01-14","Hyderabad","034120","Hyderabad","Mizoram"
"PERF83185348","2014-06-19","Bhagirathi","Bhattacharya","Dutta","F","1943-01-07","Visakhapatnam","153800","Visakhapatnam","Karnataka"
"PERF51135349","2015-03-16","Mandakini","Mukhopadhyay","Shah","F","1988-05-25","Visakhapatnam","643807","Visakhapatnam","Daman and Diu"
"PERF80765350","2014-03-08","Ganaka","Nair","Khan","M","1972-12-27","New Delhi","857175","New Delhi","Jammu and Kashmir"
"PERF17335351","2021-04-27","Deeptiman","Deshpande","Gandhi","M","2003-01-08","Chennai","654107","Chennai","Rajasthan"
"PERF77235352","2018-04-02","Shashi","Gupta","Marar","M","1955-07-24","Hyderabad","545730","Hyderabad","Maharashtra"
"PERF17715353","2018-04-14","Bankim","Khan","Agarwal","F","1933-06-10","Chennai","491672","Chennai","Gujarat"
"PERF88425354","2021-12-24","Malti","Chattopadhyay","Devar","M","2014-11-12","Mumbai","808464","Mumbai","Haryana"
"PERF73285355","2019-06-08","Aayushman","Kaur","Patil","M","1954-07-03","Kolkata","543523","Kolkata","Rajasthan"
"PERF14375356","2015-10-11","Dhatri","Ahuja","Chattopadhyay","M","1949-05-23","Kolkata","500570","Kolkata","Dadar and Nagar Haveli"
"PERF8895357","2022-08-27","Deepan","Shukla","Bhat","F","2017-09-13","Visakhapatnam","118942","Visakhapatnam","Goa"
"PERF56975358","2022-02-04","Gita","Chaturvedi","Mehra","F","2014-12-10","Mumbai","394240","Mumbai","Rajasthan"
"PERF76985359","2024-07-17","Atmanand","Ahuja","Chattopadhyay","F","1943-03-10","New Delhi","146113","New Delhi","Chhattisgarh"
"PERF57935360","2018-03-26","Bhavani","Sharma","Abbott","M","1986-02-17","New Delhi","968503","New Delhi","Haryana"
"PERF55925361","2019-03-03","Birjesh","Jha","Bhat","F","1950-09-24","Kolkata","956430","Kolkata","Tamil Nadu"
"PERF75505362","2017-03-26","Sheela","Bharadwaj","Reddy","M","1957-04-03","Mumbai","857340","Mumbai","Haryana"
"PERF22185363","2016-06-05","Chaturaanan","Abbott","Kaur","F","1931-07-20","Visakhapatnam","706917","Visakhapatnam","Madya Pradesh"
"PERF13805364","2015-03-03","Chetanaanand","Gandhi","Tandon","F","1951-02-01","Kolkata","117635","Kolkata","Delhi"
"PERF84815365","2021-04-17","Pramila","Chopra","Bhattacharya","F","1987-12-28","Kolkata","149554","Kolkata","Arunachal Pradesh"
"PERF52325366","2022-07-26","Balachandra","Trivedi","Butt","M","1930-12-19","Bengaluru","910334","Bengaluru","Tripura"
"PERF38965367","2015-03-22","Rukmin","Kaniyar","Nehru","M","1964-02-08","Thiruvananthapuram","807471","Thiruvananthapuram","Madya Pradesh"
"PERF21035368","2015-07-02","Sumitra","Menon","Dwivedi","M","2008-06-09","Bengaluru","227526","Bengaluru","Assam"
"PERF25435369","2024-05-13","Girja","Pillai","Sinha","M","1958-03-02","Chennai","607025","Chennai","Bihar"
"PERF12575370","2015-08-03","Som","Malik","Achari","F","1999-10-08","Hyderabad","681783","Hyderabad","Tripura"
"PERF13305371","2015-03-13","Chandan","Kocchar","Marar","F","1943-06-18","Bengaluru","807194","Bengaluru","Goa"
"PERF30355372","2014-09-17","Shresthi","Chaturvedi","Namboothiri","F","1932-04-01","Kolkata","646564","Kolkata","Madya Pradesh"
"PERF64955373","2021-03-29","Gandharva","Dhawan","Naik","F","1966-09-21","Mumbai","155463","Mumbai","Himachal Pradesh"
"PERF71635374","2024-05-26","Deeptimay","Devar","Gandhi","M","1932-11-24","Hyderabad","099686","Hyderabad","Uttaranchal"
"PERF77735375","2020-01-15","Chaturaanan","Dubashi","Devar","M","1969-01-11","Thiruvananthapuram","156778","Thiruvananthapuram","West Bengal"
"PERF89825376","2020-12-17","Vaidehi","Varman","Dhawan","F","2018-09-03","Hyderabad","473124","Hyderabad","Maharashtra"
"PERF38885377","2015-02-22","Arjun","Bhat","Chattopadhyay","M","1981-03-13","Chennai","218643","Chennai","Uttaranchal"
"PERF54365378","2023-10-04","Alok","Saini","Chaturvedi","F","1980-12-06","Kolkata","341011","Kolkata","Bihar"
"PERF81285379","2021-02-22","Devvrat","Bharadwaj","Devar","F","1951-06-10","New Delhi","233913","New Delhi","Madya Pradesh"
"PERF285380","2015-01-30","Maheswar","Kocchar","Kaur","M","2024-04-22","New Delhi","052076","New Delhi","Rajasthan"
"PERF17135381","2020-05-11","Chandi","Iyengar","Somayaji","M","1931-09-14","Visakhapatnam","826598","Visakhapatnam","Himachal Pradesh"
"PERF26285382","2017-05-04","Uttam","Gowda","Devar","M","2018-02-22","Hyderabad","880095","Hyderabad","Nagaland"
"PERF78135383","2015-07-22","Aryan","Talwar","Kakkar","F","1959-03-02","Kolkata","610088","Kolkata","Himachal Pradesh"
"PERF75435384","2022-10-05","Shashikala","Khan","Embranthiri","M","1988-05-09","Hyderabad","574419","Hyderabad","Uttar Pradesh"
"PERF88385385","2015-10-11","Devak","Dwivedi","Ahluwalia","F","1932-04-24","Bengaluru","669898","Bengaluru","Chandigarh"
"PERF83145386","2023-08-09","Shubhaprada","Nehru","Chattopadhyay","F","1959-02-06","Kolkata","574840","Kolkata","Bihar"
"PERF71925387","2016-01-26","Suryakanta","Banerjee","Ahuja","M","1938-12-19","Hyderabad","096298","Hyderabad","Meghalaya"
"PERF92655388","2014-12-22","Mandaakin","Mehrotra","Devar","M","1970-08-22","Chennai","736749","Chennai","Madya Pradesh"
"PERF83875389","2021-04-03","Devagya","Banerjee","Gandhi","F","1932-10-26","Hyderabad","579004","Hyderabad","Daman and Diu"
"PERF86665390","2019-10-03","Vaishnavi","Khan","Naik","M","1939-03-03","Thiruvananthapuram","875131","Thiruvananthapuram","Himachal Pradesh"
"PERF63265391","2021-10-27","Susheel","Abbott","Nehru","M","1992-08-04","Chennai","059851","Chennai","Gujarat"
"PERF85015392","2016-03-26","Chandra","Asan","Ahuja","F","1955-08-02","Bengaluru","528475","Bengaluru","Madya Pradesh"
"PERF28315393","2022-10-12","Anjushri","Menon","Joshi","F","1977-02-23","Hyderabad","450140","Hyderabad","Maharashtra"
"PERF38435394","2018-09-12","Brahmaanand","Mishra","Mishra","F","1990-11-14","New Delhi","459140","New Delhi","Karnataka"
"PERF39525395","2019-10-11","Abhaya","Pandey","Nambeesan","M","1944-08-15","New Delhi","431073","New Delhi","Maharashtra"
"PERF54905396","2017-02-05","Dron","Abbott","Dwivedi","M","2019-12-23","Bengaluru","230462","Bengaluru","West Bengal"
"PERF16045397","2016-10-22","Devasree","Joshi","Bhattathiri","M","2021-06-14","Hyderabad","610627","Hyderabad","Gujarat"
"PERF6425398","2015-12-28","Ambar","Deshpande","Saini","M","2023-01-04","Chennai","436276","Chennai","Chhattisgarh"
"PERF4545399","2020-10-13","Vrinda","Tandon","Tandon","M","1950-08-03","Bengaluru","919611","Bengaluru","Daman and Diu"
"PERF31925400","2021-10-03","Vaishnavi","Mahajan","Reddy","M","2006-12-22","Hyderabad","845345","Hyderabad","Nagaland"
"PERF73705401","2014-10-22","Manisha","Mukhopadhyay","Jha","F","2011-12-29","Visakhapatnam","092328","Visakhapatnam","Sikkim"
"PERF58655402","2016-10-08","Deevakar","Patel","Trivedi","M","1979-07-05","New Delhi","907668","New Delhi","Assam"
"PERF28775403","2015-03-07","Chiranjeeve","Gowda","Prajapat","M","1987-08-11","Chennai","187646","Chennai","Nagaland"
"PERF47305404","2017-06-06","Amarnath","Iyengar","Malik","M","1999-06-14","Kolkata","438356","Kolkata","Pondicherry"
"PERF2725405","2024-05-07","Kin","Jha","Ahluwalia","M","2012-12-20","Thiruvananthapuram","268997","Thiruvananthapuram","Daman and Diu"
"PERF87155406","2021-01-27","Sheela","Bhattathiri","Sethi","M","2021-05-17","Hyderabad","399041","Hyderabad","Dadar and Nagar Haveli"
"PERF85395407","2017-04-26","Rohan","Nair","Sinha","M","1938-10-30","Chennai","959481","Chennai","Manipur"
"PERF59155408","2018-09-26","Ekaling","Malik","Nayar","M","1958-02-27","Mumbai","990140","Mumbai","Arunachal Pradesh"
"PERF52845409","2019-03-31","Chiranjeev","Mahajan","Khanna","F","1955-06-26","Thiruvananthapuram","750573","Thiruvananthapuram","Gujarat"
"PERF98375410","2015-01-02","Sudeva","Bhattathiri","Chattopadhyay","F","1951-08-10","Mumbai","498716","Mumbai","Pondicherry"
"PERF1185411","2023-10-06","Ojaswini","Pilla","Dutta","F","1962-09-27","Bengaluru","342072","Bengaluru","Daman and Diu"
"PERF56175412","2015-08-23","Deveshwar","Mahajan","Abbott","F","1957-02-24","Bengaluru","303588","Bengaluru","Manipur"
"PERF62305413","2023-11-09","Akshainie","Singh","Reddy","F","1935-03-10","Kolkata","754127","Kolkata","Assam"
"PERF29355414","2017-06-20","Gudakesa","Nair","Sharma","F","2019-03-02","Bengaluru","455639","Bengaluru","West Bengal"
"PERF77525415","2015-03-24","Kumari","Chattopadhyay","Nambeesan","F","1979-07-24","Kolkata","565357","Kolkata","Dadar and Nagar Haveli"
"PERF71425416","2016-05-01","Jahnu","Trivedi","Dwivedi","F","1975-10-28","Visakhapatnam","057085","Visakhapatnam","Orissa"
"PERF41695417","2020-03-29","Lakshman","Embranthiri","Khan","M","1945-04-21","Visakhapatnam","340216","Visakhapatnam","Bihar"
"PERF48335418","2017-08-06","Nawal","Shah","Shah","M","1934-03-02","Chennai","173163","Chennai","Manipur"
"PERF28955419","2024-02-15","Vimala","Dubashi","Dwivedi","F","1940-05-04","Chennai","776219","Chennai","Andaman and Nicobar Islands"
"PERF49625420","2019-02-18","Dayamayee","Deshpande","Desai","F","1968-06-22","New Delhi","012194","New Delhi","Kerala"
"PERF87385421","2017-04-26","Puneet","Gandhi","Banerjee","F","1984-10-13","Bengaluru","096226","Bengaluru","Uttar Pradesh"
"PERF79285422","2015-01-31","Chandravati","Namboothiri","Naik","M","1959-11-18","Chennai","827405","Chennai","Daman and Diu"
"PERF46625423","2021-07-08","Kumar","Khatri","Varrier","F","2004-03-01","New Delhi","996689","New Delhi","Himachal Pradesh"
"PERF5475424","2014-06-15","Lai","Gandhi","Butt","F","2015-09-17","Bengaluru","064400","Bengaluru","Madya Pradesh"
"PERF92245425","2019-02-19","Ajeet","Dutta","Varrier","F","1984-02-06","Thiruvananthapuram","280648","Thiruvananthapuram","Uttaranchal"
"PERF36395426","2023-11-01","Chakradhar","Kocchar","Desai","F","2011-02-23","Chennai","335556","Chennai","Maharashtra"
"PERF92455427","2016-01-12","Girja","Mukhopadhyay","Trivedi","F","2016-06-17","Mumbai","388265","Mumbai","Tripura"
"PERF1505428","2021-05-20","Shridevi","Pilla","Mehrotra","M","1997-03-06","Mumbai","511666","Mumbai","Rajasthan"
"PERF17315429","2020-11-23","Hiranya","Bhattathiri","Ahluwalia","M","1978-08-12","New Delhi","396428","New Delhi","Daman and Diu"
"PERF22235430","2020-04-20","Lakshman","Mishra","Embranthiri","F","2008-11-19","Thiruvananthapuram","196299","Thiruvananthapuram","Tamil Nadu"
"PERF64395431","2020-07-26","Bhagwati","Joshi","Asan","M","1945-09-29","Bengaluru","633197","Bengaluru","Andaman and Nicobar Islands"
"PERF35965432","2017-07-25","Rajendra","Kakkar","Jha","M","1973-08-16","Thiruvananthapuram","703856","Thiruvananthapuram","Jammu and Kashmir"
"PERF18065433","2020-01-15","Bhoopat","Deshpande","Bhat","F","1975-05-27","Chennai","783176","Chennai","Arunachal Pradesh"
"PERF12645434","2014-07-03","Sloka","Dubashi","Iyengar","M","1942-01-25","Mumbai","061294","Mumbai","Dadar and Nagar Haveli"
"PERF11755435","2023-02-08","Jagdish","Patel","Pothuvaal","M","2018-07-01","Chennai","889172","Chennai","Haryana"
"PERF705436","2016-03-08","Himadri","Khan","Tagore","M","1953-05-20","New Delhi","525863","New Delhi","Daman and Diu"
"PERF12705437","2017-09-02","Chakrika","Butt","Pothuvaal","M","1946-12-22","Hyderabad","891453","Hyderabad","Jharkhand"
"PERF7025438","2024-04-12","Ashlesh","Nehru","Varma","M","1931-09-27","Thiruvananthapuram","219064","Thiruvananthapuram","Lakshadweep"
"PERF60995439","2023-11-28","Atmanand","Nehru","Joshi","M","1951-11-20","Hyderabad","283786","Hyderabad","Nagaland"
"PERF7935440","2016-06-06","Vidya","Tandon","Reddy","M","1966-12-21","Bengaluru","894307","Bengaluru","Pondicherry"
"PERF85215441","2020-01-19","Ashok","Kaur","Mishra","F","2002-06-03","New Delhi","260410","New Delhi","Haryana"
"PERF40945442","2023-05-18","Akroor","Gowda","Banerjee","F","1931-01-25","Visakhapatnam","514415","Visakhapatnam","Orissa"
"PERF19235443","2024-01-21","Ujjwal","Khatri","Adiga","M","2005-07-09","Chennai","076979","Chennai","Jharkhand"
"PERF10045444","2023-06-02","Deeptimoy","Chaturvedi","Deshpande","M","1939-11-10","New Delhi","861306","New Delhi","Uttar Pradesh"
"PERF6325445","2019-09-16","Suresh","Asan","Abbott","F","1950-07-23","Mumbai","337908","Mumbai","Haryana"
"PERF97345446","2019-10-02","Sitara","Bhattathiri","Reddy","F","1992-06-23","Thiruvananthapuram","953539","Thiruvananthapuram","Gujarat"
"PERF88475447","2019-05-25","Chandrani","Malik","Gowda","M","1982-05-16","Thiruvananthapuram","946962","Thiruvananthapuram","Lakshadweep"
"PERF30625448","2016-07-02","Budhil","Panicker","Bhattacharya","M","1942-02-16","Mumbai","146585","Mumbai","Jammu and Kashmir"
"PERF64215449","2023-12-10","Agniprava","Desai","Prajapat","M","2018-11-28","Bengaluru","582084","Bengaluru","Chhattisgarh"
"PERF26415450","2023-03-16","Subodh","Reddy","Deshpande","M","1943-06-14","Hyderabad","100331","Hyderabad","Maharashtra"
"PERF97645451","2014-06-19","Mangalya","Nambeesan","Ganaka","F","1935-10-28","Chennai","618947","Chennai","Mizoram"
"PERF34425452","2022-02-21","Prasad","Bhattathiri","Adiga","F","2019-02-18","Hyderabad","423172","Hyderabad","Tripura"
"PERF85355453","2017-06-24","Gandharva","Varma","Shukla","M","1970-05-24","Visakhapatnam","332162","Visakhapatnam","Jharkhand"
"PERF69375454","2016-06-19","Daiwik","Adiga","Chattopadhyay","M","1991-01-28","Bengaluru","258740","Bengaluru","Andaman and Nicobar Islands"
"PERF16485455","2024-05-20","Ghanaanand","Chaturvedi","Kapoor","M","2002-01-14","Thiruvananthapuram","888097","Thiruvananthapuram","Nagaland"
"PERF78035456","2014-09-14","Ranjeet","Adiga","Arora","F","1982-08-30","Chennai","386999","Chennai","Jharkhand"
"PERF16345457","2018-03-06","Prathamesh","Saini","Varrier","M","1996-05-17","Chennai","981286","Chennai","Tamil Nadu"
"PERF67965458","2019-05-03","Saroja","Ahluwalia","Mehra","M","2006-06-14","Bengaluru","198616","Bengaluru","Jammu and Kashmir"
"PERF44185459","2020-02-03","Shobhana","Adiga","Varma","M","1945-06-06","Kolkata","350196","Kolkata","Dadar and Nagar Haveli"
"PERF29285460","2019-07-11","Aagney","Reddy","Iyer","F","1953-04-23","Visakhapatnam","338613","Visakhapatnam","Delhi"
"PERF71685461","2020-04-10","Chakradhar","Nayar","Ahuja","F","2019-02-27","Thiruvananthapuram","060143","Thiruvananthapuram","Delhi"
"PERF63935462","2024-06-06","Anaadi","Achari","Gandhi","M","1958-07-06","New Delhi","734937","New Delhi","Manipur"
"PERF88445463","2024-05-01","Amish","Khatri","Kaul","F","1988-02-15","Kolkata","207641","Kolkata","Jammu and Kashmir"
"PERF30575464","2024-01-07","Anilaabh","Nayar","Shukla","F","1953-12-24","Mumbai","423084","Mumbai","Manipur"
"PERF44755465","2021-07-27","Aashritha","Tandon","Panicker","M","1939-01-24","Kolkata","619304","Kolkata","Maharashtra"
"PERF51365466","2018-09-15","Anagh","Jain","Jain","M","1996-12-25","Visakhapatnam","902720","Visakhapatnam","Uttar Pradesh"
"PERF56975467","2016-04-28","Anang","Acharya","Bhattathiri","M","1934-05-26","New Delhi","803454","New Delhi","Karnataka"
"PERF70735468","2015-01-31","Lalita","Pillai","Sharma","M","1965-07-07","Hyderabad","630025","Hyderabad","Chhattisgarh"
"PERF18255469","2022-07-27","Sudeva","Kaur","Ahluwalia","F","2009-02-22","Chennai","389741","Chennai","Uttar Pradesh"
"PERF99905470","2019-10-24","Marut","Butt","Gill","M","2009-02-06","Visakhapatnam","366431","Visakhapatnam","Uttar Pradesh"
"PERF76075471","2016-08-22","Akshayakeerti","Verma","Butt","M","1984-11-13","Bengaluru","190541","Bengaluru","Dadar and Nagar Haveli"
"PERF13315472","2014-12-04","Bala","Saini","Malik","M","1986-05-11","Mumbai","338055","Mumbai","Chhattisgarh"
"PERF91355473","2017-04-22","Kanak","Mahajan","Kakkar","F","1946-02-14","Chennai","963288","Chennai","Sikkim"
"PERF58875474","2022-10-09","Bhagwanti","Asan","Devar","M","1944-11-13","New Delhi","740324","New Delhi","Goa"
"PERF67595475","2018-01-16","Bhargava","Panicker","Bharadwaj","M","1948-07-09","Kolkata","382955","Kolkata","Chandigarh"
"PERF45895476","2016-08-03","Vidhur","Chopra","Bhattacharya","F","2017-12-20","Mumbai","644164","Mumbai","Goa"
"PERF23915477","2020-11-24","Aaditya","Bharadwaj","Bhat","M","1981-04-30","Chennai","949634","Chennai","Jharkhand"
"PERF76825478","2024-02-04","Triloki Nath","Talwar","Mehrotra","M","2005-09-19","New Delhi","024740","New Delhi","West Bengal"
"PERF78975479","2014-04-25","Brajendra","Shukla","Adiga","M","1994-07-20","Thiruvananthapuram","831214","Thiruvananthapuram","Maharashtra"
"PERF64255480","2023-06-23","Lila","Desai","Iyer","F","1991-04-14","Visakhapatnam","825733","Visakhapatnam","Karnataka"
"PERF74035481","2019-12-18","Aslesha","Kapoor","Trivedi","M","1976-08-02","Hyderabad","676744","Hyderabad","Sikkim"
"PERF44255482","2018-05-08","Advaya","Pillai","Saini","F","1985-09-23","Bengaluru","198566","Bengaluru","Goa"
"PERF73375483","2024-01-13","Chandraprabha","Ahluwalia","Ahuja","F","1990-06-18","Thiruvananthapuram","517156","Thiruvananthapuram","Mizoram"
"PERF93755484","2019-12-09","Gajaadhar","Kakkar","Bhattacharya","F","1991-02-21","New Delhi","547849","New Delhi","Karnataka"
"PERF85445485","2023-08-01","Rohan","Naik","Sinha","F","1945-12-16","Chennai","574400","Chennai","Andhra Pradesh"
"PERF83355486","2014-07-05","Shwet","Nayar","Ahluwalia","M","1931-05-29","Thiruvananthapuram","749030","Thiruvananthapuram","Pondicherry"
"PERF80535487","2021-06-24","Chaturbhuj","Mukhopadhyay","Agarwal","F","1938-01-26","Chennai","310211","Chennai","Karnataka"
"PERF60775488","2017-08-29","Dhanesh","Mehrotra","Nambeesan","M","1986-05-20","Hyderabad","604352","Hyderabad","Andaman and Nicobar Islands"
"PERF55175489","2023-12-09","Niranjan","Reddy","Khan","F","1937-10-20","Thiruvananthapuram","236270","Thiruvananthapuram","Gujarat"
"PERF57935490","2020-03-04","Abhirath","Malik","Iyengar","F","1968-12-26","Kolkata","790241","Kolkata","Karnataka"
"PERF72135491","2020-02-17","Bhavani","Prajapat","Bhattathiri","M","1945-05-17","New Delhi","502770","New Delhi","Andhra Pradesh"
"PERF65125492","2016-06-12","Deepesh","Shah","Mukhopadhyay","M","1986-04-30","Visakhapatnam","142935","Visakhapatnam","Uttaranchal"
"PERF89865493","2014-05-07","Kirti","Mukhopadhyay","Mishra","F","2016-05-22","Hyderabad","930394","Hyderabad","Meghalaya"
"PERF92945494","2021-03-08","Vedang","Saini","Ganaka","F","1953-05-21","Hyderabad","919402","Hyderabad","Uttar Pradesh"
"PERF68675495","2023-12-23","Dhanesh","Verma","Arora","M","2016-11-01","Chennai","351962","Chennai","Mizoram"
"PERF38175496","2022-03-01","Pushti","Sinha","Talwar","M","1989-02-14","Bengaluru","348087","Bengaluru","Uttar Pradesh"
"PERF51855497","2018-10-09","Abani","Chopra","Abbott","M","1972-02-24","Thiruvananthapuram","565506","Thiruvananthapuram","Karnataka"
"PERF64885498","2021-10-30","Jitendra","Khatri","Patel","F","1939-06-01","Mumbai","959070","Mumbai","Bihar"
"PERF17375499","2017-01-27","Devajyoti","Kakkar","Kaur","M","1996-02-18","Visakhapatnam","880220","Visakhapatnam","Daman and Diu"
"PERF77215500","2018-12-05","Atreyi","Iyer","Banerjee","M","1946-09-06","Visakhapatnam","774601","Visakhapatnam","Arunachal Pradesh"
"PERF36655501","2023-05-23","Elakshi","Patil","Tagore","M","1972-07-04","New Delhi","872305","New Delhi","Himachal Pradesh"
"PERF62905502","2020-06-05","Ramesh","Tagore","Dubashi","F","2003-05-22","Hyderabad","561751","Hyderabad","Karnataka"
"PERF26305503","2021-05-24","Gauranga","Acharya","Nambeesan","M","1957-04-24","Thiruvananthapuram","507488","Thiruvananthapuram","Uttaranchal"
"PERF1985504","2017-09-04","Adikavi","Dutta","Ahuja","F","2007-03-29","Chennai","463147","Chennai","Dadar and Nagar Haveli"
"PERF62955505","2019-12-25","Trilok","Kakkar","Johar","M","1998-02-23","New Delhi","854655","New Delhi","Chandigarh"
"PERF92165506","2023-10-05","Ojaswini","Trivedi","Nair","M","2005-06-29","Visakhapatnam","649808","Visakhapatnam","Gujarat"
"PERF16025507","2017-02-04","Sachin","Abbott","Khanna","F","2019-08-21","Chennai","774150","Chennai","Madya Pradesh"
"PERF66125508","2022-09-27","Chitramala","Gupta","Tagore","F","1944-01-17","New Delhi","409659","New Delhi","Kerala"
"PERF85635509","2023-06-02","Anjali","Nehru","Mukhopadhyay","M","1997-02-09","Thiruvananthapuram","200049","Thiruvananthapuram","Mizoram"
"PERF74025510","2017-05-03","Shakuntala","Saini","Gupta","F","2019-12-03","Chennai","305975","Chennai","Bihar"
"PERF15745511","2015-04-10","Chakor","Deshpande","Kaniyar","F","1992-09-13","Kolkata","783722","Kolkata","Uttaranchal"
"PERF10855512","2024-01-12","Sanjay","Ahuja","Sethi","M","1946-01-15","Chennai","172871","Chennai","Chandigarh"
"PERF22825513","2018-08-10","Upendra","Mehra","Kakkar","F","1966-07-23","New Delhi","316172","New Delhi","Tamil Nadu"
"PERF48095514","2018-08-29","Girija","Patel","Chaturvedi","M","1999-06-09","Hyderabad","243534","Hyderabad","Arunachal Pradesh"
"PERF67335515","2017-04-18","Bankimchandra","Mishra","Namboothiri","M","1994-02-02","Bengaluru","395292","Bengaluru","Orissa"
"PERF79315516","2024-02-18","Aasa","Acharya","Prajapat","F","2022-02-04","Thiruvananthapuram","575871","Thiruvananthapuram","Chandigarh"
"PERF82875517","2021-09-23","Kirti","Chopra","Sharma","M","1936-12-15","Mumbai","053501","Mumbai","Tamil Nadu"
"PERF18335518","2022-03-22","Sanka","Nambeesan","Iyengar","M","1942-11-20","Hyderabad","225029","Hyderabad","Tripura"
"PERF45025519","2023-10-01","Amrit","Joshi","Ganaka","M","2020-12-24","New Delhi","780995","New Delhi","Karnataka"
"PERF88895520","2023-03-25","Gopaal","Chaturvedi","Gupta","M","1989-07-23","Mumbai","735664","Mumbai","Tripura"
"PERF10335521","2014-02-15","Brahma","Kaul","Pillai","M","2006-04-23","Visakhapatnam","737554","Visakhapatnam","Uttar Pradesh"
"PERF34305522","2018-12-05","Darshwana","Kapoor","Pilla","M","1982-09-04","Chennai","881929","Chennai","Andhra Pradesh"
"PERF37285523","2014-08-26","Sarisha","Sethi","Verma","F","1939-07-07","Mumbai","651387","Mumbai","Jharkhand"
"PERF71745524","2019-03-25","Vaishnavi","Mahajan","Kaul","M","2008-08-18","Bengaluru","626531","Bengaluru","Bihar"
"PERF32645525","2020-01-06","Uttam","Patel","Khatri","F","1943-09-13","Visakhapatnam","239906","Visakhapatnam","Uttaranchal"
"PERF60645526","2022-07-08","Bhasvan","Abbott","Prajapat","M","1992-02-15","Mumbai","290126","Mumbai","Punjab"
"PERF95015527","2021-05-03","Bhooshit","Tandon","Mehra","M","1943-10-22","Hyderabad","646085","Hyderabad","Mizoram"
"PERF7075528","2022-07-31","Girik","Menon","Khan","M","1966-07-22","Hyderabad","391324","Hyderabad","Haryana"
"PERF51855529","2020-06-28","Deeptimoy","Abbott","Achari","F","1938-10-26","Bengaluru","409317","Bengaluru","Sikkim"
"PERF28405530","2021-11-05","Chidambar","Ahuja","Talwar","M","1954-11-08","Mumbai","193954","Mumbai","Andhra Pradesh"
"PERF41935531","2017-05-15","Anand Swarup","Kakkar","Deshpande","F","1989-08-28","Bengaluru","029434","Bengaluru","Kerala"
"PERF68645532","2014-08-18","Bhaves","Tagore","Bhattacharya","M","1971-09-16","Mumbai","853142","Mumbai","Pondicherry"
"PERF33505533","2016-05-03","Pranay","Acharya","Kakkar","M","1971-04-13","New Delhi","475802","New Delhi","Gujarat"
"PERF37455534","2020-12-27","Aaryan","Singh","Singh","M","1983-07-03","Visakhapatnam","370782","Visakhapatnam","West Bengal"
"PERF48815535","2023-03-12","Aatmaj","Sethi","Johar","M","1989-07-03","Visakhapatnam","419893","Visakhapatnam","Rajasthan"
"PERF82595536","2019-10-15","Devajyoti","Embranthiri","Trivedi","M","1958-07-24","Kolkata","037683","Kolkata","Chhattisgarh"
"PERF44955537","2017-02-18","Dayaamay","Kaul","Panicker","F","1949-09-15","Bengaluru","500471","Bengaluru","Goa"
"PERF91855538","2020-06-13","Bala","Dhawan","Tandon","M","2012-10-04","Kolkata","005454","Kolkata","Chandigarh"
"PERF59245539","2021-09-03","Chidananda","Guneta","Nehru","M","1963-05-19","Visakhapatnam","981540","Visakhapatnam","Mizoram"
"PERF94265540","2019-04-30","Bela","Dutta","Gandhi","M","1999-06-14","Hyderabad","949445","Hyderabad","Lakshadweep"
"PERF25415541","2018-11-04","Soma","Naik","Kakkar","M","1990-09-18","Visakhapatnam","269053","Visakhapatnam","Bihar"
"PERF56145542","2017-01-13","Agrata","Dhawan","Verma","M","1997-02-21","Chennai","189753","Chennai","Bihar"
"PERF85185543","2015-10-04","Deepankar","Agarwal","Shukla","M","1999-11-24","Thiruvananthapuram","851059","Thiruvananthapuram","Chhattisgarh"
"PERF55405544","2020-09-10","Atmananda","Reddy","Kaul","M","1957-02-04","New Delhi","155446","New Delhi","Punjab"
"PERF97625545","2021-10-13","Chakravarti","Dwivedi","Namboothiri","M","1976-04-25","Mumbai","675268","Mumbai","Madya Pradesh"
"PERF75855546","2018-06-18","Anila","Gowda","Johar","F","2002-02-02","Hyderabad","692517","Hyderabad","Andhra Pradesh"
"PERF43525547","2020-12-14","Jyotis","Bhat","Khanna","M","1941-07-03","Kolkata","795403","Kolkata","Meghalaya"
"PERF81815548","2016-10-11","Akshainie","Adiga","Dutta","M","1948-11-17","New Delhi","684556","New Delhi","Jammu and Kashmir"
"PERF4505549","2016-01-19","Meghnad","Khan","Patel","F","1939-08-31","Chennai","926405","Chennai","Kerala"
"PERF84235550","2017-07-23","Bilva","Kaul","Pandey","M","1976-03-14","Bengaluru","709348","Bengaluru","Pondicherry"
"PERF50105551","2016-05-22","Kamla","Reddy","Chattopadhyay","F","2012-04-21","Thiruvananthapuram","213483","Thiruvananthapuram","Meghalaya"
"PERF61605552","2020-07-11","Parvati","Kaul","Khan","M","2015-11-12","Visakhapatnam","851343","Visakhapatnam","Jammu and Kashmir"
"PERF37185553","2016-07-12","Raj","Mehrotra","Dhawan","F","1952-09-12","Thiruvananthapuram","017733","Thiruvananthapuram","Bihar"
"PERF68445554","2024-01-31","Akshata","Adiga","Prajapat","M","1947-11-21","Bengaluru","244768","Bengaluru","Tripura"
"PERF98985555","2014-04-27","Manikya","Rana","Guneta","F","2002-06-21","Mumbai","441176","Mumbai","Pondicherry"
"PERF22595556","2018-03-11","Bhagirathi","Chattopadhyay","Chopra","F","2005-04-08","Mumbai","964475","Mumbai","Haryana"
"PERF42445557","2015-11-30","Chandramohan","Acharya","Embranthiri","M","2008-07-23","Bengaluru","744103","Bengaluru","Arunachal Pradesh"
"PERF27665558","2023-07-11","Agniprava","Chaturvedi","Tagore","M","1944-09-13","Kolkata","937471","Kolkata","Pondicherry"
"PERF30835559","2019-10-05","Ayushmati","Nambeesan","Banerjee","M","2007-02-10","New Delhi","870031","New Delhi","Bihar"
"PERF83825560","2015-07-04","Durgeshwari","Kakkar","Chattopadhyay","M","1959-09-20","Hyderabad","129149","Hyderabad","Maharashtra"
"PERF54975561","2018-12-02","Lakshmi","Bharadwaj","Pandey","M","1981-07-19","Bengaluru","712369","Bengaluru","Tamil Nadu"
"PERF56175562","2014-04-05","Shakuntala","Mishra","Devar","M","2012-07-13","Hyderabad","852625","Hyderabad","Maharashtra"
"PERF67115563","2017-03-10","Baala","Varman","Nayar","F","2002-10-12","New Delhi","564596","New Delhi","Bihar"
"PERF39095564","2018-08-10","Shashi","Patel","Shah","F","1965-11-27","Bengaluru","458219","Bengaluru","Gujarat"
"PERF49765565","2015-12-19","Ambar","Shukla","Ganaka","F","1966-11-22","Thiruvananthapuram","940745","Thiruvananthapuram","Goa"
"PERF5975566","2020-09-01","Gobinda","Menon","Jain","F","2021-07-03","New Delhi","434676","New Delhi","Andhra Pradesh"
"PERF56705567","2017-09-27","Ritesh","Chopra","Jain","M","1963-02-07","Chennai","125586","Chennai","Maharashtra"
"PERF87155568","2024-04-20","Advaya","Sethi","Rana","F","1968-11-09","Chennai","425181","Chennai","Lakshadweep"
"PERF68575569","2016-05-12","Chaturbhuj","Ahluwalia","Bhattacharya","F","1954-10-21","Chennai","616573","Chennai","Dadar and Nagar Haveli"
"PERF16025570","2021-05-16","Aanandinii","Jha","Saini","M","1975-12-02","Thiruvananthapuram","909019","Thiruvananthapuram","Lakshadweep"
"PERF76945571","2024-04-06","Dinesh","Chaturvedi","Panicker","M","2003-02-02","Visakhapatnam","306230","Visakhapatnam","Chhattisgarh"
"PERF4375572","2019-01-12","Chandran","Acharya","Guha","M","1972-04-26","Mumbai","437960","Mumbai","Jharkhand"
"PERF8995573","2020-04-05","Yogendra","Ganaka","Saini","F","1964-09-28","Chennai","422502","Chennai","Meghalaya"
"PERF61745574","2014-06-01","Chandrakin","Bhattacharya","Mehra","F","1952-02-08","Hyderabad","143767","Hyderabad","Arunachal Pradesh"
"PERF5855575","2016-10-21","Marut","Nayar","Varman","M","1935-09-03","Bengaluru","164015","Bengaluru","Manipur"
"PERF65575576","2024-02-20","Chandramohan","Shah","Gandhi","M","1940-06-30","New Delhi","494088","New Delhi","Kerala"
"PERF50595577","2016-11-06","Kanaka","Prajapat","Deshpande","M","2022-01-07","New Delhi","368039","New Delhi","Karnataka"
"PERF29145578","2019-10-23","Manikya","Mukhopadhyay","Kaniyar","F","2022-12-15","Bengaluru","374552","Bengaluru","Nagaland"
"PERF20185579","2018-05-15","Bhamini","Guneta","Acharya","F","1985-03-20","Chennai","708530","Chennai","Madya Pradesh"
"PERF93095580","2017-06-08","Rajinder","Singh","Gupta","F","2015-08-06","Bengaluru","056057","Bengaluru","Dadar and Nagar Haveli"
"PERF18835581","2016-01-10","Deb","Achari","Dhawan","M","1945-05-28","Mumbai","103622","Mumbai","Dadar and Nagar Haveli"
"PERF37375582","2014-06-08","Chidananda","Panicker","Chaturvedi","F","1936-05-12","Chennai","778111","Chennai","Uttar Pradesh"
"PERF58975583","2020-12-21","Achyut","Bhattathiri","Reddy","M","2006-11-22","New Delhi","402641","New Delhi","Goa"
"PERF1605584","2018-03-03","Girindra","Shah","Agarwal","M","2013-01-06","Thiruvananthapuram","685259","Thiruvananthapuram","Nagaland"
"PERF24205585","2022-10-28","Naveen","Bandopadhyay","Pandey","M","2002-12-29","New Delhi","193807","New Delhi","Daman and Diu"
"PERF5455586","2015-08-11","Harinarayan","Ahuja","Ahluwalia","F","1931-04-19","Kolkata","651028","Kolkata","Tamil Nadu"
"PERF83635587","2021-02-11","Atmananda","Khatri","Prajapat","M","1938-03-03","Thiruvananthapuram","065957","Thiruvananthapuram","Lakshadweep"
"PERF41175588","2022-09-07","Suma","Bandopadhyay","Rana","M","1991-01-11","Thiruvananthapuram","429781","Thiruvananthapuram","Uttaranchal"
"PERF93345589","2020-12-30","Balagovind","Dhawan","Pandey","M","2002-10-18","Visakhapatnam","223113","Visakhapatnam","Andaman and Nicobar Islands"
"PERF65365590","2020-12-26","Nirbhay","Nath","Desai","M","1953-09-29","Mumbai","443531","Mumbai","Daman and Diu"
"PERF16435591","2018-05-24","Mukesh","Tagore","Embranthiri","F","1972-04-03","Thiruvananthapuram","585544","Thiruvananthapuram","Sikkim"
"PERF68935592","2016-01-29","Sharmila","Sethi","Kaur","M","1930-06-06","Mumbai","157384","Mumbai","Uttaranchal"
"PERF17075593","2018-05-24","Chiranjeeve","Mehra","Iyer","M","1976-05-26","Kolkata","217143","Kolkata","Kerala"
"PERF18575594","2014-08-27","Subhash","Banerjee","Bharadwaj","F","2012-12-19","Bengaluru","375851","Bengaluru","Maharashtra"
"PERF90535595","2018-03-10","Sameer","Gill","Asan","M","1934-02-08","Visakhapatnam","838759","Visakhapatnam","Karnataka"
"PERF16565596","2018-05-03","Sharda","Banerjee","Iyer","F","1943-01-28","New Delhi","534140","New Delhi","Delhi"
"PERF37925597","2019-06-22","Manisha","Iyengar","Mehra","M","1944-03-11","New Delhi","865413","New Delhi","Jammu and Kashmir"
"PERF70545598","2016-12-07","Chidambaram","Patil","Nayar","M","1971-12-20","Kolkata","566983","Kolkata","Tamil Nadu"
"PERF1665599","2018-10-28","Shwet","Ahluwalia","Singh","F","1957-04-09","Visakhapatnam","793312","Visakhapatnam","Manipur"
"PERF2685600","2021-11-22","Mahesh","Ahluwalia","Chopra","M","1970-06-07","Chennai","171626","Chennai","Pondicherry"
"PERF94605601","2019-11-28","Abhaya","Saini","Jha","M","1983-09-30","Thiruvananthapuram","980638","Thiruvananthapuram","Andhra Pradesh"
"PERF32365602","2023-06-06","Gita","Mehra","Kaniyar","M","1977-01-22","Kolkata","924620","Kolkata","Himachal Pradesh"
"PERF29905603","2016-06-29","Siddarth","Prajapat","Butt","F","1988-08-02","Mumbai","111986","Mumbai","West Bengal"
"PERF24475604","2015-03-10","Anagh","Bandopadhyay","Pilla","F","1948-06-01","Bengaluru","852638","Bengaluru","Chhattisgarh"
"PERF83275605","2023-04-25","Gajbaahu","Marar","Bandopadhyay","F","1999-11-05","Hyderabad","521638","Hyderabad","Tamil Nadu"
"PERF29705606","2024-02-10","Laal","Tagore","Menon","F","1946-03-29","Mumbai","902695","Mumbai","Nagaland"
"PERF40635607","2016-08-30","Kumar","Sharma","Iyer","F","1955-11-14","Hyderabad","879089","Hyderabad","Lakshadweep"
"PERF29045608","2020-06-21","Gopi","Guneta","Bhat","F","2020-10-04","Visakhapatnam","074387","Visakhapatnam","Sikkim"
"PERF91975609","2015-06-24","Digambara","Guneta","Gupta","M","1977-09-17","Thiruvananthapuram","315289","Thiruvananthapuram","Himachal Pradesh"
"PERF17865610","2015-03-01","Bhooshit","Butt","Shah","F","1968-11-14","Mumbai","123121","Mumbai","Madya Pradesh"
"PERF52045611","2018-12-27","Anjali","Namboothiri","Nair","F","1968-12-11","Mumbai","067298","Mumbai","Orissa"
"PERF67875612","2020-02-27","Deeptimoyee","Iyengar","Mishra","F","2010-05-29","Kolkata","342738","Kolkata","Pondicherry"
"PERF44255613","2018-05-13","Chandak","Varman","Agarwal","M","1931-06-11","Mumbai","699731","Mumbai","Nagaland"
"PERF77275614","2016-03-06","Mani","Singh","Mahajan","M","1995-07-27","Chennai","590714","Chennai","Haryana"
"PERF11475615","2020-11-13","Anusuya","Pillai","Sharma","F","1981-02-10","Hyderabad","075162","Hyderabad","Kerala"
"PERF4915616","2019-04-02","Anshula","Ahuja","Banerjee","F","1935-06-30","New Delhi","576751","New Delhi","Assam"
"PERF44995617","2015-02-22","Goutam","Kapoor","Sethi","M","2021-01-04","Mumbai","687638","Mumbai","Himachal Pradesh"
"PERF41505618","2019-04-09","Anila","Ahluwalia","Naik","M","1943-06-18","Visakhapatnam","191991","Visakhapatnam","Chandigarh"
"PERF81315619","2023-10-13","Vimala","Naik","Agarwal","F","1985-05-04","Chennai","338690","Chennai","Nagaland"
"PERF30705620","2018-10-29","Amaresh","Bharadwaj","Verma","M","1932-04-13","Mumbai","192832","Mumbai","Manipur"
"PERF67885621","2022-12-09","Manik","Achari","Pothuvaal","M","1958-09-16","New Delhi","235583","New Delhi","Assam"
"PERF75835622","2019-05-11","Budhil","Gowda","Pothuvaal","F","1998-07-25","Bengaluru","449101","Bengaluru","Rajasthan"
"PERF35835623","2020-01-02","Jyotis","Chattopadhyay","Mukhopadhyay","M","1998-07-18","Mumbai","206769","Mumbai","Daman and Diu"
"PERF7335624","2020-10-16","Yogesh","Guha","Khan","M","1995-09-10","Kolkata","083431","Kolkata","Uttar Pradesh"
"PERF50615625","2020-03-06","Chandrani","Kocchar","Dwivedi","M","1976-06-20","Thiruvananthapuram","297412","Thiruvananthapuram","Pondicherry"
"PERF87295626","2014-12-09","Manik","Desai","Khanna","F","1991-12-06","Kolkata","657968","Kolkata","Chandigarh"
"PERF63065627","2020-07-26","Tanya","Bandopadhyay","Sinha","M","2005-08-27","Hyderabad","174461","Hyderabad","Daman and Diu"
"PERF79295628","2021-02-22","Kanishka","Mahajan","Chaturvedi","M","1983-11-12","Visakhapatnam","952264","Visakhapatnam","Manipur"
"PERF80205629","2019-02-07","Chandrabhaga","Ahuja","Varma","M","1999-10-23","Kolkata","223558","Kolkata","Pondicherry"
"PERF13705630","2021-12-05","Annapurna","Reddy","Menon","M","1998-01-29","Kolkata","827017","Kolkata","Chandigarh"
"PERF36185631","2015-02-27","Gudakesha","Nambeesan","Chaturvedi","F","2011-01-23","Kolkata","340693","Kolkata","Madya Pradesh"
"PERF3925632","2017-04-02","Anjaneya","Kakkar","Gandhi","M","2004-08-26","Thiruvananthapuram","057905","Thiruvananthapuram","Tamil Nadu"
"PERF92965633","2022-09-29","Anila","Mahajan","Guneta","F","2019-01-31","Thiruvananthapuram","387326","Thiruvananthapuram","Maharashtra"
"PERF86455634","2016-07-05","Divaakar","Mehra","Patel","F","1982-07-19","Chennai","778157","Chennai","Madya Pradesh"
"PERF57185635","2022-02-09","Amritambu","Nehru","Reddy","M","1989-07-19","New Delhi","675604","New Delhi","Maharashtra"
"PERF11195636","2020-05-09","Gatik","Singh","Chattopadhyay","F","2023-07-07","Bengaluru","586969","Bengaluru","Lakshadweep"
"PERF26485637","2017-12-24","Chiranjeev","Achari","Nayar","M","2000-03-03","New Delhi","651824","New Delhi","Madya Pradesh"
"PERF91385638","2016-04-16","Kalpana","Abbott","Somayaji","F","1980-05-05","Mumbai","622618","Mumbai","Orissa"
"PERF27445639","2022-10-15","Hiranmaya","Dutta","Abbott","M","1997-10-15","Mumbai","756775","Mumbai","Tamil Nadu"
"PERF62145640","2020-07-10","Bodhan","Malik","Shukla","F","1967-04-10","Hyderabad","772103","Hyderabad","Nagaland"
"PERF9765641","2023-05-07","Dinesh","Asan","Prajapat","F","1955-02-22","Thiruvananthapuram","755410","Thiruvananthapuram","West Bengal"
"PERF41075642","2015-02-03","Meena","Mishra","Nayar","F","1988-09-12","Visakhapatnam","844098","Visakhapatnam","Chhattisgarh"
"PERF40525643","2014-07-27","Rameshwar","Acharya","Sharma","F","1953-05-17","Thiruvananthapuram","978179","Thiruvananthapuram","Andaman and Nicobar Islands"
"PERF12235644","2021-06-29","Smriti","Pandey","Bhattathiri","F","1983-09-08","Hyderabad","247623","Hyderabad","Jammu and Kashmir"
"PERF58365645","2022-02-21","Sanka","Malik","Varrier","M","1991-01-25","Mumbai","185134","Mumbai","Himachal Pradesh"
"PERF52585646","2015-02-28","Bhushan","Achari","Marar","M","2021-05-24","Mumbai","186906","Mumbai","Pondicherry"
"PERF94965647","2022-12-01","Oormila","Nambeesan","Ganaka","M","1931-11-27","Hyderabad","887798","Hyderabad","Mizoram"
"PERF955648","2017-01-05","Chandira","Bhattacharya","Mahajan","F","2016-12-01","Mumbai","206559","Mumbai","Pondicherry"
"PERF82925649","2024-01-07","Jaimini","Asan","Kapoor","F","1999-07-25","Chennai","080740","Chennai","Assam"
"PERF99485650","2019-03-12","Gayatri","Ganaka","Mahajan","F","1984-01-25","Thiruvananthapuram","290042","Thiruvananthapuram","Punjab"
"PERF78585651","2021-09-08","Goswami","Desai","Saini","F","1942-01-10","Kolkata","594703","Kolkata","Arunachal Pradesh"
"PERF31655652","2023-08-09","Meena","Panicker","Chaturvedi","F","1955-08-11","Mumbai","900348","Mumbai","Uttar Pradesh"
"PERF43035653","2016-01-01","Gemine","Sinha","Patel","F","1983-11-07","Thiruvananthapuram","721709","Thiruvananthapuram","Madya Pradesh"
"PERF75055654","2017-03-19","Akroor","Sharma","Singh","M","1939-08-13","Kolkata","662636","Kolkata","Lakshadweep"
"PERF65505655","2016-07-29","Atmanand","Khatri","Achari","M","1957-02-25","Mumbai","034833","Mumbai","Madya Pradesh"
"PERF52955656","2020-03-18","Kanaka","Pothuvaal","Asan","M","2014-09-04","New Delhi","276498","New Delhi","Bihar"
"PERF17855657","2019-12-19","Preity","Abbott","Bandopadhyay","M","1983-12-04","Bengaluru","153625","Bengaluru","Himachal Pradesh"
"PERF70665658","2015-09-19","Dakshayani","Banerjee","Kapoor","F","1962-02-28","Bengaluru","530039","Bengaluru","Andhra Pradesh"
"PERF71265659","2021-12-22","Aagam","Bhattathiri","Abbott","M","1937-09-14","Visakhapatnam","387640","Visakhapatnam","Goa"
"PERF54175660","2019-06-03","Apsara","Bhattacharya","Jain","M","1971-04-04","Hyderabad","045741","Hyderabad","Pondicherry"
"PERF24145661","2023-03-12","Vishnu","Panicker","Chaturvedi","F","1979-09-20","Mumbai","441655","Mumbai","Rajasthan"
"PERF58985662","2016-07-21","Dipali","Guneta","Bandopadhyay","F","1992-01-15","Kolkata","447335","Kolkata","Bihar"
"PERF48415663","2020-05-22","Vrinda","Devar","Namboothiri","M","1970-06-16","Kolkata","845135","Kolkata","Jharkhand"
"PERF76145664","2017-12-01","Meenakshi","Chattopadhyay","Embranthiri","M","2014-10-31","Mumbai","141612","Mumbai","Andaman and Nicobar Islands"
"PERF12455665","2014-07-18","Devesh","Banerjee","Khatri","M","1991-11-20","Chennai","156019","Chennai","Nagaland"
"PERF5035666","2016-10-01","Rahul","Bhat","Joshi","M","1985-03-13","Thiruvananthapuram","958841","Thiruvananthapuram","Tamil Nadu"
"PERF35095667","2024-03-02","Ganak","Varman","Arora","F","2000-12-23","Kolkata","697062","Kolkata","Rajasthan"
"PERF61965668","2014-10-05","Param","Embranthiri","Varma","M","1969-09-04","Mumbai","702602","Mumbai","Tamil Nadu"
"PERF88705669","2022-11-10","Som","Kaul","Verma","M","2012-04-01","Mumbai","054156","Mumbai","Pondicherry"
"PERF90795670","2017-04-29","Prem","Kaur","Mahajan","F","2020-06-11","Mumbai","448501","Mumbai","Uttar Pradesh"
"PERF63735671","2020-12-04","Bheeshma","Dwivedi","Bhattathiri","M","1941-05-16","Bengaluru","940457","Bengaluru","Punjab"
"PERF65335672","2020-05-14","Dhanpati","Bhattathiri","Pandey","M","1963-12-03","Bengaluru","922580","Bengaluru","Daman and Diu"
"PERF63325673","2017-06-07","Parvati","Singh","Devar","M","1953-12-04","Mumbai","789221","Mumbai","Jharkhand"
"PERF22755674","2016-10-31","Divya","Tandon","Nayar","F","2002-01-24","Chennai","952528","Chennai","Arunachal Pradesh"
"PERF53165675","2022-11-17","Shivakari","Devar","Ahluwalia","M","1938-11-06","New Delhi","720885","New Delhi","Chhattisgarh"
"PERF46025676","2016-05-02","Mandakini","Mishra","Deshpande","M","2004-02-13","New Delhi","990912","New Delhi","Punjab"
"PERF51575677","2018-11-30","Sarala","Jha","Patel","M","2008-02-21","Chennai","697879","Chennai","Andhra Pradesh"
"PERF22005678","2022-07-19","Vidhur","Bhattacharya","Rana","F","1954-10-03","New Delhi","801163","New Delhi","Kerala"
"PERF52645679","2017-01-10","Dhana","Achari","Johar","F","1992-12-12","Bengaluru","846239","Bengaluru","Orissa"
"PERF93585680","2023-07-25","Rohan","Marar","Patel","M","1991-06-28","Chennai","950835","Chennai","Maharashtra"
"PERF47265681","2020-07-26","Brijesh","Verma","Chaturvedi","F","1959-06-04","Kolkata","503307","Kolkata","Punjab"
"PERF60985682","2014-11-15","Bhavani","Iyer","Agarwal","F","2008-11-03","Thiruvananthapuram","316178","Thiruvananthapuram","Punjab"
"PERF90975683","2021-01-11","Dayaamay","Arora","Embranthiri","F","1956-08-15","Visakhapatnam","594686","Visakhapatnam","Madya Pradesh"
"PERF96665684","2019-03-02","Gajadhar","Adiga","Pilla","F","1953-02-25","New Delhi","261683","New Delhi","Madya Pradesh"
"PERF40565685","2020-01-23","Bandhu","Marar","Adiga","M","1972-02-16","Bengaluru","666853","Bengaluru","Jammu and Kashmir"
"PERF48795686","2016-02-03","Ramaa","Embranthiri","Varman","M","1966-05-28","Mumbai","429883","Mumbai","Rajasthan"
"PERF22885687","2023-12-05","Dwaipayan","Varma","Nair","M","2013-04-04","Mumbai","577164","Mumbai","Arunachal Pradesh"
"PERF23395688","2016-09-02","Chetan","Embranthiri","Pothuvaal","M","1991-04-06","Mumbai","117476","Mumbai","Daman and Diu"
"PERF23585689","2019-10-17","Bishnu","Bhat","Prajapat","F","1959-04-13","Mumbai","773384","Mumbai","Delhi"
"PERF58115690","2016-05-02","Kamala","Bandopadhyay","Agarwal","M","1991-04-30","Thiruvananthapuram","579664","Thiruvananthapuram","Haryana"
"PERF38335691","2014-03-17","Aaratrika","Kaniyar","Guha","M","1995-01-08","Mumbai","957789","Mumbai","Chandigarh"
"PERF41825692","2022-06-19","Bhudev","Chopra","Nayar","F","1945-10-16","Bengaluru","475642","Bengaluru","Haryana"
"PERF91975693","2022-12-09","Manikya","Sinha","Acharya","F","1935-07-08","Thiruvananthapuram","146510","Thiruvananthapuram","Madya Pradesh"
"PERF31035694","2023-08-20","Tanushri","Pillai","Johar","F","1977-04-17","Thiruvananthapuram","673025","Thiruvananthapuram","Punjab"
"PERF79145695","2023-04-13","Mukul","Johar","Kocchar","F","1983-10-12","Chennai","654307","Chennai","Delhi"
"PERF83665696","2018-05-03","Deepan","Kakkar","Dubashi","F","2013-08-01","Thiruvananthapuram","745053","Thiruvananthapuram","Andhra Pradesh"
"PERF14995697","2016-07-21","Vrinda","Arora","Iyengar","M","1987-05-05","Mumbai","133428","Mumbai","Pondicherry"
"PERF63605698","2014-10-05","Ekdant","Sharma","Chaturvedi","F","1995-07-29","Kolkata","985013","Kolkata","Tripura"
"PERF56115699","2022-05-04","Prayag","Gupta","Khanna","F","2020-10-29","Hyderabad","997674","Hyderabad","Himachal Pradesh"
"PERF44485700","2016-09-21","Dhana","Marar","Achari","M","1989-12-05","Hyderabad","479979","Hyderabad","Bihar"
"PERF41455701","2014-03-25","Bharadwaj","Somayaji","Namboothiri","F","1950-11-18","Chennai","308882","Chennai","Pondicherry"
"PERF85515702","2023-04-25","Upendra","Iyer","Tandon","F","1942-10-06","Hyderabad","153300","Hyderabad","Andaman and Nicobar Islands"
"PERF64845703","2018-11-10","Bhasvan","Bhat","Panicker","F","1972-06-24","Kolkata","062300","Kolkata","Himachal Pradesh"
"PERF69025704","2022-12-23","Aasa","Kapoor","Malik","M","1970-08-08","Mumbai","105473","Mumbai","Chandigarh"
"PERF30745705","2019-11-24","Mangala","Panicker","Mahajan","M","1999-01-04","Bengaluru","899204","Bengaluru","Gujarat"
"PERF10925706","2020-06-24","Kannan","Tagore","Nayar","F","2011-10-16","Chennai","612305","Chennai","Tripura"
"PERF60195707","2020-06-23","Kashyapi","Bhattacharya","Ahluwalia","M","1992-11-25","Hyderabad","212803","Hyderabad","Rajasthan"
"PERF36585708","2021-02-10","Ekdant","Kocchar","Naik","M","1974-01-13","Mumbai","510899","Mumbai","Himachal Pradesh"
"PERF36985709","2016-09-22","Suryakant","Varma","Agarwal","M","1987-08-12","Bengaluru","542308","Bengaluru","Daman and Diu"
"PERF42035710","2022-04-12","Digambar","Butt","Ahluwalia","M","1942-03-08","Visakhapatnam","119957","Visakhapatnam","Manipur"
"PERF9155711","2020-12-14","Bilva","Ganaka","Nehru","F","2017-05-22","Hyderabad","286216","Hyderabad","Uttaranchal"
"PERF47595712","2015-10-24","Sarla","Varma","Mishra","M","1975-11-14","Chennai","923050","Chennai","Meghalaya"
"PERF33685713","2016-09-26","Bilwa","Verma","Mukhopadhyay","F","1998-08-05","Thiruvananthapuram","551568","Thiruvananthapuram","Rajasthan"
"PERF60235714","2023-01-30","Avantika","Joshi","Dwivedi","F","2004-10-11","Chennai","958270","Chennai","West Bengal"
"PERF50465715","2017-06-27","Suma","Pilla","Talwar","F","1945-07-03","Bengaluru","441869","Bengaluru","Jharkhand"
"PERF93415716","2018-03-29","Niro","Iyengar","Devar","F","1973-07-19","Mumbai","616005","Mumbai","Jharkhand"
"PERF58215717","2018-08-16","Aanand","Panicker","Embranthiri","F","1994-02-18","Thiruvananthapuram","496889","Thiruvananthapuram","Madya Pradesh"
"PERF54025718","2020-03-20","Alok","Somayaji","Marar","F","1935-03-09","Kolkata","592078","Kolkata","Mizoram"
"PERF60455719","2021-05-22","Anwesha","Khatri","Pilla","M","1945-01-29","Kolkata","244087","Kolkata","Punjab"
"PERF36745720","2021-04-17","Girija","Agarwal","Chattopadhyay","M","1966-12-25","Bengaluru","198571","Bengaluru","Maharashtra"
"PERF80605721","2014-04-21","Adripathi","Varma","Bhat","F","1962-07-17","Visakhapatnam","710935","Visakhapatnam","Maharashtra"
"PERF19725722","2022-05-14","Aayushman","Chattopadhyay","Ahuja","F","1949-10-20","Chennai","865887","Chennai","Kerala"
"PERF7165723","2016-02-28","Birjesh","Mishra","Pothuvaal","F","1974-07-25","Visakhapatnam","287854","Visakhapatnam","Jammu and Kashmir"
"PERF96825724","2021-08-19","Dinkar","Arora","Talwar","M","1956-10-04","Chennai","020153","Chennai","Chandigarh"
"PERF80335725","2018-06-08","Bela","Ganaka","Abbott","M","1951-07-28","Hyderabad","943197","Hyderabad","Goa"
"PERF62635726","2024-01-09","Akula","Devar","Singh","F","1988-11-01","Mumbai","084387","Mumbai","Mizoram"
"PERF47915727","2022-03-18","Deepankar","Mehrotra","Pilla","F","1931-10-04","New Delhi","610773","New Delhi","Rajasthan"
"PERF56885728","2021-09-03","Mandakini","Rana","Gowda","M","1961-10-13","New Delhi","786984","New Delhi","Pondicherry"
"PERF36585729","2014-07-13","Karunanidhi","Deshpande","Abbott","F","1962-06-26","New Delhi","669921","New Delhi","Lakshadweep"
"PERF17385730","2015-06-30","Suryakanta","Ahluwalia","Guha","M","1993-11-23","Chennai","880059","Chennai","West Bengal"
"PERF88565731","2019-03-28","Gurdev","Gill","Pothuvaal","M","2008-04-02","Hyderabad","810417","Hyderabad","Sikkim"
"PERF27065732","2020-09-08","Girik","Panicker","Kocchar","M","1941-01-19","New Delhi","983524","New Delhi","Pondicherry"
"PERF18815733","2017-09-11","Atmananda","Kaniyar","Marar","M","2023-01-25","Bengaluru","886030","Bengaluru","Meghalaya"
"PERF12205734","2020-02-26","Akula","Mukhopadhyay","Nambeesan","M","1938-06-11","Hyderabad","358454","Hyderabad","Madya Pradesh"
"PERF39755735","2018-04-23","Mohan","Asan","Gupta","M","1958-06-10","Kolkata","766176","Kolkata","Delhi"
"PERF42505736","2016-11-25","Aadrika","Prajapat","Butt","M","1958-04-16","Chennai","190434","Chennai","Himachal Pradesh"
"PERF28805737","2014-10-31","Shakuntala","Khatri","Pandey","M","2023-03-10","Bengaluru","338075","Bengaluru","Tripura"
"PERF58695738","2014-08-11","Upendra","Deshpande","Kaur","M","2011-03-27","Mumbai","590487","Mumbai","Haryana"
"PERF81605739","2019-03-17","Gautam","Kaniyar","Kakkar","M","2012-09-10","New Delhi","166561","New Delhi","Chandigarh"
"PERF42975740","2022-03-16","Gauranga","Khanna","Jha","F","1994-08-19","Kolkata","903535","Kolkata","Pondicherry"
"PERF76365741","2017-02-07","Charvi","Guha","Bandopadhyay","M","1950-11-24","Mumbai","055083","Mumbai","Kerala"
"PERF27215742","2018-11-13","Amrit","Varrier","Chaturvedi","F","1945-09-29","Thiruvananthapuram","575048","Thiruvananthapuram","Arunachal Pradesh"
"PERF41785743","2015-12-13","Kanaka","Embranthiri","Guha","F","1976-04-08","Chennai","895185","Chennai","Dadar and Nagar Haveli"
"PERF30355744","2018-12-13","Mani","Bhattacharya","Sinha","M","1973-11-04","Bengaluru","691324","Bengaluru","Uttaranchal"
"PERF95165745","2021-05-15","Aarya","Joshi","Varman","F","1949-07-03","Hyderabad","929741","Hyderabad","Himachal Pradesh"
"PERF6055746","2023-05-11","Arjun","Reddy","Khatri","M","2022-03-02","New Delhi","191354","New Delhi","Daman and Diu"
"PERF29235747","2021-07-06","Menka","Bharadwaj","Guneta","F","1942-09-16","Thiruvananthapuram","531477","Thiruvananthapuram","Pondicherry"
"PERF43665748","2014-04-07","Aagneya","Namboothiri","Talwar","M","1981-07-26","Hyderabad","970522","Hyderabad","Arunachal Pradesh"
"PERF56005749","2019-12-31","Rita","Marar","Bharadwaj","M","1966-11-27","Chennai","190061","Chennai","Punjab"
"PERF11855750","2017-01-15","Bhuvaneshwar","Singh","Varma","F","2018-03-16","Visakhapatnam","267136","Visakhapatnam","Andaman and Nicobar Islands"
"PERF41895751","2020-07-07","Vaishvi","Patel","Achari","F","2019-07-03","Hyderabad","908555","Hyderabad","Himachal Pradesh"
"PERF48035752","2023-08-02","Narayan","Patel","Mahajan","F","1949-08-11","New Delhi","616431","New Delhi","Chhattisgarh"
"PERF76115753","2019-01-13","Tej","Jha","Talwar","F","1995-06-22","Mumbai","177562","Mumbai","Uttaranchal"
"PERF95975754","2019-07-27","Arjun","Guha","Bhattathiri","F","1944-09-22","Mumbai","425084","Mumbai","Delhi"
"PERF50055755","2014-02-24","Mohini","Mukhopadhyay","Pothuvaal","M","2009-09-28","Bengaluru","330779","Bengaluru","Bihar"
"PERF61555756","2020-01-12","Kanti","Devar","Varma","F","1977-07-21","Kolkata","875942","Kolkata","Gujarat"
"PERF32585757","2017-12-08","Sheela","Embranthiri","Johar","F","1950-07-10","New Delhi","984431","New Delhi","Chhattisgarh"
"PERF17805758","2018-01-03","Dinkar","Shah","Dwivedi","M","1930-04-26","Hyderabad","997990","Hyderabad","Meghalaya"
"PERF69275759","2022-10-15","Dhanalakshmi","Gowda","Abbott","F","1974-02-05","Kolkata","796325","Kolkata","Daman and Diu"
"PERF33085760","2015-09-27","Anil","Trivedi","Dubashi","F","1955-05-22","Chennai","360134","Chennai","Dadar and Nagar Haveli"
"PERF66835761","2016-06-19","Suman","Kaur","Dutta","M","1971-10-09","Bengaluru","561108","Bengaluru","Jammu and Kashmir"
"PERF14205762","2019-03-13","Bheeshma","Pilla","Mishra","M","1994-09-22","Visakhapatnam","414866","Visakhapatnam","Madya Pradesh"
"PERF27805763","2018-08-03","Anwesha","Kaul","Saini","F","1972-07-05","Chennai","717839","Chennai","Andhra Pradesh"
"PERF26355764","2021-09-30","Avani","Naik","Mukhopadhyay","F","1983-07-31","Mumbai","473244","Mumbai","Chhattisgarh"
"PERF48785765","2017-04-05","Gotum","Kocchar","Naik","M","2022-04-10","Hyderabad","233699","Hyderabad","Lakshadweep"
"PERF42215766","2016-07-25","Sukanya","Joshi","Panicker","F","1974-12-01","Chennai","004320","Chennai","Jharkhand"
"PERF39335767","2023-08-21","Rajinder","Jha","Gandhi","M","1935-09-13","Bengaluru","819759","Bengaluru","Maharashtra"
"PERF40325768","2015-11-07","Rati","Menon","Trivedi","F","1984-10-11","Visakhapatnam","216347","Visakhapatnam","Meghalaya"
"PERF15125769","2021-10-08","Baalaaditya","Rana","Kapoor","M","2003-09-05","Mumbai","124398","Mumbai","Maharashtra"
"PERF51025770","2022-02-08","Gudakesha","Kaniyar","Patil","F","2022-04-20","Bengaluru","911760","Bengaluru","Mizoram"
"PERF78535771","2015-11-17","Devika","Achari","Embranthiri","F","1959-04-30","Mumbai","979997","Mumbai","Chhattisgarh"
"PERF40855772","2020-07-09","Aagney","Embranthiri","Sethi","F","1992-03-29","Bengaluru","106978","Bengaluru","Maharashtra"
"PERF44765773","2021-05-16","Suma","Rana","Somayaji","M","1982-02-05","Visakhapatnam","583745","Visakhapatnam","Punjab"
"PERF65565774","2014-06-04","Ekaaksh","Guneta","Jha","F","1938-05-28","Kolkata","373093","Kolkata","Maharashtra"
"PERF16125775","2022-01-09","Arun","Pilla","Trivedi","M","1973-02-19","Mumbai","757828","Mumbai","Rajasthan"
"PERF7125776","2023-05-27","Ekaling","Verma","Guha","F","1969-12-25","Visakhapatnam","293741","Visakhapatnam","Orissa"
"PERF30095777","2023-11-09","Rahul","Jha","Namboothiri","F","1944-01-01","New Delhi","971120","New Delhi","Goa"
"PERF95235778","2023-07-07","Divakar","Sethi","Ahuja","F","1933-08-10","Thiruvananthapuram","836341","Thiruvananthapuram","Assam"
"PERF62955779","2020-04-13","Abhaya","Talwar","Talwar","M","1961-03-10","Kolkata","974031","Kolkata","Uttar Pradesh"
"PERF98455780","2017-06-24","Bhishma","Marar","Namboothiri","F","1934-07-24","Hyderabad","380174","Hyderabad","Jharkhand"
"PERF15045781","2022-08-11","Swami","Butt","Kaniyar","F","2012-10-23","Kolkata","653084","Kolkata","Uttar Pradesh"
"PERF44845782","2018-05-13","Chandi","Gupta","Malik","M","2021-09-24","Chennai","600743","Chennai","Uttar Pradesh"
"PERF81455783","2023-05-14","Sloka","Butt","Patil","M","2015-10-09","Bengaluru","288380","Bengaluru","Chandigarh"
"PERF77255784","2019-09-16","Daevi","Ganaka","Jha","M","2016-08-22","Bengaluru","832308","Bengaluru","Himachal Pradesh"
"PERF82435785","2019-01-03","Chandrani","Chopra","Chattopadhyay","M","2016-04-29","Thiruvananthapuram","512523","Thiruvananthapuram","Bihar"
"PERF24945786","2017-05-30","Girja","Varman","Shukla","M","2016-03-16","Kolkata","216431","Kolkata","Rajasthan"
"PERF87665787","2023-07-16","Subhashini","Gill","Gupta","M","1955-05-24","New Delhi","080074","New Delhi","Bihar"
"PERF37635788","2014-09-19","Anusuya","Devar","Sethi","F","2017-10-05","Thiruvananthapuram","078437","Thiruvananthapuram","Meghalaya"
"PERF66165789","2019-05-17","Shresth","Tagore","Pandey","M","1960-06-11","Bengaluru","200058","Bengaluru","West Bengal"
"PERF80535790","2014-06-19","Chakor","Pandey","Sethi","F","2012-03-04","Chennai","631836","Chennai","Meghalaya"
"PERF43065791","2022-05-30","Anusuya","Malik","Sinha","M","2020-11-25","Thiruvananthapuram","295207","Thiruvananthapuram","Tamil Nadu"
"PERF88745792","2024-03-23","Tushar","Adiga","Kaul","M","1936-02-18","Hyderabad","679798","Hyderabad","Andhra Pradesh"
"PERF55165793","2015-10-20","Ekalavya","Patel","Reddy","M","1998-10-06","Chennai","928537","Chennai","Jharkhand"
"PERF43675794","2017-06-01","Satish","Verma","Ahuja","M","2020-09-19","Chennai","705785","Chennai","Himachal Pradesh"
"PERF74155795","2015-02-08","Aatmaja","Dwivedi","Ahluwalia","F","2002-12-26","Thiruvananthapuram","055528","Thiruvananthapuram","Manipur"
"PERF19455796","2017-09-20","Shantanu","Rana","Dubashi","M","1963-10-01","Kolkata","228009","Kolkata","Dadar and Nagar Haveli"
"PERF93775797","2020-07-08","Dipankar","Reddy","Nayar","M","1951-08-02","Thiruvananthapuram","725067","Thiruvananthapuram","Mizoram"
"PERF74745798","2023-08-08","Asha","Mukhopadhyay","Devar","F","1936-07-13","Mumbai","833649","Mumbai","Mizoram"
"PERF32705799","2014-10-28","Kumari","Mishra","Mukhopadhyay","F","1989-11-27","Hyderabad","634793","Hyderabad","Mizoram"
"PERF2485800","2019-06-17","Menaka","Menon","Chopra","M","1998-02-10","Hyderabad","847297","Hyderabad","Manipur"
"PERF45215801","2023-09-12","Chiranjeeve","Mahajan","Singh","M","1959-12-23","Mumbai","475931","Mumbai","Maharashtra"
"PERF21675802","2020-08-12","Divjot","Dhawan","Naik","M","1941-02-26","Mumbai","134053","Mumbai","Uttaranchal"
"PERF45545803","2016-08-21","Dipendra","Arora","Panicker","F","1957-01-22","Hyderabad","300837","Hyderabad","Rajasthan"
"PERF39045804","2019-04-05","Narinder","Bhattathiri","Jain","F","1999-03-17","Bengaluru","868711","Bengaluru","Tripura"
"PERF1695805","2024-04-26","Hiranya","Kaur","Khatri","M","1945-01-12","Visakhapatnam","486254","Visakhapatnam","Delhi"
"PERF42995806","2024-02-07","Sucheta","Somayaji","Nambeesan","M","1987-05-15","Thiruvananthapuram","391762","Thiruvananthapuram","Pondicherry"
"PERF83685807","2022-07-12","Kamala","Gupta","Reddy","M","2011-03-09","New Delhi","938509","New Delhi","Goa"
"PERF10395808","2017-04-21","Balachandra","Naik","Abbott","M","1949-10-18","Thiruvananthapuram","580511","Thiruvananthapuram","Orissa"
"PERF79595809","2018-11-21","Jagmeet","Marar","Khan","F","1964-07-30","New Delhi","524890","New Delhi","Jharkhand"
"PERF6825810","2023-08-11","Harit","Butt","Nayar","M","1980-08-03","Bengaluru","304345","Bengaluru","Chandigarh"
"PERF29225811","2023-04-12","Dhatri","Agarwal","Mehra","M","1960-07-24","New Delhi","673216","New Delhi","Tripura"
"PERF22425812","2018-08-10","Bandhul","Chopra","Varma","F","1973-10-03","Bengaluru","149486","Bengaluru","Jharkhand"
"PERF69095813","2018-08-14","Omana","Varrier","Verma","M","1951-01-26","Chennai","615013","Chennai","Assam"
"PERF42275814","2014-08-21","Dulari","Gupta","Dwivedi","F","1990-09-24","Hyderabad","894668","Hyderabad","Rajasthan"
"PERF65355815","2020-10-01","Param","Desai","Panicker","F","2009-01-04","New Delhi","508374","New Delhi","Rajasthan"
"PERF91145816","2016-04-03","Pramila","Namboothiri","Iyer","F","1981-10-16","Mumbai","483683","Mumbai","Uttaranchal"
"PERF76855817","2019-08-19","Bhushan","Patil","Kaur","M","1979-12-15","Thiruvananthapuram","582962","Thiruvananthapuram","Assam"
"PERF4395818","2023-03-07","Harit","Verma","Agarwal","F","1972-05-26","Visakhapatnam","516461","Visakhapatnam","Uttaranchal"
"PERF8775819","2016-04-12","Digambara","Pandey","Bhattathiri","F","2016-05-12","Mumbai","461249","Mumbai","Nagaland"
"PERF10975820","2023-02-22","Mahendra","Bharadwaj","Kocchar","M","1944-09-14","Bengaluru","548218","Bengaluru","Karnataka"
"PERF17235821","2014-05-03","Gopaal","Joshi","Ahluwalia","M","1972-10-06","Kolkata","038352","Kolkata","Tripura"
"PERF42025822","2021-01-08","Aarya","Bandopadhyay","Bharadwaj","F","1986-07-10","Chennai","162883","Chennai","Assam"
"PERF16015823","2019-08-21","Chandramohan","Gandhi","Singh","M","1976-02-18","Hyderabad","074149","Hyderabad","Uttaranchal"
"PERF53955824","2015-03-02","Jitender","Nambeesan","Kaul","M","1995-08-01","Kolkata","820549","Kolkata","Chandigarh"
"PERF54555825","2016-03-13","Gurdev","Patel","Mehrotra","F","1984-12-02","Thiruvananthapuram","868901","Thiruvananthapuram","Jharkhand"
"PERF41295826","2014-11-07","Shanti","Bhat","Arora","F","2020-01-18","Kolkata","396205","Kolkata","Andaman and Nicobar Islands"
"PERF29385827","2021-06-03","Gajaadhar","Nayar","Ahuja","F","2001-04-22","Hyderabad","195781","Hyderabad","Madya Pradesh"
"PERF455828","2015-03-09","Meghnad","Mukhopadhyay","Khanna","F","1998-12-01","Visakhapatnam","687481","Visakhapatnam","Jharkhand"
"PERF92005829","2020-02-02","Amaranaath","Varrier","Singh","M","2023-12-07","Chennai","411132","Chennai","Jammu and Kashmir"
"PERF91875830","2020-12-25","Vrinda","Embranthiri","Khanna","F","1961-07-05","Bengaluru","325790","Bengaluru","Sikkim"
"PERF46745831","2018-05-11","Karan","Arora","Kakkar","M","2019-08-08","Chennai","364228","Chennai","Goa"
"PERF63705832","2016-12-23","Triloki","Kaul","Saini","F","2008-04-27","Kolkata","266718","Kolkata","Punjab"
"PERF73955833","2018-02-28","Dhyaneshwar","Shah","Iyengar","F","1965-06-26","Visakhapatnam","313428","Visakhapatnam","Assam"
"PERF61695834","2019-02-03","Ekdant","Sinha","Marar","F","1932-02-07","Chennai","683106","Chennai","Goa"
"PERF10775835","2022-05-13","Vaishnavi","Bhat","Trivedi","M","1936-12-07","Visakhapatnam","252490","Visakhapatnam","Kerala"
"PERF59135836","2014-10-05","Achintya","Khan","Deshpande","F","1969-03-16","Bengaluru","349820","Bengaluru","Tripura"
"PERF37555837","2019-05-09","Chatur","Kocchar","Gupta","M","2001-10-08","Bengaluru","031336","Bengaluru","Haryana"
"PERF48625838","2018-08-09","Dhyaneshwar","Trivedi","Bandopadhyay","F","2007-06-01","Chennai","835061","Chennai","Bihar"
"PERF18245839","2021-01-21","Aanandaswarup","Varrier","Desai","M","1967-01-27","Bengaluru","424659","Bengaluru","Uttar Pradesh"
"PERF71055840","2015-04-02","Kalpana","Tandon","Adiga","F","2014-07-22","Chennai","517138","Chennai","Pondicherry"
"PERF16315841","2023-03-05","Adityanandan","Adiga","Iyer","M","1947-01-15","Hyderabad","393611","Hyderabad","Karnataka"
"PERF87845842","2022-04-09","Aagney","Chopra","Chattopadhyay","F","1955-04-25","Bengaluru","823441","Bengaluru","Andaman and Nicobar Islands"
"PERF98605843","2023-12-27","Jagathi","Kaniyar","Sharma","M","2005-01-29","Kolkata","710248","Kolkata","Chandigarh"
"PERF42625844","2017-10-28","Chaturaanan","Achari","Deshpande","M","1985-01-19","Thiruvananthapuram","373808","Thiruvananthapuram","Uttaranchal"
"PERF18155845","2014-12-11","Sachin","Gupta","Bhattacharya","F","1980-09-16","Kolkata","138251","Kolkata","Haryana"
"PERF98065846","2014-08-19","Chatura","Embranthiri","Iyer","M","1937-04-09","Bengaluru","219059","Bengaluru","Uttaranchal"
"PERF72975847","2016-01-29","Laal","Abbott","Bharadwaj","F","1990-08-10","Mumbai","607524","Mumbai","Rajasthan"
"PERF49375848","2019-02-08","Navin","Ganaka","Joshi","F","1980-12-21","New Delhi","342376","New Delhi","Madya Pradesh"
"PERF8315849","2021-11-17","Anasooya","Bharadwaj","Khatri","M","2001-01-11","Mumbai","358810","Mumbai","Assam"
"PERF54805850","2020-07-26","Deeptiman","Devar","Mishra","F","1978-03-25","New Delhi","570670","New Delhi","Manipur"
"PERF52125851","2023-01-10","Ekaparnika","Dutta","Bharadwaj","F","1972-05-14","Kolkata","256867","Kolkata","Tamil Nadu"
"PERF86055852","2016-11-24","Anunay","Gandhi","Marar","M","2005-08-19","Mumbai","307812","Mumbai","Maharashtra"
"PERF68685853","2022-12-10","Bhagwanti","Joshi","Bhattacharya","F","1990-03-15","Visakhapatnam","223682","Visakhapatnam","Himachal Pradesh"
"PERF98275854","2014-03-18","Kailash","Gill","Singh","F","1985-12-05","Hyderabad","553877","Hyderabad","Kerala"
"PERF53705855","2021-03-29","Kumar","Mehrotra","Nair","M","2016-03-08","Bengaluru","739068","Bengaluru","Gujarat"
"PERF44055856","2019-07-05","Aarya","Chaturvedi","Deshpande","F","1990-02-20","Kolkata","780714","Kolkata","Gujarat"
"PERF63555857","2020-01-22","Minakshi","Khan","Chattopadhyay","M","1953-09-28","Mumbai","582546","Mumbai","Gujarat"
"PERF515858","2016-08-31","Som","Agarwal","Malik","F","2018-02-21","Visakhapatnam","484593","Visakhapatnam","Lakshadweep"
"PERF65795859","2017-03-20","Chatura","Bhattacharya","Varrier","F","1995-11-30","New Delhi","021248","New Delhi","Arunachal Pradesh"
"PERF20245860","2020-07-02","Rageswari","Marar","Deshpande","M","1964-02-25","Kolkata","493094","Kolkata","Assam"
"PERF24455861","2024-03-11","Anjali","Dhawan","Trivedi","F","1949-05-20","Bengaluru","644299","Bengaluru","Haryana"
"PERF79365862","2022-06-06","Gautama","Sharma","Gandhi","M","1938-02-26","Mumbai","111101","Mumbai","Tripura"
"PERF41775863","2017-06-08","Siddarth","Nambeesan","Butt","M","1982-08-04","Thiruvananthapuram","347901","Thiruvananthapuram","Maharashtra"
"PERF81265864","2023-02-02","Rohana","Patel","Joshi","F","1952-01-29","Thiruvananthapuram","420282","Thiruvananthapuram","Meghalaya"
"PERF21505865","2016-04-01","Adityanandana","Somayaji","Mehra","M","2018-04-11","Visakhapatnam","734514","Visakhapatnam","Manipur"
"PERF36985866","2022-09-09","Manjusha","Bharadwaj","Namboothiri","M","1959-05-14","Bengaluru","564345","Bengaluru","Manipur"
"PERF92475867","2022-11-03","Jaya","Tagore","Dhawan","F","1947-09-30","Chennai","816286","Chennai","Andhra Pradesh"
"PERF33765868","2019-10-19","Tanushri","Bhattathiri","Iyengar","M","1944-01-07","Chennai","848082","Chennai","Kerala"
"PERF81945869","2017-11-07","Mandakini","Panicker","Namboothiri","M","1983-12-12","New Delhi","671716","New Delhi","Rajasthan"
"PERF36375870","2014-10-10","Amaresh","Dhawan","Varrier","F","1950-05-17","Visakhapatnam","144833","Visakhapatnam","Gujarat"
"PERF22195871","2016-02-28","Aishani","Chattopadhyay","Bhattathiri","M","1977-01-15","Bengaluru","705002","Bengaluru","Punjab"
"PERF5885872","2016-09-03","Ranjit","Tagore","Dwivedi","F","1959-06-02","Kolkata","985580","Kolkata","Jammu and Kashmir"
"PERF59915873","2022-06-29","Acharyasuta","Mahajan","Nayar","M","1983-12-17","Chennai","325349","Chennai","Manipur"
"PERF2305874","2014-11-30","Anilabh","Shah","Butt","M","1998-12-16","Chennai","322895","Chennai","Rajasthan"
"PERF48855875","2018-04-07","Kalpana","Singh","Guha","M","2010-07-14","Chennai","929452","Chennai","Kerala"
"PERF22725876","2023-11-05","Ghanshyam","Iyer","Khanna","F","1959-08-10","Kolkata","689646","Kolkata","Tamil Nadu"
"PERF5265877","2016-08-08","Chandrabhan","Kakkar","Pandey","M","1963-10-24","Mumbai","437274","Mumbai","Assam"
"PERF57815878","2017-03-18","Mina","Kaniyar","Ahluwalia","F","1931-09-15","New Delhi","344452","New Delhi","Jammu and Kashmir"
"PERF98865879","2021-08-08","Aanandaswarup","Singh","Mukhopadhyay","F","1980-04-02","Hyderabad","592794","Hyderabad","Delhi"
"PERF4595880","2019-12-02","Chaturaanan","Dhawan","Kapoor","M","1960-07-09","New Delhi","153657","New Delhi","Karnataka"
"PERF16675881","2024-06-09","Aanjaneya","Patel","Pothuvaal","F","1932-08-10","Bengaluru","331797","Bengaluru","Uttaranchal"
"PERF64505882","2022-02-24","Jyotis","Bhat","Somayaji","M","2023-12-03","Bengaluru","559538","Bengaluru","Orissa"
"PERF17385883","2014-04-26","Subodh","Kaniyar","Varman","M","1934-05-19","Kolkata","035086","Kolkata","Lakshadweep"
"PERF21115884","2022-08-29","Archan","Mehra","Johar","M","1986-11-03","Kolkata","439267","Kolkata","Dadar and Nagar Haveli"
"PERF40015885","2024-03-31","Soma","Bandopadhyay","Kaul","F","1947-04-02","Mumbai","125332","Mumbai","Assam"
"PERF82565886","2020-12-02","Jagdeep","Sinha","Guha","F","1937-03-12","Chennai","007872","Chennai","Rajasthan"
"PERF93435887","2020-03-23","Prathamesh","Iyengar","Patil","F","1952-02-05","Visakhapatnam","127892","Visakhapatnam","Uttar Pradesh"
"PERF46425888","2019-09-27","Guru","Varma","Dwivedi","M","1939-05-30","Bengaluru","334393","Bengaluru","Maharashtra"
"PERF51765889","2019-12-02","Subhasini","Asan","Panicker","F","2018-06-24","Bengaluru","709930","Bengaluru","Uttar Pradesh"
"PERF41025890","2024-04-29","Amish","Swarup","Chopra","F","1951-07-23","Chennai","709133","Chennai","Haryana"
"PERF4525891","2016-12-06","Kalpana","Bhattacharya","Jain","M","1979-08-15","Thiruvananthapuram","500957","Thiruvananthapuram","Nagaland"
"PERF24735892","2020-04-08","Goswamee","Dhawan","Shah","F","1995-04-27","Chennai","332680","Chennai","Pondicherry"
"PERF10955893","2023-09-13","Anjaneya","Arora","Saini","F","1985-08-24","Hyderabad","043124","Hyderabad","Arunachal Pradesh"
"PERF63455894","2020-01-19","Trilochana","Khanna","Tagore","M","1989-10-10","Bengaluru","383807","Bengaluru","Chhattisgarh"
"PERF42275895","2018-10-10","Eshana","Kaul","Ahuja","M","2018-05-02","New Delhi","224966","New Delhi","Sikkim"
"PERF26045896","2024-02-13","Amodini","Mehra","Jha","M","1939-06-02","Mumbai","074339","Mumbai","Uttaranchal"
"PERF75385897","2016-03-30","Ekdant","Swarup","Kaul","M","1969-01-24","Visakhapatnam","854874","Visakhapatnam","Pondicherry"
"PERF5645898","2015-02-08","Mohana","Nair","Achari","F","1960-02-16","Chennai","352294","Chennai","Assam"
"PERF7935899","2023-03-28","Ekaaksh","Pillai","Namboothiri","F","1936-12-08","Chennai","516059","Chennai","Karnataka"
"PERF41025900","2023-08-24","Vaidehi","Johar","Ganaka","F","1982-02-21","Kolkata","696600","Kolkata","Arunachal Pradesh"
"PERF67025901","2022-08-11","Gopee","Marar","Nehru","M","2015-12-18","Bengaluru","294862","Bengaluru","Kerala"
"PERF39055902","2016-02-26","Deepan","Jha","Ahuja","M","2009-01-04","Bengaluru","503177","Bengaluru","Nagaland"
"PERF71695903","2015-06-25","Adityanandan","Tandon","Kaur","F","1937-08-07","Visakhapatnam","808108","Visakhapatnam","Tripura"
"PERF49465904","2017-01-21","Jagadish","Prajapat","Mahajan","M","1945-07-21","Bengaluru","126296","Bengaluru","Nagaland"
"PERF38245905","2021-07-06","Balaaditya","Ganaka","Desai","M","2016-11-18","Kolkata","812338","Kolkata","Nagaland"
"PERF71655906","2021-02-21","Enakshi","Joshi","Mukhopadhyay","M","1931-01-23","Kolkata","968838","Kolkata","Meghalaya"
"PERF7175907","2019-12-08","Bhardwaj","Varman","Saini","M","2005-10-22","Chennai","793318","Chennai","Bihar"
"PERF3035908","2018-08-23","Lakshmi","Pillai","Gowda","M","1962-03-12","Hyderabad","532001","Hyderabad","Pondicherry"
"PERF84835909","2024-07-04","Aashritha","Nair","Achari","F","1939-12-28","Visakhapatnam","144325","Visakhapatnam","Uttaranchal"
"PERF65525910","2021-04-06","Alok","Iyengar","Nehru","M","1977-04-17","Mumbai","866759","Mumbai","Dadar and Nagar Haveli"
"PERF73265911","2019-05-13","Bhooshit","Somayaji","Banerjee","F","1952-05-17","Visakhapatnam","573912","Visakhapatnam","Rajasthan"
"PERF57425912","2022-04-07","Dhananjay","Nayar","Asan","F","1958-05-06","Thiruvananthapuram","151525","Thiruvananthapuram","Chhattisgarh"
"PERF71685913","2016-12-14","Vidya","Prajapat","Dhawan","M","2021-09-20","Thiruvananthapuram","206439","Thiruvananthapuram","Jharkhand"
"PERF15555914","2016-10-12","Aagneya","Acharya","Iyengar","F","2007-11-10","Chennai","450115","Chennai","Assam"
"PERF38155915","2018-01-05","Sher","Somayaji","Jain","M","2010-02-28","New Delhi","964646","New Delhi","Andaman and Nicobar Islands"
"PERF52325916","2022-09-15","Brijesh","Tagore","Kaniyar","M","1988-05-23","Chennai","267679","Chennai","Meghalaya"
"PERF14765917","2023-10-16","Surya","Tandon","Nayar","F","1967-01-24","Bengaluru","031440","Bengaluru","Chandigarh"
"PERF17785918","2015-01-23","Deepali","Prajapat","Nehru","F","1989-08-14","Visakhapatnam","072408","Visakhapatnam","Jammu and Kashmir"
"PERF15505919","2015-09-08","Kanti","Banerjee","Sinha","F","1981-03-12","Kolkata","183681","Kolkata","Pondicherry"
"PERF62175920","2024-03-14","Trilochana","Somayaji","Achari","M","1967-05-09","Thiruvananthapuram","451637","Thiruvananthapuram","Himachal Pradesh"
"PERF66065921","2017-11-09","Bilwa","Mishra","Devar","M","2013-07-11","Kolkata","379930","Kolkata","Chandigarh"
"PERF11925922","2024-02-24","Hiranya","Saini","Banerjee","F","1966-12-15","Hyderabad","240110","Hyderabad","Orissa"
"PERF66365923","2020-11-07","Eshana","Prajapat","Jain","F","1970-06-25","Hyderabad","113484","Hyderabad","Andaman and Nicobar Islands"
"PERF3525924","2018-01-29","Sharda","Chopra","Nambeesan","F","1996-01-17","Bengaluru","407648","Bengaluru","Tamil Nadu"
"PERF50705925","2022-12-02","Sarada","Namboothiri","Mehrotra","F","1995-09-25","Bengaluru","736739","Bengaluru","Haryana"
"PERF3995926","2017-03-06","Akroor","Deshpande","Pilla","F","1982-09-03","Chennai","133485","Chennai","Tamil Nadu"
"PERF3775927","2018-11-07","Rajan","Shukla","Verma","M","1978-03-05","Visakhapatnam","136590","Visakhapatnam","Maharashtra"
"PERF92125928","2018-08-28","Vyas","Embranthiri","Guneta","F","1949-10-21","Chennai","252191","Chennai","Assam"
"PERF38165929","2016-09-08","Arya","Khanna","Kapoor","F","1938-04-15","Hyderabad","717955","Hyderabad","Himachal Pradesh"
"PERF44295930","2016-03-27","Sarisha","Dutta","Panicker","F","2004-10-05","Thiruvananthapuram","059283","Thiruvananthapuram","West Bengal"
"PERF11695931","2018-05-21","Ananda","Kaul","Mishra","F","1986-02-21","Chennai","605053","Chennai","Tripura"
"PERF20895932","2018-01-27","Vidur","Deshpande","Varrier","F","2000-10-31","Hyderabad","518543","Hyderabad","Assam"
"PERF72955933","2019-04-13","Lakshmi","Acharya","Guha","M","1990-08-28","Hyderabad","958090","Hyderabad","Punjab"
"PERF11685934","2018-04-24","Anaadi","Menon","Bharadwaj","M","1934-12-08","Mumbai","419333","Mumbai","Meghalaya"
"PERF96665935","2021-11-24","Aruna","Nambeesan","Mahajan","F","1935-02-15","Bengaluru","997990","Bengaluru","Meghalaya"
"PERF68025936","2022-05-25","Suryakanta","Prajapat","Pothuvaal","F","1941-04-19","Hyderabad","941640","Hyderabad","Tamil Nadu"
"PERF94035937","2014-05-05","Gouranga","Nehru","Namboothiri","F","2008-11-01","Thiruvananthapuram","251396","Thiruvananthapuram","Assam"
"PERF78445938","2024-05-23","Bhoj","Nair","Dutta","F","1931-08-12","Thiruvananthapuram","212627","Thiruvananthapuram","Assam"
"PERF46205939","2022-12-27","Hiranmaya","Prajapat","Tagore","F","1945-01-08","Chennai","794343","Chennai","Chandigarh"
"PERF38935940","2019-02-13","Ashok","Verma","Bhat","M","2000-02-08","Hyderabad","860833","Hyderabad","Chandigarh"
"PERF81165941","2016-11-06","Atreyee","Bandopadhyay","Rana","M","1986-09-02","Chennai","221768","Chennai","Bihar"
"PERF28885942","2022-04-23","Somu","Mehrotra","Pillai","M","1985-05-12","Hyderabad","519314","Hyderabad","Dadar and Nagar Haveli"
"PERF2415943","2021-11-07","Gudakesha","Shah","Nair","F","1997-05-25","Chennai","745811","Chennai","West Bengal"
"PERF20675944","2016-02-07","Bhupen","Jain","Kaniyar","F","1939-01-31","Hyderabad","239342","Hyderabad","Manipur"
"PERF65825945","2016-09-16","Harinarayan","Malik","Kaul","F","1994-07-12","Mumbai","719161","Mumbai","Uttaranchal"
"PERF10695946","2021-08-21","Anuraag","Jha","Pillai","M","1951-05-21","Mumbai","197886","Mumbai","Uttaranchal"
"PERF9955947","2023-01-30","Jaya","Tagore","Acharya","F","1998-08-01","New Delhi","262062","New Delhi","Punjab"
"PERF56625948","2018-12-21","Damayanti","Nambeesan","Dwivedi","F","1950-08-02","Thiruvananthapuram","394228","Thiruvananthapuram","Punjab"
"PERF94525949","2018-11-05","Dipesh","Varma","Achari","M","1978-01-13","Mumbai","640200","Mumbai","Orissa"
"PERF3595950","2018-08-14","Javas","Mahajan","Devar","F","2024-02-09","New Delhi","943078","New Delhi","Jharkhand"
"PERF33215951","2015-01-02","Somnath","Ganaka","Shukla","F","2005-11-15","Chennai","171462","Chennai","Andaman and Nicobar Islands"
"PERF92265952","2019-03-14","Tanushri","Marar","Abbott","F","1933-07-07","Thiruvananthapuram","026279","Thiruvananthapuram","Goa"
"PERF28375953","2023-09-22","Chandrakala","Varman","Jha","F","1962-12-27","Visakhapatnam","896098","Visakhapatnam","Goa"
"PERF59475954","2022-01-07","Aayushmaan","Arora","Talwar","M","1949-08-13","Thiruvananthapuram","378029","Thiruvananthapuram","Andhra Pradesh"
"PERF31795955","2017-09-28","Bankimchandra","Somayaji","Desai","M","1975-10-09","Thiruvananthapuram","341346","Thiruvananthapuram","Lakshadweep"
"PERF19335956","2021-04-12","Anal","Kocchar","Bharadwaj","F","1950-08-22","Thiruvananthapuram","469088","Thiruvananthapuram","Arunachal Pradesh"
"PERF62425957","2019-12-25","Gauranga","Khanna","Nehru","F","2024-02-01","Chennai","772936","Chennai","Delhi"
"PERF95365958","2019-03-10","Tanushree","Khanna","Somayaji","F","1947-06-15","Mumbai","294603","Mumbai","Nagaland"
"PERF6415959","2023-06-14","Meena","Kakkar","Mukhopadhyay","F","2022-07-08","Chennai","371573","Chennai","Gujarat"
"PERF15515960","2014-12-16","Girija","Varman","Nehru","M","1943-03-09","New Delhi","799611","New Delhi","Maharashtra"
"PERF1825961","2019-01-20","Mohinder","Saini","Mehrotra","F","2013-05-05","Mumbai","311099","Mumbai","Delhi"
"PERF47195962","2023-07-01","Chidaatma","Kaul","Khatri","F","1948-01-04","Bengaluru","587503","Bengaluru","Kerala"
"PERF95775963","2018-07-19","Govinda","Talwar","Kocchar","M","1956-04-28","Thiruvananthapuram","960766","Thiruvananthapuram","Nagaland"
"PERF45555964","2019-11-03","Chakor","Khanna","Ahuja","M","2010-03-31","Mumbai","187945","Mumbai","Jharkhand"
"PERF73015965","2014-08-31","Tara","Gupta","Pandey","F","1983-10-28","New Delhi","854456","New Delhi","Lakshadweep"
"PERF365966","2018-01-24","Omana","Pandey","Iyengar","F","1958-01-28","New Delhi","331400","New Delhi","Himachal Pradesh"
"PERF52315967","2015-02-10","Kanti","Bharadwaj","Menon","F","1996-11-25","Kolkata","275225","Kolkata","Pondicherry"
"PERF91965968","2019-12-15","Manjusha","Marar","Chaturvedi","M","2005-12-07","New Delhi","857112","New Delhi","Chandigarh"
"PERF27755969","2018-12-04","Dhruv","Panicker","Pandey","F","2013-11-25","Kolkata","061158","Kolkata","Pondicherry"
"PERF33235970","2018-11-22","Acharyasuta","Talwar","Sethi","F","1976-01-09","New Delhi","589199","New Delhi","Uttar Pradesh"
"PERF98595971","2018-09-06","Bankim","Patil","Pandey","M","1998-10-18","Mumbai","660495","Mumbai","Gujarat"
"PERF67215972","2018-12-05","Meghnad","Dubashi","Chattopadhyay","M","2001-01-16","Visakhapatnam","604746","Visakhapatnam","Chandigarh"
"PERF38595973","2015-11-12","Laal","Gandhi","Gowda","F","1998-05-19","Hyderabad","399865","Hyderabad","Tripura"
"PERF20675974","2017-05-26","Narayan","Embranthiri","Jha","M","1934-01-28","Visakhapatnam","580270","Visakhapatnam","Rajasthan"
"PERF16715975","2017-05-28","Aatmaj","Verma","Somayaji","F","1988-01-28","Thiruvananthapuram","105301","Thiruvananthapuram","Daman and Diu"
"PERF10195976","2023-06-25","Bankimchandra","Ganaka","Kaur","F","1990-08-15","Chennai","379016","Chennai","Haryana"
"PERF89175977","2018-05-15","Minakshi","Singh","Pillai","M","1996-07-25","Chennai","867239","Chennai","Assam"
"PERF90395978","2017-10-26","Gita","Talwar","Achari","M","1967-04-05","Chennai","095103","Chennai","Arunachal Pradesh"
"PERF28625979","2020-06-04","Vaishno","Joshi","Patil","F","1960-07-26","Mumbai","842745","Mumbai","Arunachal Pradesh"
"PERF40115980","2021-10-02","Dhruv","Pillai","Prajapat","M","2008-02-22","Bengaluru","261363","Bengaluru","Punjab"
"PERF81045981","2014-07-18","Urmila","Reddy","Panicker","M","1951-02-11","Bengaluru","736980","Bengaluru","Delhi"
"PERF41135982","2018-09-22","Yoginder","Banerjee","Chaturvedi","F","1933-06-24","New Delhi","911837","New Delhi","Daman and Diu"
"PERF36475983","2014-06-09","Agrata","Dutta","Abbott","M","1997-06-16","Hyderabad","898881","Hyderabad","Gujarat"
"PERF97495984","2015-04-13","Buddhana","Kocchar","Mishra","M","1994-08-16","Kolkata","381565","Kolkata","Tripura"
"PERF33095985","2023-12-07","Malati","Arora","Talwar","F","2018-05-22","Mumbai","867236","Mumbai","Rajasthan"
"PERF21425986","2022-12-30","Devadatt","Embranthiri","Ahluwalia","M","1938-07-09","New Delhi","120938","New Delhi","Chhattisgarh"
"PERF73615987","2023-05-13","Manjusha","Saini","Butt","M","1980-05-21","Hyderabad","913099","Hyderabad","Arunachal Pradesh"
"PERF1925988","2016-12-07","Gorakhnath","Agarwal","Menon","F","1999-10-03","Hyderabad","028088","Hyderabad","Tripura"
"PERF71395989","2023-06-10","Devesh","Somayaji","Abbott","F","1943-12-25","Mumbai","940627","Mumbai","Arunachal Pradesh"
"PERF41425990","2017-05-17","Gorakhnath","Reddy","Mehrotra","F","1974-09-06","Kolkata","507118","Kolkata","Haryana"
"PERF22535991","2018-04-15","Durgeshwari","Bhattathiri","Naik","M","1939-04-23","Bengaluru","907634","Bengaluru","Andhra Pradesh"
"PERF83075992","2020-04-02","Lakshman","Panicker","Khatri","M","1995-01-08","Hyderabad","660819","Hyderabad","Chhattisgarh"
"PERF50225993","2020-11-13","Priya","Pillai","Trivedi","F","2023-04-26","Thiruvananthapuram","333565","Thiruvananthapuram","Uttar Pradesh"
"PERF53215994","2019-12-20","Balamani","Adiga","Bharadwaj","M","1985-10-25","Hyderabad","711510","Hyderabad","Gujarat"
"PERF165995","2018-02-14","Nawal","Chopra","Achari","F","1976-05-13","Bengaluru","585193","Bengaluru","Meghalaya"
"PERF63465996","2014-03-08","Shashikala","Somayaji","Asan","M","1965-08-29","Bengaluru","829994","Bengaluru","Assam"
"PERF97295997","2024-04-30","Suresh","Abbott","Bhattacharya","F","1980-03-24","Hyderabad","030608","Hyderabad","Delhi"
"PERF67315998","2015-03-17","Agasti","Trivedi","Varrier","F","1976-10-25","Mumbai","527103","Mumbai","Andhra Pradesh"
"PERF26785999","2021-03-19","Naveen","Asan","Gupta","F","2017-10-10","Kolkata","523981","Kolkata","Rajasthan"
"PERF38566000","2024-06-18","Dharani","Patel","Acharya","F","2014-09-28","Mumbai","273195","Mumbai","Sikkim"
"PERF49646001","2017-06-22","Chidambaram","Kakkar","Shukla","M","1992-09-02","Visakhapatnam","820142","Visakhapatnam","Rajasthan"
"PERF24826002","2019-10-05","Dulari","Arora","Nayar","M","2001-09-29","Visakhapatnam","027108","Visakhapatnam","Meghalaya"
"PERF26576003","2016-05-04","Akshaj","Chattopadhyay","Jha","F","1977-12-07","Hyderabad","139434","Hyderabad","Himachal Pradesh"
"PERF81646004","2020-09-11","Pramila","Mahajan","Khatri","F","2007-06-07","Bengaluru","813562","Bengaluru","Tamil Nadu"
"PERF25276005","2017-11-29","Govinda","Tandon","Khatri","F","1936-04-21","New Delhi","001833","New Delhi","Meghalaya"
"PERF52916006","2021-12-22","Amodini","Khan","Bandopadhyay","F","1980-09-18","Visakhapatnam","116569","Visakhapatnam","Dadar and Nagar Haveli"
"PERF10406007","2016-10-02","Mani","Verma","Singh","F","2003-05-21","Thiruvananthapuram","438837","Thiruvananthapuram","Orissa"
"PERF27246008","2018-09-11","Shivakari","Reddy","Asan","M","1992-02-13","Mumbai","816273","Mumbai","Tripura"
"PERF31016009","2017-03-04","Sujata","Butt","Gupta","M","1991-01-12","Chennai","005441","Chennai","Delhi"
"PERF78016010","2015-04-13","Chaten","Jain","Singh","F","2022-04-22","Chennai","609608","Chennai","Jharkhand"
"PERF35296011","2023-04-27","Trilokesh","Jain","Gupta","M","1932-12-19","Hyderabad","267665","Hyderabad","Meghalaya"
