{
    "name": "All Requests",
    "numberOfRequests": {
        "total": 59819,
        "ok": 58481,
        "ko": 1338
    },
    "minResponseTime": {
        "total": 36,
        "ok": 36,
        "ko": 1313
    },
    "maxResponseTime": {
        "total": 60616,
        "ok": 59845,
        "ko": 60616
    },
    "meanResponseTime": {
        "total": 2271,
        "ok": 1421,
        "ko": 39419
    },
    "standardDeviation": {
        "total": 7685,
        "ok": 3779,
        "ko": 24593
    },
    "percentiles1": {
        "total": 420,
        "ok": 384,
        "ko": 60001
    },
    "percentiles2": {
        "total": 1187,
        "ok": 1099,
        "ko": 60002
    },
    "percentiles3": {
        "total": 8301,
        "ok": 5666,
        "ko": 60004
    },
    "percentiles4": {
        "total": 60001,
        "ok": 17697,
        "ko": 60008
    },
    "group1": {
    "name": "t < 800 ms",
    "count": 39131,
    "percentage": 65
},
    "group2": {
    "name": "t ≥ 800 ms <br> t < 1200 ms",
    "count": 5859,
    "percentage": 10
},
    "group3": {
    "name": "t ≥ 1200 ms",
    "count": 13491,
    "percentage": 23
},
    "group4": {
    "name": "failed",
    "count": 1338,
    "percentage": 2
},
    "meanNumberOfRequestsPerSecond": {
        "total": 33.28825820812465,
        "ok": 32.543683917640514,
        "ko": 0.7445742904841403
    }
}